income,No Response,Responded,Total,Response Rate (%)
308450.16,3.0,7.0,10.0,70.0
320345.96,6.0,4.0,10.0,40.0
321944.95,4.0,6.0,10.0,60.0
323640.24,6.0,4.0,10.0,40.0
325706.43,5.0,5.0,10.0,50.0
328697.21,5.0,5.0,10.0,50.0
330893.21,8.0,2.0,10.0,20.0
334920.96,4.0,6.0,10.0,60.0
341970.32,3.0,7.0,10.0,70.0
344415.81,4.0,6.0,10.0,60.0
356218.63,4.0,6.0,10.0,60.0
358000.89,6.0,4.0,10.0,40.0
360936.62,4.0,6.0,10.0,60.0
365417.68,3.0,7.0,10.0,70.0
373462.53,5.0,5.0,10.0,50.0
373593.05,7.0,3.0,10.0,30.0
373826.66,8.0,2.0,10.0,20.0
376522.36,6.0,4.0,10.0,40.0
385683.53,4.0,6.0,10.0,60.0
389886.25,5.0,5.0,10.0,50.0
392646.35,6.0,4.0,10.0,40.0
401996.45,5.0,5.0,10.0,50.0
402460.86,6.0,4.0,10.0,40.0
408928.6,5.0,5.0,10.0,50.0
420957.76,5.0,5.0,10.0,50.0
426074.71,6.0,4.0,10.0,40.0
426505.71,5.0,5.0,10.0,50.0
435169.82,7.0,3.0,10.0,30.0
439240.6,6.0,4.0,10.0,40.0
444850.01,6.0,4.0,10.0,40.0
458016.61,2.0,8.0,10.0,80.0
471796.92,3.0,7.0,10.0,70.0
472476.51,4.0,6.0,10.0,60.0
485286.1,5.0,5.0,10.0,50.0
487186.25,6.0,4.0,10.0,40.0
487345.69,4.0,6.0,10.0,60.0
493613.23,4.0,6.0,10.0,60.0
504611.8,5.0,5.0,10.0,50.0
507912.63,6.0,4.0,10.0,40.0
518551.7,3.0,7.0,10.0,70.0
528693.22,7.0,3.0,10.0,30.0
530447.4,4.0,6.0,10.0,60.0
535376.92,5.0,5.0,10.0,50.0
544802.36,6.0,4.0,10.0,40.0
548575.14,8.0,2.0,10.0,20.0
555394.97,5.0,5.0,10.0,50.0
556328.66,7.0,3.0,10.0,30.0
567383.24,4.0,6.0,10.0,60.0
570076.26,5.0,5.0,10.0,50.0
572663.86,5.0,5.0,10.0,50.0
578064.16,7.0,3.0,10.0,30.0
582170.98,4.0,6.0,10.0,60.0
583082.43,3.0,7.0,10.0,70.0
585290.88,7.0,3.0,10.0,30.0
595862.69,6.0,4.0,10.0,40.0
596065.36,5.0,5.0,10.0,50.0
596572.52,4.0,6.0,10.0,60.0
597679.42,8.0,2.0,10.0,20.0
610481.69,4.0,6.0,10.0,60.0
616267.24,3.0,7.0,10.0,70.0
618635.47,5.0,5.0,10.0,50.0
620429.4,4.0,6.0,10.0,60.0
622050.26,4.0,6.0,10.0,60.0
622500.71,5.0,5.0,10.0,50.0
625045.76,4.0,6.0,10.0,60.0
627155.88,5.0,5.0,10.0,50.0
628876.91,5.0,5.0,10.0,50.0
633039.64,4.0,6.0,10.0,60.0
652726.6,6.0,4.0,10.0,40.0
659373.18,4.0,6.0,10.0,60.0
671401.34,3.0,7.0,10.0,70.0
671826.06,5.0,5.0,10.0,50.0
676186.76,8.0,2.0,10.0,20.0
680507.5,7.0,3.0,10.0,30.0
685276.36,8.0,2.0,10.0,20.0
687797.78,5.0,5.0,10.0,50.0
690530.16,6.0,4.0,10.0,40.0
721208.56,7.0,3.0,10.0,30.0
724978.17,3.0,7.0,10.0,70.0
725603.91,3.0,7.0,10.0,70.0
728636.18,6.0,4.0,10.0,40.0
730865.09,7.0,3.0,10.0,30.0
734580.78,7.0,3.0,10.0,30.0
737225.2,4.0,6.0,10.0,60.0
737765.79,5.0,5.0,10.0,50.0
738181.48,4.0,6.0,10.0,60.0
740367.63,2.0,8.0,10.0,80.0
756460.48,9.0,1.0,10.0,10.0
759310.66,6.0,4.0,10.0,40.0
776714.23,4.0,6.0,10.0,60.0
778964.54,5.0,5.0,10.0,50.0
780487.65,7.0,3.0,10.0,30.0
782728.65,2.0,8.0,10.0,80.0
785047.21,5.0,5.0,10.0,50.0
785449.44,4.0,6.0,10.0,60.0
791381.98,6.0,4.0,10.0,40.0
796032.69,6.0,4.0,10.0,40.0
801825.73,3.0,7.0,10.0,70.0
808091.29,6.0,4.0,10.0,40.0
812172.32,3.0,7.0,10.0,70.0
815141.57,5.0,5.0,10.0,50.0
816508.95,1.0,9.0,10.0,90.0
821181.93,8.0,2.0,10.0,20.0
827883.43,4.0,6.0,10.0,60.0
831365.81,5.0,5.0,10.0,50.0
833721.09,4.0,6.0,10.0,60.0
835032.79,5.0,5.0,10.0,50.0
837746.14,2.0,8.0,10.0,80.0
840900.75,4.0,6.0,10.0,60.0
844734.95,3.0,7.0,10.0,70.0
848376.9,6.0,4.0,10.0,40.0
849511.47,7.0,3.0,10.0,30.0
855573.53,6.0,4.0,10.0,40.0
856722.34,4.0,6.0,10.0,60.0
867503.8,3.0,7.0,10.0,70.0
869657.16,4.0,6.0,10.0,60.0
875880.0,4.0,6.0,10.0,60.0
894135.02,4.0,6.0,10.0,60.0
895765.16,8.0,2.0,10.0,20.0
897895.29,4.0,6.0,10.0,60.0
902530.9,5.0,5.0,10.0,50.0
908208.0,5.0,5.0,10.0,50.0
909924.78,2.0,8.0,10.0,80.0
910564.09,8.0,2.0,10.0,20.0
913792.98,4.0,6.0,10.0,60.0
915762.18,5.0,5.0,10.0,50.0
916354.08,3.0,7.0,10.0,70.0
921865.69,5.0,5.0,10.0,50.0
930235.93,4.0,6.0,10.0,60.0
933241.22,3.0,7.0,10.0,70.0
936800.77,3.0,7.0,10.0,70.0
945616.72,6.0,4.0,10.0,40.0
947976.3,4.0,6.0,10.0,60.0
950473.11,5.0,5.0,10.0,50.0
955828.26,4.0,6.0,10.0,60.0
957767.79,3.0,7.0,10.0,70.0
958061.77,8.0,2.0,10.0,20.0
959742.26,3.0,7.0,10.0,70.0
971409.41,7.0,3.0,10.0,30.0
978453.22,6.0,4.0,10.0,40.0
979817.25,5.0,5.0,10.0,50.0
984117.8,6.0,4.0,10.0,40.0
985893.66,5.0,5.0,10.0,50.0
992563.62,5.0,5.0,10.0,50.0
996803.99,5.0,5.0,10.0,50.0
997121.85,4.0,6.0,10.0,60.0
997168.98,7.0,3.0,10.0,30.0
999615.09,3.0,7.0,10.0,70.0
1003318.9,6.0,4.0,10.0,40.0
1009839.34,6.0,4.0,10.0,40.0
1010337.38,6.0,4.0,10.0,40.0
1024418.12,6.0,4.0,10.0,40.0
1030605.18,3.0,7.0,10.0,70.0
1039579.56,5.0,5.0,10.0,50.0
1039826.52,5.0,5.0,10.0,50.0
1040231.27,3.0,7.0,10.0,70.0
1041410.11,5.0,5.0,10.0,50.0
1056251.13,6.0,4.0,10.0,40.0
1057306.96,7.0,3.0,10.0,30.0
1063759.62,6.0,4.0,10.0,40.0
1065381.99,4.0,6.0,10.0,60.0
1067366.63,6.0,4.0,10.0,40.0
1092588.74,4.0,6.0,10.0,60.0
1094228.29,7.0,3.0,10.0,30.0
1095499.74,2.0,8.0,10.0,80.0
1097039.74,6.0,4.0,10.0,40.0
1101663.88,3.0,7.0,10.0,70.0
1102240.12,2.0,8.0,10.0,80.0
1111026.88,7.0,3.0,10.0,30.0
1112531.17,4.0,6.0,10.0,60.0
1114043.09,5.0,5.0,10.0,50.0
1116923.68,6.0,4.0,10.0,40.0
1122559.91,5.0,5.0,10.0,50.0
1125765.57,4.0,6.0,10.0,60.0
1127671.73,6.0,4.0,10.0,40.0
1130054.2,5.0,5.0,10.0,50.0
1140673.79,2.0,8.0,10.0,80.0
1140729.32,6.0,4.0,10.0,40.0
1141220.07,4.0,6.0,10.0,60.0
1145134.61,4.0,6.0,10.0,60.0
1149271.32,5.0,5.0,10.0,50.0
1153537.57,8.0,2.0,10.0,20.0
1162393.77,5.0,5.0,10.0,50.0
1164265.14,5.0,5.0,10.0,50.0
1170091.16,4.0,6.0,10.0,60.0
1184367.48,3.0,7.0,10.0,70.0
1193370.24,3.0,7.0,10.0,70.0
1194926.6,7.0,3.0,10.0,30.0
1195710.54,5.0,5.0,10.0,50.0
1197714.86,3.0,7.0,10.0,70.0
1200598.21,4.0,6.0,10.0,60.0
1204964.51,5.0,5.0,10.0,50.0
1211347.42,2.0,8.0,10.0,80.0
1211873.23,4.0,6.0,10.0,60.0
1226249.09,6.0,4.0,10.0,40.0
1227177.47,5.0,5.0,10.0,50.0
1236319.9,6.0,4.0,10.0,40.0
1258290.91,2.0,8.0,10.0,80.0
1258804.25,5.0,5.0,10.0,50.0
1264230.2,2.0,8.0,10.0,80.0
1265467.87,6.0,4.0,10.0,40.0
1265826.1,6.0,4.0,10.0,40.0
1266087.24,3.0,7.0,10.0,70.0
1267187.05,5.0,5.0,10.0,50.0
1271759.19,2.0,8.0,10.0,80.0
1272200.87,6.0,4.0,10.0,40.0
1286252.73,7.0,3.0,10.0,30.0
1292715.55,4.0,6.0,10.0,60.0
1296963.3,4.0,6.0,10.0,60.0
1299975.23,6.0,4.0,10.0,40.0
1301825.27,3.0,7.0,10.0,70.0
1304612.31,6.0,4.0,10.0,40.0
1327260.83,6.0,4.0,10.0,40.0
1328402.03,7.0,3.0,10.0,30.0
1329321.33,6.0,4.0,10.0,40.0
1329904.42,6.0,4.0,10.0,40.0
1336690.86,4.0,6.0,10.0,60.0
1337397.09,5.0,5.0,10.0,50.0
1337703.46,7.0,3.0,10.0,30.0
1337746.72,4.0,6.0,10.0,60.0
1339630.98,5.0,5.0,10.0,50.0
1353950.88,5.0,5.0,10.0,50.0
1356604.42,3.0,7.0,10.0,70.0
1361605.12,4.0,6.0,10.0,60.0
1363097.05,3.0,7.0,10.0,70.0
1363588.91,6.0,4.0,10.0,40.0
1369309.97,6.0,4.0,10.0,40.0
1369504.8,6.0,4.0,10.0,40.0
1371121.9,3.0,7.0,10.0,70.0
1375944.75,6.0,4.0,10.0,40.0
1381539.24,6.0,4.0,10.0,40.0
1383528.79,6.0,4.0,10.0,40.0
1386928.95,4.0,6.0,10.0,60.0
1397091.89,4.0,6.0,10.0,60.0
1403848.45,4.0,6.0,10.0,60.0
1407503.33,6.0,4.0,10.0,40.0
1416909.07,6.0,4.0,10.0,40.0
1421291.81,2.0,8.0,10.0,80.0
1423593.26,6.0,4.0,10.0,40.0
1425940.53,7.0,3.0,10.0,30.0
1431900.02,8.0,2.0,10.0,20.0
1443587.43,6.0,4.0,10.0,40.0
1444773.82,5.0,5.0,10.0,50.0
1449391.82,4.0,6.0,10.0,60.0
1461662.3,4.0,6.0,10.0,60.0
1464595.96,3.0,7.0,10.0,70.0
1468994.61,5.0,5.0,10.0,50.0
1469186.24,5.0,5.0,10.0,50.0
1478242.34,5.0,5.0,10.0,50.0
1495762.35,7.0,3.0,10.0,30.0
1496234.73,4.0,6.0,10.0,60.0
1511752.89,5.0,5.0,10.0,50.0
1515663.7,9.0,1.0,10.0,10.0
1522734.68,7.0,3.0,10.0,30.0
1522783.93,5.0,5.0,10.0,50.0
1537585.53,2.0,8.0,10.0,80.0
1537928.54,5.0,5.0,10.0,50.0
1549333.48,3.0,7.0,10.0,70.0
1551408.33,4.0,6.0,10.0,60.0
1552676.91,5.0,5.0,10.0,50.0
1562970.61,7.0,3.0,10.0,30.0
1564692.82,6.0,4.0,10.0,40.0
1566273.91,6.0,4.0,10.0,40.0
1573463.81,3.0,7.0,10.0,70.0
1574912.4,5.0,5.0,10.0,50.0
1578308.8,3.0,7.0,10.0,70.0
1579030.41,4.0,6.0,10.0,60.0
1582795.97,3.0,7.0,10.0,70.0
1584815.18,6.0,4.0,10.0,40.0
1592414.31,3.0,7.0,10.0,70.0
1593520.44,5.0,5.0,10.0,50.0
1594024.98,3.0,7.0,10.0,70.0
1595553.72,4.0,6.0,10.0,60.0
1607806.09,2.0,8.0,10.0,80.0
1611330.06,7.0,3.0,10.0,30.0
1631495.99,3.0,7.0,10.0,70.0
1634863.64,7.0,3.0,10.0,30.0
1642211.33,3.0,7.0,10.0,70.0
1651901.68,5.0,5.0,10.0,50.0
1655351.63,4.0,6.0,10.0,60.0
1659279.68,4.0,6.0,10.0,60.0
1661980.24,5.0,5.0,10.0,50.0
1664702.73,1.0,9.0,10.0,90.0
1668978.34,4.0,6.0,10.0,60.0
1672822.57,5.0,5.0,10.0,50.0
1675383.08,4.0,6.0,10.0,60.0
1686070.48,3.0,7.0,10.0,70.0
1686398.81,4.0,6.0,10.0,60.0
1689047.64,6.0,4.0,10.0,40.0
1689117.29,8.0,2.0,10.0,20.0
1692358.38,6.0,4.0,10.0,40.0
1694526.78,7.0,3.0,10.0,30.0
1697783.04,3.0,7.0,10.0,70.0
1701550.59,3.0,7.0,10.0,70.0
1707080.14,5.0,5.0,10.0,50.0
1709986.28,8.0,2.0,10.0,20.0
1710160.66,7.0,3.0,10.0,30.0
1711848.29,5.0,5.0,10.0,50.0
1716348.34,6.0,4.0,10.0,40.0
1720081.93,6.0,4.0,10.0,40.0
1724983.72,6.0,4.0,10.0,40.0
1734054.84,6.0,4.0,10.0,40.0
1736674.8,4.0,6.0,10.0,60.0
1748001.12,5.0,5.0,10.0,50.0
1748814.24,5.0,5.0,10.0,50.0
1749260.98,5.0,5.0,10.0,50.0
1754499.11,5.0,5.0,10.0,50.0
1758685.93,7.0,3.0,10.0,30.0
1763474.53,5.0,5.0,10.0,50.0
1768509.83,4.0,6.0,10.0,60.0
1769760.13,3.0,7.0,10.0,70.0
1785852.8,3.0,7.0,10.0,70.0
1788387.67,7.0,3.0,10.0,30.0
1793461.72,5.0,5.0,10.0,50.0
1797818.91,3.0,7.0,10.0,70.0
1800787.05,3.0,7.0,10.0,70.0
1806978.93,4.0,6.0,10.0,60.0
1813854.54,4.0,6.0,10.0,60.0
1816505.53,4.0,6.0,10.0,60.0
1833382.37,7.0,3.0,10.0,30.0
1835579.89,5.0,5.0,10.0,50.0
1836692.66,4.0,6.0,10.0,60.0
1838314.33,6.0,4.0,10.0,40.0
1841629.52,5.0,5.0,10.0,50.0
1852541.39,2.0,8.0,10.0,80.0
1859062.26,6.0,4.0,10.0,40.0
1860271.34,4.0,6.0,10.0,60.0
1864658.85,8.0,2.0,10.0,20.0
1867777.28,5.0,5.0,10.0,50.0
1868823.61,5.0,5.0,10.0,50.0
1884427.24,6.0,4.0,10.0,40.0
1891172.11,5.0,5.0,10.0,50.0
1892978.61,5.0,5.0,10.0,50.0
1894640.0,5.0,5.0,10.0,50.0
1895835.3,3.0,7.0,10.0,70.0
1897413.64,5.0,5.0,10.0,50.0
1898824.72,7.0,3.0,10.0,30.0
1901567.51,7.0,3.0,10.0,30.0
1902211.11,3.0,7.0,10.0,70.0
1906990.41,5.0,5.0,10.0,50.0
1908936.98,7.0,3.0,10.0,30.0
1915659.75,4.0,6.0,10.0,60.0
1920571.72,5.0,5.0,10.0,50.0
1922564.93,6.0,4.0,10.0,40.0
1926234.27,5.0,5.0,10.0,50.0
1943394.59,6.0,4.0,10.0,40.0
1946495.25,4.0,6.0,10.0,60.0
1951771.86,5.0,5.0,10.0,50.0
1952270.82,5.0,5.0,10.0,50.0
1952906.1,5.0,5.0,10.0,50.0
1958620.64,6.0,4.0,10.0,40.0
1959700.02,6.0,4.0,10.0,40.0
1969012.48,4.0,6.0,10.0,60.0
1970277.23,5.0,5.0,10.0,50.0
1983738.71,5.0,5.0,10.0,50.0
1986085.53,6.0,4.0,10.0,40.0
1987826.92,4.0,6.0,10.0,60.0
1992582.31,2.0,8.0,10.0,80.0
1993440.93,5.0,5.0,10.0,50.0
1995895.93,7.0,3.0,10.0,30.0
1997287.09,2.0,8.0,10.0,80.0
2004072.26,5.0,5.0,10.0,50.0
2011707.42,6.0,4.0,10.0,40.0
2015573.03,6.0,4.0,10.0,40.0
2019347.56,3.0,7.0,10.0,70.0
2021743.82,4.0,6.0,10.0,60.0
2026474.3,6.0,4.0,10.0,40.0
2036345.37,1.0,9.0,10.0,90.0
2047665.71,7.0,3.0,10.0,30.0
2055379.88,6.0,4.0,10.0,40.0
2057284.69,7.0,3.0,10.0,30.0
2069362.89,6.0,4.0,10.0,40.0
2079596.68,5.0,5.0,10.0,50.0
2083440.58,7.0,3.0,10.0,30.0
2087776.72,6.0,4.0,10.0,40.0
2088852.94,4.0,6.0,10.0,60.0
2089110.2,7.0,3.0,10.0,30.0
2095419.25,6.0,4.0,10.0,40.0
2099155.31,6.0,4.0,10.0,40.0
2099888.48,5.0,5.0,10.0,50.0
2111670.85,7.0,3.0,10.0,30.0
2114570.14,5.0,5.0,10.0,50.0
2116858.65,6.0,4.0,10.0,40.0
2118840.69,6.0,4.0,10.0,40.0
2121377.45,5.0,5.0,10.0,50.0
2133331.29,5.0,5.0,10.0,50.0
2151347.45,6.0,4.0,10.0,40.0
2156493.83,9.0,1.0,10.0,10.0
2159299.14,7.0,3.0,10.0,30.0
2163333.64,5.0,5.0,10.0,50.0
2166114.24,6.0,4.0,10.0,40.0
2168171.62,5.0,5.0,10.0,50.0
2170760.02,5.0,5.0,10.0,50.0
2171209.83,4.0,6.0,10.0,60.0
2174100.57,6.0,4.0,10.0,40.0
2182733.62,3.0,7.0,10.0,70.0
2183654.32,5.0,5.0,10.0,50.0
2183837.43,3.0,7.0,10.0,70.0
2186519.3,5.0,5.0,10.0,50.0
2187660.63,5.0,5.0,10.0,50.0
2190703.83,3.0,7.0,10.0,70.0
2190814.49,4.0,6.0,10.0,60.0
2199262.6,6.0,4.0,10.0,40.0
2205193.75,4.0,6.0,10.0,60.0
2206724.12,6.0,4.0,10.0,40.0
2213532.74,5.0,5.0,10.0,50.0
2226899.51,3.0,7.0,10.0,70.0
2233290.99,4.0,6.0,10.0,60.0
2236374.17,8.0,2.0,10.0,20.0
2236643.22,6.0,4.0,10.0,40.0
2242516.42,5.0,5.0,10.0,50.0
2245471.8,5.0,5.0,10.0,50.0
2253422.21,4.0,6.0,10.0,60.0
2257652.05,8.0,2.0,10.0,20.0
2258845.16,6.0,4.0,10.0,40.0
2270403.66,1.0,9.0,10.0,90.0
2272370.18,7.0,3.0,10.0,30.0
2284151.84,6.0,4.0,10.0,40.0
2290640.83,2.0,8.0,10.0,80.0
2293386.02,3.0,7.0,10.0,70.0
2303486.01,5.0,5.0,10.0,50.0
2312118.72,5.0,5.0,10.0,50.0
2312296.49,4.0,6.0,10.0,60.0
2327219.67,5.0,5.0,10.0,50.0
2329685.35,7.0,3.0,10.0,30.0
2333305.95,8.0,2.0,10.0,20.0
2335217.66,4.0,6.0,10.0,60.0
2340559.76,6.0,4.0,10.0,40.0
2342449.67,5.0,5.0,10.0,50.0
2360558.19,3.0,7.0,10.0,70.0
2363628.55,5.0,5.0,10.0,50.0
2366779.99,3.0,7.0,10.0,70.0
2367523.89,5.0,5.0,10.0,50.0
2369047.73,7.0,3.0,10.0,30.0
2376626.91,4.0,6.0,10.0,60.0
2376650.6,4.0,6.0,10.0,60.0
2376743.44,6.0,4.0,10.0,40.0
2378151.06,4.0,6.0,10.0,60.0
2395793.98,4.0,6.0,10.0,60.0
2401220.16,6.0,4.0,10.0,40.0
2415542.94,4.0,6.0,10.0,60.0
2421984.86,4.0,6.0,10.0,60.0
2435440.67,2.0,8.0,10.0,80.0
2440063.39,3.0,7.0,10.0,70.0
2455320.95,5.0,5.0,10.0,50.0
2457289.4,1.0,9.0,10.0,90.0
2462331.77,3.0,7.0,10.0,70.0
2463738.09,4.0,6.0,10.0,60.0
2467946.46,7.0,3.0,10.0,30.0
2471963.83,5.0,5.0,10.0,50.0
2476397.08,6.0,4.0,10.0,40.0
2479634.78,2.0,8.0,10.0,80.0
2479674.95,4.0,6.0,10.0,60.0
2492421.07,5.0,5.0,10.0,50.0
2500896.76,2.0,8.0,10.0,80.0
2501157.53,1.0,9.0,10.0,90.0
2503683.41,7.0,3.0,10.0,30.0
2508588.65,7.0,3.0,10.0,30.0
2511353.87,6.0,4.0,10.0,40.0
2516842.7,4.0,6.0,10.0,60.0
2523854.5,8.0,2.0,10.0,20.0
2533525.5,2.0,8.0,10.0,80.0
2533827.18,4.0,6.0,10.0,60.0
2538432.72,5.0,5.0,10.0,50.0
2563028.96,5.0,5.0,10.0,50.0
2563204.67,4.0,6.0,10.0,60.0
2569840.65,3.0,7.0,10.0,70.0
2572466.05,1.0,9.0,10.0,90.0
2573060.51,7.0,3.0,10.0,30.0
2582610.01,2.0,8.0,10.0,80.0
2596446.83,4.0,6.0,10.0,60.0
2598314.47,4.0,6.0,10.0,60.0
2599302.97,3.0,7.0,10.0,70.0
2601317.52,5.0,5.0,10.0,50.0
2603432.38,8.0,2.0,10.0,20.0
2605752.4,6.0,4.0,10.0,40.0
2609794.31,6.0,4.0,10.0,40.0
2611092.4,7.0,3.0,10.0,30.0
2611111.64,8.0,2.0,10.0,20.0
2613999.78,5.0,5.0,10.0,50.0
2615524.86,4.0,6.0,10.0,60.0
2617336.06,5.0,5.0,10.0,50.0
2620450.15,5.0,5.0,10.0,50.0
2630335.3,6.0,4.0,10.0,40.0
2632745.05,1.0,9.0,10.0,90.0
2632867.15,4.0,6.0,10.0,60.0
2636155.84,4.0,6.0,10.0,60.0
2638849.75,6.0,4.0,10.0,40.0
2644790.57,6.0,4.0,10.0,40.0
2646386.92,0.0,10.0,10.0,100.0
2652243.66,3.0,7.0,10.0,70.0
2653058.87,2.0,8.0,10.0,80.0
2656426.32,6.0,4.0,10.0,40.0
2661633.5,5.0,5.0,10.0,50.0
2665647.28,6.0,4.0,10.0,40.0
2670000.99,6.0,4.0,10.0,40.0
2685441.56,2.0,8.0,10.0,80.0
2686015.55,2.0,8.0,10.0,80.0
2690139.56,5.0,5.0,10.0,50.0
2691698.47,7.0,3.0,10.0,30.0
2694773.58,3.0,7.0,10.0,70.0
2700783.07,5.0,5.0,10.0,50.0
2712218.4,6.0,4.0,10.0,40.0
2715080.21,6.0,4.0,10.0,40.0
2721819.1,7.0,3.0,10.0,30.0
2727569.82,4.0,6.0,10.0,60.0
2728148.08,6.0,4.0,10.0,40.0
2734401.43,8.0,2.0,10.0,20.0
2736665.14,3.0,7.0,10.0,70.0
2739768.49,4.0,6.0,10.0,60.0
2740863.74,5.0,5.0,10.0,50.0
2750820.71,4.0,6.0,10.0,60.0
2752209.71,4.0,6.0,10.0,60.0
2756513.17,6.0,4.0,10.0,40.0
2756830.94,0.0,10.0,10.0,100.0
2759349.64,5.0,5.0,10.0,50.0
2759586.33,4.0,6.0,10.0,60.0
2759776.93,2.0,8.0,10.0,80.0
2762719.12,7.0,3.0,10.0,30.0
2764601.75,4.0,6.0,10.0,60.0
2782413.68,7.0,3.0,10.0,30.0
2785559.94,4.0,6.0,10.0,60.0
2788331.77,6.0,4.0,10.0,40.0
2790128.1,7.0,3.0,10.0,30.0
2792712.43,5.0,5.0,10.0,50.0
2793617.14,6.0,4.0,10.0,40.0
2801997.2,3.0,7.0,10.0,70.0
2803780.87,4.0,6.0,10.0,60.0
2806067.36,5.0,5.0,10.0,50.0
2811526.79,5.0,5.0,10.0,50.0
2818845.38,5.0,5.0,10.0,50.0
2830537.78,5.0,5.0,10.0,50.0
2833193.26,5.0,5.0,10.0,50.0
2834226.9,7.0,3.0,10.0,30.0
2834651.57,3.0,7.0,10.0,70.0
2837373.0,4.0,6.0,10.0,60.0
2840971.14,7.0,3.0,10.0,30.0
2843468.47,4.0,6.0,10.0,60.0
2845262.44,5.0,5.0,10.0,50.0
2847985.63,5.0,5.0,10.0,50.0
2849459.14,5.0,5.0,10.0,50.0
2850272.36,5.0,5.0,10.0,50.0
2855447.98,4.0,6.0,10.0,60.0
2858893.09,4.0,6.0,10.0,60.0
2859276.34,6.0,4.0,10.0,40.0
2864274.36,7.0,3.0,10.0,30.0
2868767.75,8.0,2.0,10.0,20.0
2881402.19,4.0,6.0,10.0,60.0
2884837.69,4.0,6.0,10.0,60.0
2885382.31,6.0,4.0,10.0,40.0
2885752.84,4.0,6.0,10.0,60.0
2893978.36,5.0,5.0,10.0,50.0
2894011.86,6.0,4.0,10.0,40.0
2894590.97,6.0,4.0,10.0,40.0
2898464.51,7.0,3.0,10.0,30.0
2905286.95,5.0,5.0,10.0,50.0
2910098.22,6.0,4.0,10.0,40.0
2918515.75,7.0,3.0,10.0,30.0
2919499.4,4.0,6.0,10.0,60.0
2921194.46,5.0,5.0,10.0,50.0
2926315.15,7.0,3.0,10.0,30.0
2926346.84,6.0,4.0,10.0,40.0
2927741.0,6.0,4.0,10.0,40.0
2936167.83,7.0,3.0,10.0,30.0
2939911.89,5.0,5.0,10.0,50.0
2946780.1,5.0,5.0,10.0,50.0
2950603.54,7.0,3.0,10.0,30.0
2950657.04,4.0,6.0,10.0,60.0
2958557.17,4.0,6.0,10.0,60.0
2966082.81,7.0,3.0,10.0,30.0
2978010.71,6.0,4.0,10.0,40.0
2978293.33,3.0,7.0,10.0,70.0
2987448.92,3.0,7.0,10.0,70.0
2988091.92,2.0,8.0,10.0,80.0
2988509.23,4.0,6.0,10.0,60.0
2992623.2,6.0,4.0,10.0,40.0
2998101.83,5.0,5.0,10.0,50.0
2998270.02,4.0,6.0,10.0,60.0
3001616.07,4.0,6.0,10.0,60.0
3002322.78,5.0,5.0,10.0,50.0
3006068.06,7.0,3.0,10.0,30.0
3007044.95,4.0,6.0,10.0,60.0
3008856.06,5.0,5.0,10.0,50.0
3009849.2,5.0,5.0,10.0,50.0
3020919.57,5.0,5.0,10.0,50.0
3021141.57,7.0,3.0,10.0,30.0
3021971.75,5.0,5.0,10.0,50.0
3025639.9,4.0,6.0,10.0,60.0
3026219.21,6.0,4.0,10.0,40.0
3029621.95,5.0,5.0,10.0,50.0
3044734.47,7.0,3.0,10.0,30.0
3045631.12,6.0,4.0,10.0,40.0
3045634.69,6.0,4.0,10.0,40.0
3051239.87,5.0,5.0,10.0,50.0
3058103.34,4.0,6.0,10.0,60.0
3058337.17,7.0,3.0,10.0,30.0
3067652.94,7.0,3.0,10.0,30.0
3068065.73,4.0,6.0,10.0,60.0
3073770.21,2.0,8.0,10.0,80.0
3079672.86,6.0,4.0,10.0,40.0
3084630.71,5.0,5.0,10.0,50.0
3096706.98,6.0,4.0,10.0,40.0
3101554.82,4.0,6.0,10.0,60.0
3110297.82,6.0,4.0,10.0,40.0
3131530.5,6.0,4.0,10.0,40.0
3137512.35,6.0,4.0,10.0,40.0
3140687.21,6.0,4.0,10.0,40.0
3142456.7,7.0,3.0,10.0,30.0
3145309.37,6.0,4.0,10.0,40.0
3145901.78,3.0,7.0,10.0,70.0
3148955.64,4.0,6.0,10.0,60.0
3160679.74,7.0,3.0,10.0,30.0
3168230.47,5.0,5.0,10.0,50.0
3169282.17,5.0,5.0,10.0,50.0
3173149.58,6.0,4.0,10.0,40.0
3176652.6,6.0,4.0,10.0,40.0
3178101.5,4.0,6.0,10.0,60.0
3180057.05,4.0,6.0,10.0,60.0
3185919.23,7.0,3.0,10.0,30.0
3199616.48,5.0,5.0,10.0,50.0
3206241.99,1.0,9.0,10.0,90.0
3211724.15,3.0,7.0,10.0,70.0
3212969.96,6.0,4.0,10.0,40.0
3228733.45,7.0,3.0,10.0,30.0
3233587.67,6.0,4.0,10.0,40.0
3244600.98,2.0,8.0,10.0,80.0
3256418.63,8.0,2.0,10.0,20.0
3258394.82,5.0,5.0,10.0,50.0
3259873.5,6.0,4.0,10.0,40.0
3269730.76,5.0,5.0,10.0,50.0
3280140.37,5.0,5.0,10.0,50.0
3284768.33,3.0,7.0,10.0,70.0
3287716.89,7.0,3.0,10.0,30.0
3298986.95,2.0,8.0,10.0,80.0
3301044.06,8.0,2.0,10.0,20.0
3303048.67,3.0,7.0,10.0,70.0
3305782.77,6.0,4.0,10.0,40.0
3311941.16,5.0,5.0,10.0,50.0
3314169.47,6.0,4.0,10.0,40.0
3320879.46,5.0,5.0,10.0,50.0
3324418.34,4.0,6.0,10.0,60.0
3329502.01,5.0,5.0,10.0,50.0
3342118.4,7.0,3.0,10.0,30.0
3342335.18,3.0,7.0,10.0,70.0
3345989.28,6.0,4.0,10.0,40.0
3349296.17,3.0,7.0,10.0,70.0
3351389.16,7.0,3.0,10.0,30.0
3362223.02,9.0,1.0,10.0,10.0
3363252.22,1.0,9.0,10.0,90.0
3365567.66,6.0,4.0,10.0,40.0
3370681.77,6.0,4.0,10.0,40.0
3383472.65,5.0,5.0,10.0,50.0
3386045.94,5.0,5.0,10.0,50.0
3387579.27,2.0,8.0,10.0,80.0
3390727.73,3.0,7.0,10.0,70.0
3393960.26,9.0,1.0,10.0,10.0
3395715.95,7.0,3.0,10.0,30.0
3396787.84,3.0,7.0,10.0,70.0
3399231.83,3.0,7.0,10.0,70.0
3402774.37,2.0,8.0,10.0,80.0
3403752.28,6.0,4.0,10.0,40.0
3404245.88,6.0,4.0,10.0,40.0
3406142.55,3.0,7.0,10.0,70.0
3406320.34,4.0,6.0,10.0,60.0
3409150.3,6.0,4.0,10.0,40.0
3410201.79,5.0,5.0,10.0,50.0
3416098.86,5.0,5.0,10.0,50.0
3420113.03,4.0,6.0,10.0,60.0
3425168.34,6.0,4.0,10.0,40.0
3426006.96,6.0,4.0,10.0,40.0
3433747.23,8.0,2.0,10.0,20.0
3434151.37,7.0,3.0,10.0,30.0
3434396.65,5.0,5.0,10.0,50.0
3436387.17,4.0,6.0,10.0,60.0
3437101.76,3.0,7.0,10.0,70.0
3437615.34,6.0,4.0,10.0,40.0
3440610.04,7.0,3.0,10.0,30.0
3440824.74,6.0,4.0,10.0,40.0
3447712.08,6.0,4.0,10.0,40.0
3449115.48,5.0,5.0,10.0,50.0
3456675.72,5.0,5.0,10.0,50.0
3466380.21,5.0,5.0,10.0,50.0
3467914.59,1.0,9.0,10.0,90.0
3478589.17,6.0,4.0,10.0,40.0
3480124.56,4.0,6.0,10.0,60.0
3483532.25,7.0,3.0,10.0,30.0
3485275.35,4.0,6.0,10.0,60.0
3488048.97,5.0,5.0,10.0,50.0
3488447.74,5.0,5.0,10.0,50.0
3496512.26,2.0,8.0,10.0,80.0
3501519.49,4.0,6.0,10.0,60.0
3502778.9,3.0,7.0,10.0,70.0
3503128.9,5.0,5.0,10.0,50.0
3508832.66,8.0,2.0,10.0,20.0
3516678.0,7.0,3.0,10.0,30.0
3521818.51,3.0,7.0,10.0,70.0
3524546.01,3.0,7.0,10.0,70.0
3529145.95,5.0,5.0,10.0,50.0
3542778.9,4.0,6.0,10.0,60.0
3544319.12,4.0,6.0,10.0,60.0
3545863.9,6.0,4.0,10.0,40.0
3551071.91,3.0,7.0,10.0,70.0
3551399.63,6.0,4.0,10.0,40.0
3551543.25,2.0,8.0,10.0,80.0
3552721.91,6.0,4.0,10.0,40.0
3556012.37,7.0,3.0,10.0,30.0
3561945.71,5.0,5.0,10.0,50.0
3563266.28,2.0,8.0,10.0,80.0
3571004.84,5.0,5.0,10.0,50.0
3588748.32,4.0,6.0,10.0,60.0
3593349.35,7.0,3.0,10.0,30.0
3593413.83,4.0,6.0,10.0,60.0
3596227.38,3.0,7.0,10.0,70.0
3598555.47,6.0,4.0,10.0,40.0
3605658.73,4.0,6.0,10.0,60.0
3608286.9,2.0,8.0,10.0,80.0
3611779.54,7.0,3.0,10.0,30.0
3614141.02,3.0,7.0,10.0,70.0
3634863.63,3.0,7.0,10.0,70.0
3634976.17,5.0,5.0,10.0,50.0
3642140.75,4.0,6.0,10.0,60.0
3651610.1,6.0,4.0,10.0,40.0
3652835.66,6.0,4.0,10.0,40.0
3653660.85,2.0,8.0,10.0,80.0
3663898.99,6.0,4.0,10.0,40.0
3670834.15,4.0,6.0,10.0,60.0
3682052.67,7.0,3.0,10.0,30.0
3685201.6,4.0,6.0,10.0,60.0
3693371.53,3.0,7.0,10.0,70.0
3695430.52,7.0,3.0,10.0,30.0
3700828.48,6.0,4.0,10.0,40.0
3701548.18,6.0,4.0,10.0,40.0
3710269.51,5.0,5.0,10.0,50.0
3715016.01,2.0,8.0,10.0,80.0
3742577.68,6.0,4.0,10.0,40.0
3751497.22,7.0,3.0,10.0,30.0
3753909.52,3.0,7.0,10.0,70.0
3756023.66,4.0,6.0,10.0,60.0
3756660.7,4.0,6.0,10.0,60.0
3759146.88,4.0,6.0,10.0,60.0
3767414.97,6.0,4.0,10.0,40.0
3771441.87,4.0,6.0,10.0,60.0
3775614.66,7.0,3.0,10.0,30.0
3779959.36,6.0,4.0,10.0,40.0
3782440.55,6.0,4.0,10.0,40.0
3785959.49,5.0,5.0,10.0,50.0
3789801.18,4.0,6.0,10.0,60.0
3797786.67,5.0,5.0,10.0,50.0
3802980.68,5.0,5.0,10.0,50.0
3803113.64,3.0,7.0,10.0,70.0
3805281.07,7.0,3.0,10.0,30.0
3805282.68,4.0,6.0,10.0,60.0
3810209.23,5.0,5.0,10.0,50.0
3811307.74,5.0,5.0,10.0,50.0
3816993.96,3.0,7.0,10.0,70.0
3824071.2,6.0,4.0,10.0,40.0
3825796.11,6.0,4.0,10.0,40.0
3825869.59,4.0,6.0,10.0,60.0
3837978.1,7.0,3.0,10.0,30.0
3840467.32,6.0,4.0,10.0,40.0
3841333.09,4.0,6.0,10.0,60.0
3849746.42,4.0,6.0,10.0,60.0
3853736.05,4.0,6.0,10.0,60.0
3859469.96,5.0,5.0,10.0,50.0
3864677.34,6.0,4.0,10.0,40.0
3866394.63,4.0,6.0,10.0,60.0
3868803.77,6.0,4.0,10.0,40.0
3870053.5,5.0,5.0,10.0,50.0
3871422.6,4.0,6.0,10.0,60.0
3874129.48,6.0,4.0,10.0,40.0
3887153.42,7.0,3.0,10.0,30.0
3887246.95,2.0,8.0,10.0,80.0
3891556.21,7.0,3.0,10.0,30.0
3900069.17,5.0,5.0,10.0,50.0
3901046.87,7.0,3.0,10.0,30.0
3904707.3,5.0,5.0,10.0,50.0
3907588.91,5.0,5.0,10.0,50.0
3912035.38,6.0,4.0,10.0,40.0
3914168.69,3.0,7.0,10.0,70.0
3915073.39,8.0,2.0,10.0,20.0
3917823.76,6.0,4.0,10.0,40.0
3918438.39,4.0,6.0,10.0,60.0
3930660.16,7.0,3.0,10.0,30.0
3936978.14,2.0,8.0,10.0,80.0
3948209.18,5.0,5.0,10.0,50.0
3957182.98,6.0,4.0,10.0,40.0
3958064.59,5.0,5.0,10.0,50.0
3965183.37,4.0,6.0,10.0,60.0
3969770.04,5.0,5.0,10.0,50.0
3971282.71,7.0,3.0,10.0,30.0
3979648.76,3.0,7.0,10.0,70.0
3987183.92,3.0,7.0,10.0,70.0
3988372.31,6.0,4.0,10.0,40.0
3993004.46,4.0,6.0,10.0,60.0
3998074.51,4.0,6.0,10.0,60.0
4000660.19,7.0,3.0,10.0,30.0
4006240.58,1.0,9.0,10.0,90.0
4010911.25,6.0,4.0,10.0,40.0
4018731.87,3.0,7.0,10.0,70.0
4022708.67,6.0,4.0,10.0,40.0
4037001.67,6.0,4.0,10.0,40.0
4041874.29,6.0,4.0,10.0,40.0
4044080.97,9.0,1.0,10.0,10.0
4044806.7,5.0,5.0,10.0,50.0
4055418.81,3.0,7.0,10.0,70.0
4056774.55,4.0,6.0,10.0,60.0
4056909.33,5.0,5.0,10.0,50.0
4057048.43,4.0,6.0,10.0,60.0
4062784.8,4.0,6.0,10.0,60.0
4073828.54,5.0,5.0,10.0,50.0
4077321.87,3.0,7.0,10.0,70.0
4080388.69,6.0,4.0,10.0,40.0
4083715.26,2.0,8.0,10.0,80.0
4085570.32,7.0,3.0,10.0,30.0
4087925.59,4.0,6.0,10.0,60.0
4100852.79,4.0,6.0,10.0,60.0
4101425.23,7.0,3.0,10.0,30.0
4112048.91,3.0,7.0,10.0,70.0
4121349.01,5.0,5.0,10.0,50.0
4121838.94,4.0,6.0,10.0,60.0
4124569.8,3.0,7.0,10.0,70.0
4141977.3,8.0,2.0,10.0,20.0
4151267.19,3.0,7.0,10.0,70.0
4157540.43,4.0,6.0,10.0,60.0
4163912.6,5.0,5.0,10.0,50.0
4165361.32,3.0,7.0,10.0,70.0
4169429.2,4.0,6.0,10.0,60.0
4171265.05,5.0,5.0,10.0,50.0
4176783.94,7.0,3.0,10.0,30.0
4186947.48,4.0,6.0,10.0,60.0
4191373.01,6.0,4.0,10.0,40.0
4195118.75,4.0,6.0,10.0,60.0
4197936.02,5.0,5.0,10.0,50.0
4198465.71,7.0,3.0,10.0,30.0
4202468.6,7.0,3.0,10.0,30.0
4205919.58,8.0,2.0,10.0,20.0
4207321.77,5.0,5.0,10.0,50.0
4218508.3,5.0,5.0,10.0,50.0
4224996.96,6.0,4.0,10.0,40.0
4230773.14,8.0,2.0,10.0,20.0
4232432.29,5.0,5.0,10.0,50.0
4241770.89,6.0,4.0,10.0,40.0
4244375.58,6.0,4.0,10.0,40.0
4247355.57,7.0,3.0,10.0,30.0
4247824.63,3.0,7.0,10.0,70.0
4250376.62,5.0,5.0,10.0,50.0
4251001.86,5.0,5.0,10.0,50.0
4261378.87,3.0,7.0,10.0,70.0
4264667.61,3.0,7.0,10.0,70.0
4266938.65,5.0,5.0,10.0,50.0
4267031.02,7.0,3.0,10.0,30.0
4281710.12,3.0,7.0,10.0,70.0
4282470.24,4.0,6.0,10.0,60.0
4288745.76,8.0,2.0,10.0,20.0
4300480.43,4.0,6.0,10.0,60.0
4306774.34,3.0,7.0,10.0,70.0
4308690.23,7.0,3.0,10.0,30.0
4311365.51,6.0,4.0,10.0,40.0
4312879.13,5.0,5.0,10.0,50.0
4315451.91,6.0,4.0,10.0,40.0
4326133.65,5.0,5.0,10.0,50.0
4331345.54,6.0,4.0,10.0,40.0
4332233.92,8.0,2.0,10.0,20.0
4339217.32,6.0,4.0,10.0,40.0
4340286.38,3.0,7.0,10.0,70.0
4345825.82,5.0,5.0,10.0,50.0
4347152.5,8.0,2.0,10.0,20.0
4350292.5,7.0,3.0,10.0,30.0
4353251.53,5.0,5.0,10.0,50.0
4360032.72,4.0,6.0,10.0,60.0
4361933.37,5.0,5.0,10.0,50.0
4362458.83,5.0,5.0,10.0,50.0
4363590.35,4.0,6.0,10.0,60.0
4365079.75,7.0,3.0,10.0,30.0
4375506.31,2.0,8.0,10.0,80.0
4376632.34,4.0,6.0,10.0,60.0
4381225.82,3.0,7.0,10.0,70.0
4408694.76,6.0,4.0,10.0,40.0
4413348.61,4.0,6.0,10.0,60.0
4418414.11,3.0,7.0,10.0,70.0
4419046.03,2.0,8.0,10.0,80.0
4420692.89,5.0,5.0,10.0,50.0
4422080.53,5.0,5.0,10.0,50.0
4429783.19,2.0,8.0,10.0,80.0
4435766.16,4.0,6.0,10.0,60.0
4436619.93,4.0,6.0,10.0,60.0
4442656.16,10.0,0.0,10.0,0.0
4446551.37,6.0,4.0,10.0,40.0
4449216.18,6.0,4.0,10.0,40.0
4449782.15,5.0,5.0,10.0,50.0
4450557.66,6.0,4.0,10.0,40.0
4455433.1,5.0,5.0,10.0,50.0
4456668.61,6.0,4.0,10.0,40.0
4462602.75,6.0,4.0,10.0,40.0
4463214.81,7.0,3.0,10.0,30.0
4464843.47,8.0,2.0,10.0,20.0
4466253.22,7.0,3.0,10.0,30.0
4470118.75,4.0,6.0,10.0,60.0
4470961.81,3.0,7.0,10.0,70.0
4495626.67,4.0,6.0,10.0,60.0
4503061.57,7.0,3.0,10.0,30.0
4505518.7,4.0,6.0,10.0,60.0
4520285.28,7.0,3.0,10.0,30.0
4521923.56,4.0,6.0,10.0,60.0
4523791.44,8.0,2.0,10.0,20.0
4543574.35,3.0,7.0,10.0,70.0
4545474.32,3.0,7.0,10.0,70.0
4551702.45,7.0,3.0,10.0,30.0
4557530.2,6.0,4.0,10.0,40.0
4562484.34,6.0,4.0,10.0,40.0
4570087.7,7.0,3.0,10.0,30.0
4574213.91,2.0,8.0,10.0,80.0
4593388.78,7.0,3.0,10.0,30.0
4594647.19,2.0,8.0,10.0,80.0
4596617.5,5.0,5.0,10.0,50.0
4605346.45,6.0,4.0,10.0,40.0
4610953.49,6.0,4.0,10.0,40.0
4611762.01,6.0,4.0,10.0,40.0
4614139.14,4.0,6.0,10.0,60.0
4614302.91,6.0,4.0,10.0,40.0
4618212.95,4.0,6.0,10.0,60.0
4624460.93,4.0,6.0,10.0,60.0
4628879.62,5.0,5.0,10.0,50.0
4635500.29,5.0,5.0,10.0,50.0
4643418.71,5.0,5.0,10.0,50.0
4643548.55,4.0,6.0,10.0,60.0
4643802.07,6.0,4.0,10.0,40.0
4645750.45,6.0,4.0,10.0,40.0
4649544.89,7.0,3.0,10.0,30.0
4650674.99,9.0,1.0,10.0,10.0
4654634.95,3.0,7.0,10.0,70.0
4664552.72,6.0,4.0,10.0,40.0
4672016.42,3.0,7.0,10.0,70.0
4674564.8,7.0,3.0,10.0,30.0
4678471.03,5.0,5.0,10.0,50.0
4679090.92,5.0,5.0,10.0,50.0
4691545.68,6.0,4.0,10.0,40.0
4694650.86,5.0,5.0,10.0,50.0
4698379.32,5.0,5.0,10.0,50.0
4707859.55,6.0,4.0,10.0,40.0
4713685.41,5.0,5.0,10.0,50.0
4722998.9,5.0,5.0,10.0,50.0
4725456.13,4.0,6.0,10.0,60.0
4730566.16,2.0,8.0,10.0,80.0
4742384.12,3.0,7.0,10.0,70.0
4743217.01,5.0,5.0,10.0,50.0
4743309.0,4.0,6.0,10.0,60.0
4746491.56,6.0,4.0,10.0,40.0
4750662.39,6.0,4.0,10.0,40.0
4750700.31,7.0,3.0,10.0,30.0
4752210.93,3.0,7.0,10.0,70.0
4758045.2,3.0,7.0,10.0,70.0
4758859.6,5.0,5.0,10.0,50.0
4759470.59,8.0,2.0,10.0,20.0
4761452.34,5.0,5.0,10.0,50.0
4765652.44,5.0,5.0,10.0,50.0
4766448.9,4.0,6.0,10.0,60.0
4773657.17,4.0,6.0,10.0,60.0
4777972.67,6.0,4.0,10.0,40.0
4779176.15,5.0,5.0,10.0,50.0
4783963.67,5.0,5.0,10.0,50.0
4785929.02,5.0,5.0,10.0,50.0
4788919.04,4.0,6.0,10.0,60.0
4789974.47,4.0,6.0,10.0,60.0
4798901.44,3.0,7.0,10.0,70.0
4805076.04,6.0,4.0,10.0,40.0
4805696.93,6.0,4.0,10.0,40.0
4811174.83,2.0,8.0,10.0,80.0
4828889.63,5.0,5.0,10.0,50.0
4829553.3,4.0,6.0,10.0,60.0
4831825.89,5.0,5.0,10.0,50.0
4832162.17,4.0,6.0,10.0,60.0
4838868.86,5.0,5.0,10.0,50.0
4841138.55,4.0,6.0,10.0,60.0
4842588.86,8.0,2.0,10.0,20.0
4848173.59,7.0,3.0,10.0,30.0
4854559.61,6.0,4.0,10.0,40.0
4857666.22,5.0,5.0,10.0,50.0
4864068.37,4.0,6.0,10.0,60.0
4867508.5,7.0,3.0,10.0,30.0
4873662.69,3.0,7.0,10.0,70.0
4879186.18,7.0,3.0,10.0,30.0
4894583.02,6.0,4.0,10.0,40.0
4906128.21,4.0,6.0,10.0,60.0
4926894.59,4.0,6.0,10.0,60.0
4941378.33,6.0,4.0,10.0,40.0
4941962.97,7.0,3.0,10.0,30.0
4944915.7,8.0,2.0,10.0,20.0
4954359.51,3.0,7.0,10.0,70.0
4961453.77,4.0,6.0,10.0,60.0
4963608.56,6.0,4.0,10.0,40.0
4969036.44,4.0,6.0,10.0,60.0
4969372.17,8.0,2.0,10.0,20.0
4976614.38,7.0,3.0,10.0,30.0
4978720.33,6.0,4.0,10.0,40.0
4982270.16,8.0,2.0,10.0,20.0
4985974.24,7.0,3.0,10.0,30.0
4996627.6,2.0,8.0,10.0,80.0
4997318.09,6.0,4.0,10.0,40.0
4999890.12,5.0,5.0,10.0,50.0
