location,date_time,transaction_count,total_amount,average_amount
Bago,2015-09,1,4234315.9,4234315.9
Bago,2015-10,1,4962670.41,4962670.41
Bago,2016-07,1,3297319.32,3297319.32
Bago,2016-10,1,149611.31,149611.31
Bago,2017-05,1,2978194.02,2978194.02
Bago,2017-06,1,3904661.91,3904661.91
Bago,2017-11,2,4976385.76,2488192.88
Bago,2018-01,1,2042765.49,2042765.49
Bago,2018-03,1,1436640.23,1436640.23
Bago,2018-06,1,4328296.48,4328296.48
Bago,2018-08,2,6086101.38,3043050.69
Bago,2018-10,1,3496094.06,3496094.06
Bago,2019-01,1,476295.17,476295.17
Bago,2019-02,3,4302257.390000001,1434085.7966666669
Bago,2019-03,3,4311748.9399999995,1437249.6466666665
Bago,2019-04,2,3216375.1100000003,1608187.5550000002
Bago,2019-05,2,8786458.370000001,4393229.1850000005
Bago,2019-06,1,3826129.17,3826129.17
Bago,2019-07,1,2724528.11,2724528.11
Bago,2019-08,4,17456271.63,4364067.9075
Bago,2019-09,2,6309478.91,3154739.455
Bago,2019-10,1,480278.76,480278.76
Bago,2019-11,2,7339893.279999999,3669946.6399999997
Bago,2019-12,4,9676763.03,2419190.7575
Bago,2020-01,2,7705725.4399999995,3852862.7199999997
Bago,2020-02,2,6226536.46,3113268.23
Bago,2020-03,3,8769443.82,2923147.94
Bago,2020-04,4,7897964.5600000005,1974491.1400000001
Bago,2020-05,5,9279150.790000001,1855830.1580000003
Bago,2020-07,5,11973475.76,2394695.152
Bago,2020-08,1,3351.87,3351.87
Bago,2020-09,6,15664555.5,2610759.25
Bago,2020-10,3,10982835.71,3660945.236666667
Bago,2020-11,7,13792792.480000002,1970398.925714286
Bago,2020-12,7,18153907.93,2593415.4185714284
Bago,2021-01,5,9490612.85,1898122.5699999998
Bago,2021-02,8,11057311.02,1382163.8775
Bago,2021-03,2,1782381.15,891190.575
Bago,2021-04,7,14677105.560000002,2096729.365714286
Bago,2021-05,6,14995787.64,2499297.94
Bago,2021-06,5,11283722.0,2256744.4
Bago,2021-07,6,15325642.549999999,2554273.7583333333
Bago,2021-08,11,28517347.15,2592486.1045454545
Bago,2021-09,4,12417045.38,3104261.345
Bago,2021-10,11,31902417.58,2900219.78
Bago,2021-11,8,25819995.17,3227499.39625
Bago,2021-12,11,34903083.57000001,3173007.597272728
Bago,2022-01,9,21171751.95,2352416.8833333333
Bago,2022-02,8,17383338.59,2172917.32375
Bago,2022-03,14,30689811.160000004,2192129.368571429
Bago,2022-04,11,23021769.889999997,2092888.1718181816
Bago,2022-05,10,26812716.93,2681271.693
Bago,2022-06,10,23334250.82,2333425.082
Bago,2022-07,12,27385783.259999998,2282148.605
Bago,2022-08,10,22778847.0,2277884.7
Bago,2022-09,12,29565790.95,2463815.9125
Bago,2022-10,17,45889730.81,2699395.93
Bago,2022-11,10,29408544.02,2940854.402
Bago,2022-12,18,36031504.03,2001750.223888889
Bago,2023-01,19,58297423.69,3068285.457368421
Bago,2023-02,19,41187474.29000001,2167761.8047368424
Bago,2023-03,19,42465043.06000001,2235002.26631579
Bago,2023-04,12,30480206.069999997,2540017.1725
Bago,2023-05,18,51204713.51,2844706.306111111
Bago,2023-06,14,38459880.04,2747134.2885714285
Bago,2023-07,21,45903815.38,2185895.9704761906
Bago,2023-08,23,56209125.29999999,2443875.0130434777
Bago,2023-09,27,78041557.35,2890428.05
Bago,2023-10,23,53378242.13,2320793.1360869566
Bago,2023-11,22,50903488.49000001,2313794.9313636366
Bago,2023-12,24,46047041.49000001,1918626.7287500005
Bago,2024-01,44,104149494.8,2367033.9727272727
Bago,2024-02,25,66676949.84000001,2667077.9936000006
Bago,2024-03,33,87838037.08999999,2661758.6996969692
Bago,2024-04,35,89515609.23000002,2557588.835142858
Bago,2024-05,41,87428405.99000002,2132400.1460975613
Bago,2024-06,43,98444141.37,2289398.636511628
Bago,2024-07,42,108337431.61,2579462.6573809525
Bago,2024-08,56,149751013.08999997,2674125.2337499997
Bago,2024-09,58,137281951.37999997,2366930.196206896
Bago,2024-10,75,184165155.84000003,2455535.4112000004
Bago,2024-11,75,190052642.49999994,2534035.2333333325
Bago,2024-12,91,231358677.7200001,2542403.051868133
Bago,2025-01,94,227043455.11000004,2415355.9054255323
Bago,2025-02,113,282029922.1500001,2495840.0190265495
Bago,2025-03,200,510748077.48,2553740.3874
Bago,2025-04,151,391302123.5000001,2591404.791390729
Mandalay,2015-10,1,58797.01,58797.01
Mandalay,2015-12,1,922612.9,922612.9
Mandalay,2016-09,1,1540760.04,1540760.04
Mandalay,2017-01,1,231619.88,231619.88
Mandalay,2017-05,1,3661593.68,3661593.68
Mandalay,2017-11,2,1376954.58,688477.29
Mandalay,2017-12,1,4820165.64,4820165.64
Mandalay,2018-01,1,819545.59,819545.59
Mandalay,2018-02,1,1612931.14,1612931.14
Mandalay,2018-03,4,12616609.27,3154152.3175
Mandalay,2018-04,1,2104408.76,2104408.76
Mandalay,2018-07,2,7387250.27,3693625.135
Mandalay,2018-08,1,3476219.7,3476219.7
Mandalay,2018-09,3,9633248.120000001,3211082.706666667
Mandalay,2018-10,1,2395868.22,2395868.22
Mandalay,2018-11,2,3966877.16,1983438.58
Mandalay,2019-01,3,5618438.46,1872812.82
Mandalay,2019-02,5,15580567.97,3116113.594
Mandalay,2019-03,2,4873371.62,2436685.81
Mandalay,2019-05,2,3191621.6,1595810.8
Mandalay,2019-06,4,8363572.95,2090893.2375
Mandalay,2019-07,4,15878665.02,3969666.255
Mandalay,2019-08,5,7761450.62,1552290.124
Mandalay,2019-09,1,4179062.85,4179062.85
Mandalay,2019-10,3,12768898.180000002,4256299.393333334
Mandalay,2019-11,3,6828788.59,2276262.8633333333
Mandalay,2019-12,3,7840574.220000001,2613524.74
Mandalay,2020-01,4,16312015.629999999,4078003.9074999997
Mandalay,2020-02,4,9982645.14,2495661.285
Mandalay,2020-03,3,11855556.639999999,3951852.213333333
Mandalay,2020-04,5,18190201.55,3638040.31
Mandalay,2020-05,3,6653487.879999999,2217829.293333333
Mandalay,2020-06,4,12772991.239999998,3193247.8099999996
Mandalay,2020-07,2,2714872.1,1357436.05
Mandalay,2020-08,7,17736833.99,2533833.427142857
Mandalay,2020-09,1,3701410.52,3701410.52
Mandalay,2020-10,4,11268432.469999999,2817108.1174999997
Mandalay,2020-11,8,14079517.68,1759939.71
Mandalay,2020-12,4,9365760.8,2341440.2
Mandalay,2021-01,11,25353334.229999997,2304848.566363636
Mandalay,2021-02,5,9986583.54,1997316.7079999999
Mandalay,2021-03,10,30802313.0,3080231.3
Mandalay,2021-04,8,20586201.430000003,2573275.1787500004
Mandalay,2021-05,9,21776149.66,2419572.1844444443
Mandalay,2021-06,6,13853578.29,2308929.715
Mandalay,2021-07,9,16222229.5,1802469.9444444445
Mandalay,2021-08,6,19548341.550000004,3258056.9250000007
Mandalay,2021-09,8,16242368.23,2030296.02875
Mandalay,2021-10,7,13984094.780000001,1997727.825714286
Mandalay,2021-11,14,42007220.59,3000515.756428572
Mandalay,2021-12,19,37376449.62,1967181.5589473683
Mandalay,2022-01,15,32534758.630000003,2168983.908666667
Mandalay,2022-02,14,27362056.040000003,1954432.5742857144
Mandalay,2022-03,10,23983626.080000002,2398362.608
Mandalay,2022-04,11,33383576.169999998,3034870.5609090906
Mandalay,2022-05,9,25332498.39,2814722.0433333335
Mandalay,2022-06,10,30742531.41,3074253.141
Mandalay,2022-07,12,31789174.240000002,2649097.8533333335
Mandalay,2022-08,14,37275500.19,2662535.7278571427
Mandalay,2022-09,16,37404174.18,2337760.88625
Mandalay,2022-10,21,54822664.89999999,2610603.09047619
Mandalay,2022-11,12,31236707.07,2603058.9225
Mandalay,2022-12,18,45645489.879999995,2535860.5488888887
Mandalay,2023-01,14,33928361.27,2423454.3764285715
Mandalay,2023-02,20,58715786.519999996,2935789.326
Mandalay,2023-03,20,54557501.96000001,2727875.098
Mandalay,2023-04,32,76526735.42,2391460.481875
Mandalay,2023-05,28,72589952.57000001,2592498.306071429
Mandalay,2023-06,25,56892872.97,2275714.9188
Mandalay,2023-07,27,65990067.50999999,2444076.574444444
Mandalay,2023-08,31,65256773.77999999,2105057.218709677
Mandalay,2023-09,28,83231855.66999999,2972566.273928571
Mandalay,2023-10,29,60315173.860000014,2079833.581379311
Mandalay,2023-11,36,91481023.33000001,2541139.5369444448
Mandalay,2023-12,40,96081643.25999999,2402041.0815
Mandalay,2024-01,41,92971339.30000001,2267593.6414634148
Mandalay,2024-02,46,127500896.35,2771758.6163043478
Mandalay,2024-03,42,107889476.74000001,2568797.0652380954
Mandalay,2024-04,49,144914289.68999997,2957434.483469387
Mandalay,2024-05,54,117464688.07000002,2175272.0012962967
Mandalay,2024-06,55,150161619.91000003,2730211.2710909094
Mandalay,2024-07,75,189395957.35999995,2525279.431466666
Mandalay,2024-08,70,172034686.17999995,2457638.3739999994
Mandalay,2024-09,77,191913640.61999997,2492384.943116883
Mandalay,2024-10,78,197433731.00000006,2531201.6794871804
Mandalay,2024-11,72,172336568.19000003,2393563.4470833335
Mandalay,2024-12,112,267389122.69000003,2387402.8811607147
Mandalay,2025-01,130,335337961.09,2579522.777615384
Mandalay,2025-02,127,289308449.1099999,2278019.284330708
Mandalay,2025-03,220,532345373.5,2419751.6977272728
Mandalay,2025-04,169,413888813.0599999,2449046.2311242595
Mawlamyine,2017-02,1,1072644.39,1072644.39
Mawlamyine,2017-06,1,3251059.72,3251059.72
Mawlamyine,2017-09,1,3095789.75,3095789.75
Mawlamyine,2017-12,3,9697789.73,3232596.5766666667
Mawlamyine,2018-01,1,4551726.52,4551726.52
Mawlamyine,2018-07,1,3560293.44,3560293.44
Mawlamyine,2018-08,1,125817.51,125817.51
Mawlamyine,2018-09,1,3536400.02,3536400.02
Mawlamyine,2018-10,1,4549002.56,4549002.56
Mawlamyine,2018-12,4,6304965.83,1576241.4575
Mawlamyine,2019-01,2,7949030.48,3974515.24
Mawlamyine,2019-03,4,10329339.69,2582334.9225
Mawlamyine,2019-04,1,1417504.19,1417504.19
Mawlamyine,2019-05,3,11855609.04,3951869.6799999997
Mawlamyine,2019-07,2,2574291.5300000003,1287145.7650000001
Mawlamyine,2019-08,5,11940434.829999998,2388086.9659999995
Mawlamyine,2019-09,4,9730864.84,2432716.21
Mawlamyine,2019-10,2,4315488.029999999,2157744.0149999997
Mawlamyine,2019-11,1,1444638.35,1444638.35
Mawlamyine,2019-12,5,15841609.03,3168321.806
Mawlamyine,2020-01,3,3584158.2,1194719.4000000001
Mawlamyine,2020-02,9,17473950.35,1941550.0388888891
Mawlamyine,2020-03,5,7640954.72,1528190.944
Mawlamyine,2020-04,5,18472027.43,3694405.486
Mawlamyine,2020-05,1,2282383.74,2282383.74
Mawlamyine,2020-06,4,5405472.87,1351368.2175
Mawlamyine,2020-07,5,7527210.169999999,1505442.0339999998
Mawlamyine,2020-08,4,9002409.040000001,2250602.2600000002
Mawlamyine,2020-09,5,15769782.95,3153956.59
Mawlamyine,2020-10,3,6446708.38,2148902.7933333335
Mawlamyine,2020-11,3,8755232.33,2918410.776666667
Mawlamyine,2020-12,6,13226975.35,2204495.8916666666
Mawlamyine,2021-01,6,17833898.48,2972316.4133333336
Mawlamyine,2021-02,1,4797032.11,4797032.11
Mawlamyine,2021-03,9,19827971.029999997,2203107.892222222
Mawlamyine,2021-04,2,927711.21,463855.605
Mawlamyine,2021-05,7,17493515.400000002,2499073.628571429
Mawlamyine,2021-06,9,24155321.12,2683924.568888889
Mawlamyine,2021-07,8,27389932.379999995,3423741.5474999994
Mawlamyine,2021-08,9,24874314.080000002,2763812.6755555556
Mawlamyine,2021-09,11,15307045.549999999,1391549.5954545455
Mawlamyine,2021-10,8,13340929.38,1667616.1725
Mawlamyine,2021-11,7,23251431.63,3321633.09
Mawlamyine,2021-12,12,27842239.84,2320186.6533333333
Mawlamyine,2022-01,9,27088886.44,3009876.271111111
Mawlamyine,2022-02,9,18430167.31,2047796.3677777776
Mawlamyine,2022-03,13,36295256.1,2791942.776923077
Mawlamyine,2022-04,12,31633968.97,2636164.080833333
Mawlamyine,2022-05,10,27143026.23,2714302.623
Mawlamyine,2022-06,10,24061829.220000003,2406182.9220000003
Mawlamyine,2022-07,12,29547893.420000006,2462324.451666667
Mawlamyine,2022-08,11,21858466.990000002,1987133.362727273
Mawlamyine,2022-09,9,24487663.14,2720851.46
Mawlamyine,2022-10,18,43125028.07999999,2395834.8933333326
Mawlamyine,2022-11,13,42432098.79,3264007.599230769
Mawlamyine,2022-12,17,41162936.3,2421349.1941176467
Mawlamyine,2023-01,21,48410190.79000001,2305247.180476191
Mawlamyine,2023-02,20,43865749.900000006,2193287.495
Mawlamyine,2023-03,19,47201586.599999994,2484294.031578947
Mawlamyine,2023-04,18,48863223.779999994,2714623.543333333
Mawlamyine,2023-05,16,38277802.06999999,2392362.6293749996
Mawlamyine,2023-06,19,57371288.76,3019541.5136842104
Mawlamyine,2023-07,26,57327893.76,2204918.9907692308
Mawlamyine,2023-08,29,56601848.58,1951787.8820689654
Mawlamyine,2023-09,18,39357683.56999999,2186537.9761111108
Mawlamyine,2023-10,31,80412295.65,2593945.020967742
Mawlamyine,2023-11,22,41356900.550000004,1879859.1159090912
Mawlamyine,2023-12,30,80424881.92,2680829.3973333333
Mawlamyine,2024-01,33,81089776.09,2457265.9421212124
Mawlamyine,2024-02,33,90591437.5,2745195.0757575757
Mawlamyine,2024-03,24,61750779.87,2572949.16125
Mawlamyine,2024-04,32,72919999.29,2278749.9778125
Mawlamyine,2024-05,54,130252098.64999996,2412075.900925925
Mawlamyine,2024-06,44,114012415.19000003,2591191.2543181824
Mawlamyine,2024-07,52,116477186.78000002,2239945.899615385
Mawlamyine,2024-08,39,110172282.45,2824930.3192307693
Mawlamyine,2024-09,69,159631643.72000006,2313502.0828985516
Mawlamyine,2024-10,74,185329738.96000007,2504455.931891893
Mawlamyine,2024-11,84,203420569.32999998,2421673.444404762
Mawlamyine,2024-12,92,278738613.18000007,3029767.5345652183
Mawlamyine,2025-01,115,272057085.42,2365713.78626087
Mawlamyine,2025-02,147,352745128.37,2399626.7236054423
Mawlamyine,2025-03,190,499097686.48999995,2626829.928894737
Mawlamyine,2025-04,133,332076008.8399999,2496812.0965413526
Monywa,2016-11,1,4069996.76,4069996.76
Monywa,2017-02,2,5950776.96,2975388.48
Monywa,2017-04,1,2796777.19,2796777.19
Monywa,2017-05,2,1776485.0499999998,888242.5249999999
Monywa,2017-06,1,3703456.06,3703456.06
Monywa,2017-10,1,1121634.56,1121634.56
Monywa,2017-11,1,4696949.03,4696949.03
Monywa,2018-02,1,2617459.35,2617459.35
Monywa,2018-03,1,2924286.45,2924286.45
Monywa,2018-05,4,9036270.459999999,2259067.6149999998
Monywa,2018-08,1,3892040.31,3892040.31
Monywa,2018-09,4,7129604.49,1782401.1225
Monywa,2018-10,1,549551.65,549551.65
Monywa,2018-11,2,4066916.6,2033458.3
Monywa,2018-12,1,1353558.48,1353558.48
Monywa,2019-01,1,2812168.05,2812168.05
Monywa,2019-03,3,7624164.41,2541388.1366666667
Monywa,2019-04,2,7639141.3100000005,3819570.6550000003
Monywa,2019-07,2,5949074.21,2974537.105
Monywa,2019-08,2,3161567.92,1580783.96
Monywa,2019-09,1,3152667.17,3152667.17
Monywa,2019-10,2,4314412.640000001,2157206.3200000003
Monywa,2019-12,7,14104782.350000001,2014968.9071428573
Monywa,2020-01,4,13562337.57,3390584.3925
Monywa,2020-02,2,5977594.17,2988797.085
Monywa,2020-03,4,11348878.420000002,2837219.6050000004
Monywa,2020-04,2,5348435.03,2674217.515
Monywa,2020-05,3,4355387.49,1451795.83
Monywa,2020-06,5,14717493.479999999,2943498.6959999995
Monywa,2020-07,6,8831251.85,1471875.3083333333
Monywa,2020-08,3,5123323.590000001,1707774.5300000003
Monywa,2020-09,4,8918506.16,2229626.54
Monywa,2020-10,5,12719368.489999998,2543873.698
Monywa,2020-11,6,7712631.459999999,1285438.5766666664
Monywa,2020-12,4,8384193.109999999,2096048.2774999999
Monywa,2021-01,4,10857447.67,2714361.9175
Monywa,2021-02,6,19456562.38,3242760.3966666665
Monywa,2021-03,8,19571015.869999997,2446376.9837499997
Monywa,2021-04,10,27684249.86,2768424.986
Monywa,2021-05,9,18573350.83,2063705.6477777776
Monywa,2021-06,5,10458085.799999999,2091617.1599999997
Monywa,2021-07,8,18924113.21,2365514.15125
Monywa,2021-08,11,25401468.12,2309224.3745454545
Monywa,2021-09,6,19061928.6,3176988.1
Monywa,2021-10,8,14015667.989999998,1751958.4987499998
Monywa,2021-11,9,23274294.75,2586032.75
Monywa,2021-12,10,21901579.520000003,2190157.9520000005
Monywa,2022-01,8,25827016.869999997,3228377.1087499997
Monywa,2022-02,7,23327932.06,3332561.722857143
Monywa,2022-03,15,37930511.89,2528700.7926666667
Monywa,2022-04,7,11136913.05,1590987.5785714288
Monywa,2022-05,15,38019837.349999994,2534655.823333333
Monywa,2022-06,16,31890701.880000003,1993168.8675000002
Monywa,2022-07,16,30770478.52,1923154.9075
Monywa,2022-08,10,21147264.240000002,2114726.424
Monywa,2022-09,19,50317457.15,2648287.2184210527
Monywa,2022-10,21,45922618.45000001,2186791.354761905
Monywa,2022-11,19,48450162.92999999,2550008.5752631575
Monywa,2022-12,12,34653094.88,2887757.9066666667
Monywa,2023-01,14,30788538.72,2199181.3371428573
Monywa,2023-02,9,23555471.470000006,2617274.6077777785
Monywa,2023-03,19,52179425.05,2746285.5289473683
Monywa,2023-04,21,43221595.449999996,2058171.2119047616
Monywa,2023-05,24,52912845.92,2204701.9133333336
Monywa,2023-06,18,50368178.129999995,2798232.118333333
Monywa,2023-07,23,58067026.06999999,2524653.307391304
Monywa,2023-08,33,80196507.08999999,2430197.184545454
Monywa,2023-09,17,41128353.449999996,2419314.9088235293
Monywa,2023-10,28,59460242.49000001,2123580.088928572
Monywa,2023-11,26,58724871.86,2258648.917692308
Monywa,2023-12,31,84805848.59000002,2735672.535161291
Monywa,2024-01,24,47960895.190000005,1998370.6329166668
Monywa,2024-02,37,90934377.35000002,2457685.874324325
Monywa,2024-03,35,67060396.61,1916011.3317142858
Monywa,2024-04,48,125930806.15,2623558.4614583333
Monywa,2024-05,40,101480183.38999999,2537004.5847499995
Monywa,2024-06,41,103223464.49000001,2517645.475365854
Monywa,2024-07,57,128220911.77000003,2249489.680175439
Monywa,2024-08,76,198991772.39000005,2618312.794605264
Monywa,2024-09,69,173488192.4299999,2514321.6294202884
Monywa,2024-10,66,150246116.52,2276456.310909091
Monywa,2024-11,85,204892479.75000003,2410499.761764706
Monywa,2024-12,98,238644186.69999996,2435144.7622448974
Monywa,2025-01,112,267818281.52,2391234.6564285713
Monywa,2025-02,123,304677165.79999995,2477050.128455284
Monywa,2025-03,179,438450592.6299999,2449444.651564245
Monywa,2025-04,148,386388161.5800001,2610730.821486487
Myitkyina,2016-06,1,3675222.76,3675222.76
Myitkyina,2016-09,1,4421913.51,4421913.51
Myitkyina,2017-03,1,4575068.06,4575068.06
Myitkyina,2017-08,1,2271492.67,2271492.67
Myitkyina,2017-12,1,272434.6,272434.6
Myitkyina,2018-01,2,3886099.27,1943049.635
Myitkyina,2018-02,1,2213523.34,2213523.34
Myitkyina,2018-03,1,74650.12,74650.12
Myitkyina,2018-04,2,7308060.65,3654030.325
Myitkyina,2018-05,2,4817438.96,2408719.48
Myitkyina,2018-06,1,3995893.4,3995893.4
Myitkyina,2018-07,2,4138151.9200000004,2069075.9600000002
Myitkyina,2018-08,1,1900456.51,1900456.51
Myitkyina,2018-09,2,5715924.01,2857962.005
Myitkyina,2018-11,2,4408635.67,2204317.835
Myitkyina,2018-12,2,4128206.24,2064103.12
Myitkyina,2019-01,1,2268720.15,2268720.15
Myitkyina,2019-02,1,684445.44,684445.44
Myitkyina,2019-03,1,3991229.52,3991229.52
Myitkyina,2019-04,3,8330393.24,2776797.7466666666
Myitkyina,2019-05,1,1437380.83,1437380.83
Myitkyina,2019-06,3,8740736.09,2913578.696666667
Myitkyina,2019-07,1,19017.05,19017.05
Myitkyina,2019-08,2,3988503.56,1994251.78
Myitkyina,2019-09,5,9472019.18,1894403.836
Myitkyina,2019-10,2,7405112.21,3702556.105
Myitkyina,2019-11,3,5916329.67,1972109.89
Myitkyina,2019-12,2,4030489.52,2015244.76
Myitkyina,2020-01,1,3198141.94,3198141.94
Myitkyina,2020-02,2,7483942.039999999,3741971.0199999996
Myitkyina,2020-03,4,12678452.22,3169613.055
Myitkyina,2020-04,2,4272986.55,2136493.275
Myitkyina,2020-05,4,10117208.22,2529302.055
Myitkyina,2020-06,5,15006202.010000002,3001240.4020000002
Myitkyina,2020-07,3,5627316.18,1875772.0599999998
Myitkyina,2020-08,5,11160058.54,2232011.7079999996
Myitkyina,2020-09,5,15421807.059999999,3084361.4119999995
Myitkyina,2020-10,5,9823366.95,1964673.39
Myitkyina,2020-11,6,20593113.41,3432185.5683333334
Myitkyina,2020-12,7,16011786.5,2287398.0714285714
Myitkyina,2021-01,4,12415162.62,3103790.655
Myitkyina,2021-02,6,14569068.97,2428178.1616666666
Myitkyina,2021-03,11,30077603.920000006,2734327.6290909094
Myitkyina,2021-04,6,6560871.0600000005,1093478.51
Myitkyina,2021-05,8,23808585.08,2976073.135
Myitkyina,2021-06,4,10355499.18,2588874.795
Myitkyina,2021-07,7,25417800.48,3631114.354285714
Myitkyina,2021-08,5,10965479.139999999,2193095.8279999997
Myitkyina,2021-09,2,6083105.09,3041552.545
Myitkyina,2021-10,10,31978292.7,3197829.27
Myitkyina,2021-11,8,22611372.73,2826421.59125
Myitkyina,2021-12,13,21821751.580000002,1678596.2753846156
Myitkyina,2022-01,12,33336232.300000004,2778019.358333334
Myitkyina,2022-02,4,7274930.109999999,1818732.5274999999
Myitkyina,2022-03,8,19596784.709999997,2449598.0887499996
Myitkyina,2022-04,15,43921427.50000001,2928095.166666667
Myitkyina,2022-05,16,44600480.57999999,2787530.0362499994
Myitkyina,2022-06,10,32504728.01,3250472.801
Myitkyina,2022-07,16,44767787.31999999,2797986.7074999996
Myitkyina,2022-08,15,30448562.340000004,2029904.1560000002
Myitkyina,2022-09,10,28838024.689999998,2883802.4689999996
Myitkyina,2022-10,16,35239464.32,2202466.52
Myitkyina,2022-11,14,27653644.170000006,1975260.2978571432
Myitkyina,2022-12,12,22363563.23,1863630.2691666668
Myitkyina,2023-01,24,61726315.23000001,2571929.8012500005
Myitkyina,2023-02,23,65379443.73000001,2842584.5100000007
Myitkyina,2023-03,17,41318297.42000001,2430488.0835294123
Myitkyina,2023-04,23,52286928.1,2273344.7
Myitkyina,2023-05,21,58868844.779999994,2803278.3228571424
Myitkyina,2023-06,18,47009297.84,2611627.657777778
Myitkyina,2023-07,17,48086432.050000004,2828613.6500000004
Myitkyina,2023-08,24,62064133.04999999,2586005.5437499997
Myitkyina,2023-09,19,48270108.84,2540532.0442105266
Myitkyina,2023-10,18,47723918.17999999,2651328.7877777773
Myitkyina,2023-11,29,71708463.41,2472705.634827586
Myitkyina,2023-12,45,108203696.10000002,2404526.5800000005
Myitkyina,2024-01,30,78793512.63000001,2626450.4210000006
Myitkyina,2024-02,41,123374790.71,3009141.2368292683
Myitkyina,2024-03,36,82534093.24000002,2292613.701111112
Myitkyina,2024-04,45,106937564.71000002,2376390.3268888895
Myitkyina,2024-05,41,102745573.22999999,2505989.5909756096
Myitkyina,2024-06,59,138647146.62,2349951.6376271187
Myitkyina,2024-07,52,123908308.96999997,2382852.0955769224
Myitkyina,2024-08,61,144404534.64999998,2367287.4532786882
Myitkyina,2024-09,79,204065106.86,2583102.618481013
Myitkyina,2024-10,73,206612869.97,2830313.287260274
Myitkyina,2024-11,77,200585239.65999994,2605003.1124675316
Myitkyina,2024-12,92,237516751.66999993,2581703.8224999993
Myitkyina,2025-01,99,244285574.30999997,2467531.0536363632
Myitkyina,2025-02,116,286197027.9500001,2467215.7581896563
Myitkyina,2025-03,192,450445941.4599999,2346072.611770833
Myitkyina,2025-04,124,304466749.93999994,2455377.015645161
Naypyidaw,2016-05,1,4097538.44,4097538.44
Naypyidaw,2016-06,1,2436902.62,2436902.62
Naypyidaw,2017-03,1,139170.0,139170.0
Naypyidaw,2017-04,1,592219.59,592219.59
Naypyidaw,2017-05,1,2008865.0,2008865.0
Naypyidaw,2017-09,1,2606147.83,2606147.83
Naypyidaw,2018-01,1,2962332.62,2962332.62
Naypyidaw,2018-03,1,4511272.74,4511272.74
Naypyidaw,2018-04,1,2212674.97,2212674.97
Naypyidaw,2018-05,1,2415652.81,2415652.81
Naypyidaw,2018-06,1,737806.51,737806.51
Naypyidaw,2018-08,3,9763123.01,3254374.3366666664
Naypyidaw,2018-10,2,2578754.45,1289377.225
Naypyidaw,2018-11,1,1015328.3,1015328.3
Naypyidaw,2019-01,4,16730744.18,4182686.045
Naypyidaw,2019-02,3,3139472.08,1046490.6933333334
Naypyidaw,2019-03,4,13165654.349999998,3291413.5874999994
Naypyidaw,2019-04,1,928777.59,928777.59
Naypyidaw,2019-06,4,8346528.4,2086632.1
Naypyidaw,2019-08,4,10636127.280000001,2659031.8200000003
Naypyidaw,2019-09,2,5387570.65,2693785.325
Naypyidaw,2019-10,2,4866859.28,2433429.64
Naypyidaw,2019-12,3,10334342.94,3444780.98
Naypyidaw,2020-01,4,16286279.69,4071569.9225
Naypyidaw,2020-02,1,3096451.06,3096451.06
Naypyidaw,2020-03,1,704673.11,704673.11
Naypyidaw,2020-04,4,9327071.500000002,2331767.8750000005
Naypyidaw,2020-05,2,5999302.83,2999651.415
Naypyidaw,2020-06,7,12122487.42,1731783.917142857
Naypyidaw,2020-07,1,1723027.34,1723027.34
Naypyidaw,2020-08,4,11336716.68,2834179.17
Naypyidaw,2020-09,6,12360254.97,2060042.495
Naypyidaw,2020-10,8,18535323.970000003,2316915.4962500003
Naypyidaw,2020-11,2,4450938.09,2225469.045
Naypyidaw,2020-12,6,23512730.85,3918788.475
Naypyidaw,2021-01,5,10040086.45,2008017.2899999998
Naypyidaw,2021-02,3,8813285.21,2937761.736666667
Naypyidaw,2021-03,4,12112268.35,3028067.0875
Naypyidaw,2021-04,8,16666789.279999997,2083348.6599999997
Naypyidaw,2021-05,9,14009491.129999999,1556610.1255555553
Naypyidaw,2021-06,8,16379601.0,2047450.125
Naypyidaw,2021-07,8,18804147.64,2350518.455
Naypyidaw,2021-08,8,25217539.25,3152192.40625
Naypyidaw,2021-09,6,18390555.8,3065092.6333333333
Naypyidaw,2021-10,9,24410198.76,2712244.3066666666
Naypyidaw,2021-11,9,30430262.259999998,3381140.2511111107
Naypyidaw,2021-12,7,23792035.759999998,3398862.251428571
Naypyidaw,2022-01,15,35786694.86,2385779.6573333335
Naypyidaw,2022-02,12,39225727.89999999,3268810.6583333327
Naypyidaw,2022-03,8,23799896.549999997,2974987.0687499996
Naypyidaw,2022-04,17,37112575.48000001,2183092.6752941185
Naypyidaw,2022-05,11,24210247.76,2200931.6145454547
Naypyidaw,2022-06,8,18313981.08,2289247.635
Naypyidaw,2022-07,18,37804084.78,2100226.9322222224
Naypyidaw,2022-08,20,49056796.92,2452839.846
Naypyidaw,2022-09,15,48835517.19,3255701.1459999997
Naypyidaw,2022-10,17,42822153.230000004,2518950.1900000004
Naypyidaw,2022-11,18,59024452.53,3279136.251666667
Naypyidaw,2022-12,17,44945500.31,2643852.959411765
Naypyidaw,2023-01,14,31319493.110000003,2237106.650714286
Naypyidaw,2023-02,10,26105811.519999996,2610581.152
Naypyidaw,2023-03,24,65884152.80999999,2745173.0337499995
Naypyidaw,2023-04,18,47105420.6,2616967.811111111
Naypyidaw,2023-05,28,82749349.76,2955333.9200000004
Naypyidaw,2023-06,25,52610019.370000005,2104400.7748000002
Naypyidaw,2023-07,39,99063161.99,2540081.0766666667
Naypyidaw,2023-08,17,50192515.849999994,2952500.932352941
Naypyidaw,2023-09,36,85538940.84999998,2376081.690277777
Naypyidaw,2023-10,25,49199841.98,1967993.6792
Naypyidaw,2023-11,29,76442554.35000002,2635950.150000001
Naypyidaw,2023-12,32,78193259.38999999,2443539.3559374996
Naypyidaw,2024-01,39,106182396.39999999,2722625.5487179486
Naypyidaw,2024-02,35,80396603.35000001,2297045.81
Naypyidaw,2024-03,46,92889806.61000001,2019343.621956522
Naypyidaw,2024-04,38,94419617.17000002,2484726.767631579
Naypyidaw,2024-05,52,130998217.67,2519196.493653846
Naypyidaw,2024-06,44,103060436.1,2342282.6386363637
Naypyidaw,2024-07,58,140795333.55999997,2427505.7510344824
Naypyidaw,2024-08,66,156703107.87000003,2374289.5131818186
Naypyidaw,2024-09,55,123137690.57000001,2238867.1012727274
Naypyidaw,2024-10,73,161906187.23,2217892.9757534247
Naypyidaw,2024-11,79,198152222.65,2508255.9829113926
Naypyidaw,2024-12,100,249570107.9400001,2495701.079400001
Naypyidaw,2025-01,104,266899775.58000004,2566343.995961539
Naypyidaw,2025-02,115,276567310.7800001,2404933.137217392
Naypyidaw,2025-03,214,531318462.0600002,2482796.551682244
Naypyidaw,2025-04,147,365735142.6800001,2487994.1678911573
Pathein,2016-12,1,4694189.3,4694189.3
Pathein,2017-06,1,4459012.28,4459012.28
Pathein,2017-07,1,2098328.23,2098328.23
Pathein,2017-08,1,1348357.55,1348357.55
Pathein,2017-12,1,4619988.69,4619988.69
Pathein,2018-04,1,4827328.42,4827328.42
Pathein,2018-05,1,2291080.99,2291080.99
Pathein,2018-07,1,3013038.29,3013038.29
Pathein,2018-08,2,5733067.97,2866533.985
Pathein,2018-10,2,5380119.73,2690059.865
Pathein,2019-01,2,4062261.91,2031130.955
Pathein,2019-02,1,2718702.92,2718702.92
Pathein,2019-04,2,4513726.38,2256863.19
Pathein,2019-05,2,1534391.58,767195.79
Pathein,2019-06,2,3886404.4499999997,1943202.2249999999
Pathein,2019-07,1,1464626.43,1464626.43
Pathein,2019-08,1,895534.99,895534.99
Pathein,2019-09,1,3270962.0,3270962.0
Pathein,2019-10,4,11407188.14,2851797.035
Pathein,2019-11,3,10312117.950000001,3437372.6500000004
Pathein,2019-12,1,3073809.17,3073809.17
Pathein,2020-01,5,14555968.829999998,2911193.766
Pathein,2020-02,3,9041309.96,3013769.986666667
Pathein,2020-03,6,17461107.04,2910184.5066666664
Pathein,2020-04,2,5150513.640000001,2575256.8200000003
Pathein,2020-05,1,4040542.22,4040542.22
Pathein,2020-06,5,9467545.169999998,1893509.0339999995
Pathein,2020-07,3,7241779.61,2413926.5366666666
Pathein,2020-08,5,9619795.41,1923959.082
Pathein,2020-09,4,9892123.809999999,2473030.9524999997
Pathein,2020-10,5,13172141.58,2634428.316
Pathein,2020-11,6,9809235.33,1634872.555
Pathein,2020-12,4,14128434.620000001,3532108.6550000003
Pathein,2021-01,7,17817917.369999997,2545416.767142857
Pathein,2021-02,8,13994689.1,1749336.1375
Pathein,2021-03,8,22164538.93,2770567.36625
Pathein,2021-04,3,11566279.84,3855426.6133333333
Pathein,2021-05,6,17537674.59,2922945.765
Pathein,2021-06,5,13251249.709999999,2650249.942
Pathein,2021-07,7,20886889.03,2983841.29
Pathein,2021-08,8,17026933.77,2128366.72125
Pathein,2021-09,13,40643515.33,3126424.256153846
Pathein,2021-10,13,42280397.059999995,3252338.235384615
Pathein,2021-11,9,25471010.509999998,2830112.2788888887
Pathein,2021-12,6,14567441.290000001,2427906.881666667
Pathein,2022-01,5,10240398.23,2048079.6460000002
Pathein,2022-02,14,28519882.200000003,2037134.442857143
Pathein,2022-03,11,24353849.28,2213986.2981818183
Pathein,2022-04,11,30979991.04,2816362.821818182
Pathein,2022-05,12,26410534.03,2200877.8358333334
Pathein,2022-06,12,35926855.47,2993904.6225
Pathein,2022-07,9,24913173.0,2768130.3333333335
Pathein,2022-08,15,36809157.73,2453943.8486666665
Pathein,2022-09,12,32015450.22,2667954.185
Pathein,2022-10,15,38065154.16000001,2537676.9440000006
Pathein,2022-11,17,36021822.32,2118930.7247058824
Pathein,2022-12,16,37282542.38,2330158.89875
Pathein,2023-01,16,36660866.58,2291304.16125
Pathein,2023-02,16,29085779.380000003,1817861.2112500002
Pathein,2023-03,13,34090175.37,2622321.1823076922
Pathein,2023-04,26,64318128.04999998,2473774.15576923
Pathein,2023-05,28,75361056.65,2691466.3089285716
Pathein,2023-06,19,43321297.79000001,2280068.3047368424
Pathein,2023-07,18,50313770.379999995,2795209.465555555
Pathein,2023-08,18,46155400.49000001,2564188.9161111116
Pathein,2023-09,22,44551476.940000005,2025067.1336363638
Pathein,2023-10,32,83296844.24999999,2603026.3828124995
Pathein,2023-11,29,85333012.44000001,2942517.670344828
Pathein,2023-12,27,77862775.49999999,2883806.4999999995
Pathein,2024-01,42,92672386.07999998,2206485.3828571425
Pathein,2024-02,31,75217507.73000002,2426371.217096775
Pathein,2024-03,41,97934125.73,2388637.2129268292
Pathein,2024-04,44,117445316.50999998,2669211.738863636
Pathein,2024-05,41,117839937.30000001,2874144.8121951222
Pathein,2024-06,39,97467692.60000002,2499171.605128206
Pathein,2024-07,75,199861124.29999998,2664814.9906666665
Pathein,2024-08,54,122318132.56999998,2265150.603148148
Pathein,2024-09,55,138816752.72,2523940.9585454543
Pathein,2024-10,84,207358165.83000004,2468549.593214286
Pathein,2024-11,88,226345469.22000003,2572107.6047727275
Pathein,2024-12,76,184086189.33999994,2422186.7018421046
Pathein,2025-01,82,197742106.68000007,2411489.1058536596
Pathein,2025-02,110,265317449.7600002,2411976.816000002
Pathein,2025-03,171,421490292.71000016,2464855.5129239773
Pathein,2025-04,148,372271690.3999999,2515349.2594594588
Sittwe,2016-08,1,2944724.28,2944724.28
Sittwe,2016-11,1,2071839.8,2071839.8
Sittwe,2017-04,1,2440885.96,2440885.96
Sittwe,2017-09,1,503562.95,503562.95
Sittwe,2017-10,1,4258943.45,4258943.45
Sittwe,2018-02,1,4026968.5,4026968.5
Sittwe,2018-05,3,5276644.739999999,1758881.5799999998
Sittwe,2018-06,1,2166576.14,2166576.14
Sittwe,2018-08,2,3957708.6100000003,1978854.3050000002
Sittwe,2018-09,2,7947028.5600000005,3973514.2800000003
Sittwe,2018-11,3,6180821.99,2060273.9966666668
Sittwe,2019-01,4,9760833.870000001,2440208.4675000003
Sittwe,2019-03,1,2412855.58,2412855.58
Sittwe,2019-04,1,815512.81,815512.81
Sittwe,2019-05,1,1311631.01,1311631.01
Sittwe,2019-06,1,3526764.48,3526764.48
Sittwe,2019-07,2,6689122.85,3344561.425
Sittwe,2019-08,2,4366347.21,2183173.605
Sittwe,2019-09,1,3181916.88,3181916.88
Sittwe,2019-10,2,6376680.970000001,3188340.4850000003
Sittwe,2019-11,1,1124880.27,1124880.27
Sittwe,2019-12,2,9696385.100000001,4848192.550000001
Sittwe,2020-01,4,12465789.75,3116447.4375
Sittwe,2020-02,1,3636299.14,3636299.14
Sittwe,2020-03,4,8845745.89,2211436.4725
Sittwe,2020-04,4,10304576.110000001,2576144.0275000003
Sittwe,2020-05,3,7340883.93,2446961.31
Sittwe,2020-06,6,12297004.53,2049500.755
Sittwe,2020-07,9,23999390.130000003,2666598.903333334
Sittwe,2020-08,3,8145024.1,2715008.033333333
Sittwe,2020-09,2,5113065.260000001,2556532.6300000004
Sittwe,2020-10,6,15516941.549999997,2586156.9249999993
Sittwe,2020-11,3,4528618.43,1509539.4766666666
Sittwe,2020-12,4,9266166.65,2316541.6625
Sittwe,2021-01,8,22882463.13,2860307.89125
Sittwe,2021-02,4,7439759.77,1859939.9425
Sittwe,2021-03,8,22576636.32,2822079.54
Sittwe,2021-04,2,4671119.4,2335559.7
Sittwe,2021-05,9,19531940.43,2170215.6033333335
Sittwe,2021-06,10,24657619.05,2465761.9050000003
Sittwe,2021-07,8,14356314.030000001,1794539.2537500001
Sittwe,2021-08,6,13844992.12,2307498.6866666665
Sittwe,2021-09,5,11980047.75,2396009.55
Sittwe,2021-10,9,24360947.480000004,2706771.9422222227
Sittwe,2021-11,13,27447658.589999996,2111358.3530769227
Sittwe,2021-12,10,31288264.4,3128826.44
Sittwe,2022-01,6,13590088.79,2265014.7983333333
Sittwe,2022-02,13,25991987.59,1999383.6607692307
Sittwe,2022-03,13,30914211.570000004,2378016.274615385
Sittwe,2022-04,6,23312544.830000002,3885424.1383333337
Sittwe,2022-05,14,29417842.970000006,2101274.497857143
Sittwe,2022-06,12,26918295.060000002,2243191.2550000004
Sittwe,2022-07,12,28251517.45,2354293.120833333
Sittwe,2022-08,8,10253611.489999998,1281701.4362499998
Sittwe,2022-09,17,42358739.23999999,2491690.543529411
Sittwe,2022-10,12,26359453.0,2196621.0833333335
Sittwe,2022-11,23,55760715.93000001,2424378.9534782614
Sittwe,2022-12,21,48637751.769999996,2316083.417619047
Sittwe,2023-01,19,50668013.06000001,2666737.5294736847
Sittwe,2023-02,18,52845525.78,2935862.5433333335
Sittwe,2023-03,18,48652336.669999994,2702907.5927777775
Sittwe,2023-04,18,51683551.05,2871308.3916666666
Sittwe,2023-05,25,56586834.88999999,2263473.3956
Sittwe,2023-06,21,55101924.13,2623901.149047619
Sittwe,2023-07,20,44851320.839999996,2242566.042
Sittwe,2023-08,23,66916727.24000001,2909422.923478261
Sittwe,2023-09,25,65766743.17,2630669.7268000003
Sittwe,2023-10,32,97479132.73,3046222.8978125
Sittwe,2023-11,20,48478076.31000001,2423903.8155000005
Sittwe,2023-12,33,72547088.33999999,2198396.616363636
Sittwe,2024-01,29,71692232.36,2472145.943448276
Sittwe,2024-02,37,100350903.63999999,2712186.5848648646
Sittwe,2024-03,36,95405473.55999999,2650152.043333333
Sittwe,2024-04,38,87979243.38,2315243.246842105
Sittwe,2024-05,53,146220104.74,2758869.900754717
Sittwe,2024-06,46,113459548.52,2466511.924347826
Sittwe,2024-07,53,113225021.83,2136321.1666037734
Sittwe,2024-08,54,135987363.32000005,2518284.505925927
Sittwe,2024-09,71,186636434.29999995,2628682.173239436
Sittwe,2024-10,62,144701858.00000003,2333900.9354838715
Sittwe,2024-11,85,194171813.20999992,2284374.2730588224
Sittwe,2024-12,90,246500903.64000008,2738898.9293333343
Sittwe,2025-01,98,233128606.56,2378863.332244898
Sittwe,2025-02,113,285501994.34999996,2526566.3216814157
Sittwe,2025-03,199,513206364.1500001,2578926.453015076
Sittwe,2025-04,139,327752891.7399999,2357934.4729496394
Taunggyi,2016-04,1,3127736.09,3127736.09
Taunggyi,2016-08,1,1015992.43,1015992.43
Taunggyi,2017-03,1,4319208.49,4319208.49
Taunggyi,2017-05,1,2063215.28,2063215.28
Taunggyi,2017-06,1,2487792.32,2487792.32
Taunggyi,2017-11,1,2884444.57,2884444.57
Taunggyi,2017-12,1,346247.49,346247.49
Taunggyi,2018-01,1,1148183.88,1148183.88
Taunggyi,2018-02,1,2050253.53,2050253.53
Taunggyi,2018-05,2,2956772.67,1478386.335
Taunggyi,2018-06,3,9996300.98,3332100.3266666667
Taunggyi,2018-07,1,3192253.44,3192253.44
Taunggyi,2018-08,1,4510698.61,4510698.61
Taunggyi,2018-09,2,2910736.44,1455368.22
Taunggyi,2018-10,2,2574639.79,1287319.895
Taunggyi,2018-11,3,10017996.83,3339332.276666667
Taunggyi,2019-01,3,9385316.52,3128438.84
Taunggyi,2019-02,1,2811198.48,2811198.48
Taunggyi,2019-03,2,1552306.47,776153.235
Taunggyi,2019-05,2,3167900.59,1583950.295
Taunggyi,2019-06,1,1641816.48,1641816.48
Taunggyi,2019-08,1,4238214.39,4238214.39
Taunggyi,2019-09,1,1323245.55,1323245.55
Taunggyi,2019-11,1,117536.34,117536.34
Taunggyi,2019-12,1,188081.76,188081.76
Taunggyi,2020-01,9,28994557.669999998,3221617.518888889
Taunggyi,2020-02,2,4608198.88,2304099.44
Taunggyi,2020-03,3,2116367.4299999997,705455.8099999999
Taunggyi,2020-04,6,15104444.75,2517407.4583333335
Taunggyi,2020-05,2,5557675.62,2778837.81
Taunggyi,2020-06,2,3565133.5599999996,1782566.7799999998
Taunggyi,2020-07,5,14958451.81,2991690.362
Taunggyi,2020-08,3,6031305.92,2010435.3066666666
Taunggyi,2020-09,7,18644701.41,2663528.772857143
Taunggyi,2020-10,4,9940050.19,2485012.5475
Taunggyi,2020-11,5,7615084.769999999,1523016.9539999997
Taunggyi,2020-12,4,9773855.57,2443463.8925
Taunggyi,2021-01,7,19226906.42,2746700.9171428573
Taunggyi,2021-02,6,10087233.38,1681205.5633333335
Taunggyi,2021-03,6,11365944.760000002,1894324.126666667
Taunggyi,2021-04,6,17818525.73,2969754.2883333336
Taunggyi,2021-05,7,21861747.69,3123106.812857143
Taunggyi,2021-06,5,12977365.649999999,2595473.13
Taunggyi,2021-07,5,6209295.32,1241859.064
Taunggyi,2021-08,9,25097858.790000003,2788650.976666667
Taunggyi,2021-09,9,21994576.27,2443841.807777778
Taunggyi,2021-10,4,12724238.6,3181059.65
Taunggyi,2021-11,6,13552348.979999999,2258724.8299999996
Taunggyi,2021-12,7,13356884.790000001,1908126.3985714286
Taunggyi,2022-01,6,11708164.370000001,1951360.7283333335
Taunggyi,2022-02,10,27321952.869999997,2732195.2869999995
Taunggyi,2022-03,14,33363828.159999996,2383130.5828571427
Taunggyi,2022-04,4,13303749.25,3325937.3125
Taunggyi,2022-05,12,32836091.85,2736340.9875000003
Taunggyi,2022-06,9,19496145.98,2166238.442222222
Taunggyi,2022-07,11,28950749.25,2631886.2954545454
Taunggyi,2022-08,13,24538008.990000002,1887539.1530769232
Taunggyi,2022-09,13,27020919.940000005,2078532.3030769234
Taunggyi,2022-10,14,39533497.089999996,2823821.2207142855
Taunggyi,2022-11,17,48837027.31000001,2872766.312352942
Taunggyi,2022-12,11,28522457.81,2592950.71
Taunggyi,2023-01,18,37847027.43,2102612.635
Taunggyi,2023-02,16,29576481.27,1848530.079375
Taunggyi,2023-03,17,51941632.78,3055390.163529412
Taunggyi,2023-04,14,43758859.32000001,3125632.808571429
Taunggyi,2023-05,29,70895926.25999999,2444687.112413793
Taunggyi,2023-06,12,32644279.240000002,2720356.6033333335
Taunggyi,2023-07,29,62570071.00999998,2157588.655517241
Taunggyi,2023-08,22,54953304.019999996,2497877.455454545
Taunggyi,2023-09,25,53963745.29999999,2158549.8119999995
Taunggyi,2023-10,25,63667266.54000001,2546690.6616
Taunggyi,2023-11,33,93330202.92999999,2828187.9675757573
Taunggyi,2023-12,31,77612455.41,2503627.5938709676
Taunggyi,2024-01,25,64889014.96999999,2595560.5988
Taunggyi,2024-02,28,76305494.11,2725196.2182142856
Taunggyi,2024-03,41,105065281.94000001,2562567.8521951223
Taunggyi,2024-04,50,103399131.73,2067982.6346
Taunggyi,2024-05,47,119752663.13000005,2547929.0027659587
Taunggyi,2024-06,40,115530258.96000001,2888256.4740000004
Taunggyi,2024-07,47,109115535.84,2321607.145531915
Taunggyi,2024-08,46,125338048.32000002,2724740.180869566
Taunggyi,2024-09,72,193071828.35999992,2681553.1716666655
Taunggyi,2024-10,68,144889924.16000003,2130734.1788235297
Taunggyi,2024-11,60,155826646.38000003,2597110.7730000005
Taunggyi,2024-12,96,222506974.38000005,2317780.9831250007
Taunggyi,2025-01,85,199729260.24999994,2349756.002941176
Taunggyi,2025-02,126,302922878.99000007,2404149.833253969
Taunggyi,2025-03,173,422219795.16,2440576.850635838
Taunggyi,2025-04,141,340529861.7299998,2415105.402340424
Yangon,2015-10,1,1476722.88,1476722.88
Yangon,2015-11,2,7513986.8100000005,3756993.4050000003
Yangon,2016-08,1,2196417.52,2196417.52
Yangon,2016-10,1,650046.24,650046.24
Yangon,2016-12,2,3246368.94,1623184.47
Yangon,2017-01,1,302649.22,302649.22
Yangon,2017-02,2,4351671.5,2175835.75
Yangon,2017-03,1,1094819.16,1094819.16
Yangon,2017-05,1,410199.47,410199.47
Yangon,2017-06,1,82083.76,82083.76
Yangon,2017-10,1,785813.76,785813.76
Yangon,2017-11,1,2180231.96,2180231.96
Yangon,2017-12,1,3284446.66,3284446.66
Yangon,2018-01,5,12870204.51,2574040.902
Yangon,2018-02,4,15066515.36,3766628.84
Yangon,2018-03,5,12636507.48,2527301.4960000003
Yangon,2018-04,6,19643608.88,3273934.813333333
Yangon,2018-05,7,16278037.010000002,2325433.858571429
Yangon,2018-06,4,5339074.279999999,1334768.5699999998
Yangon,2018-07,6,10050842.16,1675140.36
Yangon,2018-08,7,21496811.759999998,3070973.1085714283
Yangon,2018-09,6,17236970.7,2872828.4499999997
Yangon,2018-10,7,11383413.3,1626201.9000000001
Yangon,2018-11,3,7074463.6899999995,2358154.563333333
Yangon,2018-12,12,28541123.9,2378426.9916666667
Yangon,2019-01,4,11684636.52,2921159.13
Yangon,2019-02,8,20084436.380000003,2510554.5475000003
Yangon,2019-03,11,20293773.35,1844888.4863636366
Yangon,2019-04,9,26460474.56,2940052.728888889
Yangon,2019-05,13,28154389.109999996,2165722.2392307688
Yangon,2019-06,6,11245103.6,1874183.9333333333
Yangon,2019-07,11,26785011.27,2435001.0245454544
Yangon,2019-08,12,28323105.799999997,2360258.8166666664
Yangon,2019-09,10,25558376.700000003,2555837.6700000004
Yangon,2019-10,13,33167123.27,2551317.1746153845
Yangon,2019-11,21,53058683.38999999,2526603.9709523804
Yangon,2019-12,16,46761143.43,2922571.464375
Yangon,2020-01,20,41403813.04,2070190.652
Yangon,2020-02,15,33677612.669999994,2245174.178
Yangon,2020-03,18,49848168.32,2769342.6844444443
Yangon,2020-04,11,33905710.830000006,3082337.3481818186
Yangon,2020-05,14,29022149.84,2073010.7028571428
Yangon,2020-06,17,38248117.480000004,2249889.263529412
Yangon,2020-07,22,59358205.79,2698100.263181818
Yangon,2020-08,25,72495313.91,2899812.5563999997
Yangon,2020-09,19,47372425.30999999,2493285.542631578
Yangon,2020-10,19,49296327.77,2594543.5668421052
Yangon,2020-11,19,54883955.410000004,2888629.2321052635
Yangon,2020-12,27,62193465.03000001,2303461.667777778
Yangon,2021-01,28,69968288.69,2498867.4532142854
Yangon,2021-02,18,43255773.93,2403098.5516666668
Yangon,2021-03,20,50298421.35000001,2514921.0675000004
Yangon,2021-04,40,93796581.94000001,2344914.5485000005
Yangon,2021-05,44,107492326.44999999,2443007.4193181815
Yangon,2021-06,25,71030999.64999999,2841239.9859999996
Yangon,2021-07,41,106026392.03,2586009.561707317
Yangon,2021-08,25,59931915.19999999,2397276.6079999995
Yangon,2021-09,41,93246041.57000001,2274293.6968292687
Yangon,2021-10,48,113957652.50999998,2374117.7606249996
Yangon,2021-11,42,107309556.48999998,2554989.440238095
Yangon,2021-12,50,130676313.91999997,2613526.2783999993
Yangon,2022-01,43,105691619.47,2457944.6388372094
Yangon,2022-02,50,129812737.22000001,2596254.7444
Yangon,2022-03,50,120225527.26999998,2404510.5453999997
Yangon,2022-04,60,133647667.41000001,2227461.1235
Yangon,2022-05,56,153268543.15,2736938.2705357145
Yangon,2022-06,58,144757613.57999995,2495820.9237931026
Yangon,2022-07,67,167714414.57000002,2503200.217462687
Yangon,2022-08,64,147691038.23000005,2307672.4723437508
Yangon,2022-09,66,172756422.28000006,2617521.5496969707
Yangon,2022-10,82,183506882.10999995,2237888.8062195117
Yangon,2022-11,87,228639395.06999993,2628039.0237931027
Yangon,2022-12,85,229266821.09000006,2697256.7187058832
Yangon,2023-01,87,208802107.91000015,2400024.2288505766
Yangon,2023-02,90,208829868.99,2320331.8776666666
Yangon,2023-03,98,235044662.46,2398414.9230612246
Yangon,2023-04,118,261484475.12000003,2215970.1281355936
Yangon,2023-05,109,245552241.91000003,2252772.861559633
Yangon,2023-06,111,293119566.00000006,2640716.8108108114
Yangon,2023-07,124,299821283.8499999,2417913.579435483
Yangon,2023-08,114,262449528.62000012,2302188.847543861
Yangon,2023-09,115,304986095.63000005,2652053.0054782615
Yangon,2023-10,120,284966915.19,2374724.29325
Yangon,2023-11,161,404181638.7300001,2510444.961055901
Yangon,2023-12,177,438428940.4,2476999.663276836
Yangon,2024-01,166,417706835.5599998,2516306.238313252
Yangon,2024-02,182,447909876.6200003,2461043.2781318696
Yangon,2024-03,173,470547814.49000037,2719929.563526014
Yangon,2024-04,201,498722362.41000015,2481205.783134329
Yangon,2024-05,210,556936958.42,2652080.754380952
Yangon,2024-06,189,497661611.6999997,2633130.220634919
Yangon,2024-07,248,623873361.0799998,2515618.391451612
Yangon,2024-08,299,708097408.5200002,2368218.757591974
Yangon,2024-09,302,776437937.1300006,2570986.5467880815
Yangon,2024-10,354,848321860.0900006,2396389.4352824874
Yangon,2024-11,419,1090748169.3199995,2603217.587875894
Yangon,2024-12,440,1101216361.9100006,2502764.458886365
Yangon,2025-01,502,1227757892.2500017,2445732.853087653
Yangon,2025-02,566,1472036387.9000008,2600771.0033568917
Yangon,2025-03,919,2292983544.4799976,2495085.4673340563
Yangon,2025-04,718,1781677748.1900008,2481445.3317409484
