score_id,customer_id,score,date_recorded,risk_level
1,1,554,2018-05-25,High
2,1,596,2024-03-13,High
3,1,602,2022-11-01,Medium
4,2,493,2025-03-29,High
5,3,500,2023-11-29,High
6,3,513,2021-03-25,High
7,3,459,2018-02-10,High
8,3,453,2023-05-30,High
9,3,469,2024-11-21,High
10,4,751,2020-03-31,Low
11,4,680,2019-05-23,Medium
12,4,729,2024-12-05,Low
13,4,737,2023-03-31,Low
14,4,721,2020-10-27,Low
15,5,607,2024-11-18,Medium
16,6,743,2024-11-01,Low
17,6,741,2024-09-02,Low
18,6,704,2024-09-07,Low
19,6,770,2024-08-30,Low
20,7,749,2023-10-30,Low
21,7,770,2020-03-03,Low
22,7,770,2019-12-01,Low
23,7,772,2023-05-22,Low
24,7,748,2025-02-05,Low
25,8,720,2025-03-03,Low
26,8,664,2020-04-29,Medium
27,8,712,2020-03-08,Low
28,9,695,2018-12-19,Medium
29,10,655,2024-02-06,Medium
30,10,612,2024-04-12,Medium
31,10,643,2024-08-20,Medium
32,11,550,2025-02-01,High
33,11,592,2024-06-14,High
34,11,543,2025-01-25,High
35,11,577,2024-01-06,High
36,12,850,2022-09-28,Low
37,12,850,2025-03-16,Low
38,12,850,2023-11-07,Low
39,13,797,2024-07-23,Low
40,13,784,2017-09-15,Low
41,13,773,2025-01-17,Low
42,13,731,2020-11-09,Low
43,13,733,2021-10-13,Low
44,14,718,2023-12-27,Low
45,14,780,2022-04-24,Low
46,14,737,2022-10-30,Low
47,14,727,2024-09-15,Low
48,15,546,2023-12-20,High
49,15,575,2020-10-16,High
50,15,582,2023-01-22,High
51,16,811,2024-10-15,Low
52,16,831,2024-11-05,Low
53,17,528,2021-07-01,High
54,17,467,2021-02-01,High
55,18,341,2023-04-05,High
56,18,386,2023-04-03,High
57,19,619,2024-02-28,Medium
58,19,569,2024-12-21,High
59,19,588,2024-11-26,High
60,20,838,2020-02-13,Low
61,20,850,2020-01-27,Low
62,20,818,2025-01-18,Low
63,20,850,2019-06-12,Low
64,20,840,2024-02-02,Low
65,21,399,2024-02-28,High
66,21,399,2021-03-30,High
67,21,408,2024-04-05,High
68,21,369,2021-08-15,High
69,22,667,2021-09-11,Medium
70,22,720,2022-01-19,Low
71,22,685,2022-01-09,Medium
72,22,653,2021-12-14,Medium
73,22,706,2024-10-07,Low
74,23,395,2019-11-20,High
75,24,549,2017-10-10,High
76,24,505,2019-02-10,High
77,25,394,2019-06-23,High
78,25,366,2017-10-02,High
79,25,365,2024-12-25,High
80,25,394,2017-01-25,High
81,25,339,2021-08-24,High
82,26,328,2023-11-24,High
83,27,823,2021-08-06,Low
84,27,829,2024-04-14,Low
85,27,850,2023-09-27,Low
86,28,649,2019-09-21,Medium
87,28,648,2024-07-14,Medium
88,28,663,2019-09-05,Medium
89,29,526,2023-07-05,High
90,29,554,2019-05-30,High
91,30,850,2018-09-19,Low
92,31,454,2024-05-27,High
93,31,451,2024-06-22,High
94,32,431,2022-10-28,High
95,32,433,2022-03-18,High
96,32,446,2024-02-25,High
97,33,761,2024-09-17,Low
98,34,753,2023-08-21,Low
99,34,737,2020-11-24,Low
100,35,850,2020-10-25,Low
101,35,850,2019-09-04,Low
102,35,850,2023-03-29,Low
103,36,434,2024-07-17,High
104,36,409,2023-12-09,High
105,37,834,2025-02-28,Low
106,37,845,2024-08-12,Low
107,38,733,2024-08-24,Low
108,38,753,2024-09-02,Low
109,38,758,2023-12-27,Low
110,38,783,2024-07-25,Low
111,38,755,2024-05-30,Low
112,39,514,2024-11-06,High
113,39,548,2025-02-27,High
114,39,534,2025-01-15,High
115,40,469,2019-05-26,High
116,40,503,2018-06-17,High
117,40,447,2016-01-10,High
118,40,466,2019-11-28,High
119,41,339,2020-04-02,High
120,41,388,2020-10-13,High
121,41,414,2020-03-13,High
122,42,808,2022-08-05,Low
123,42,789,2021-10-02,Low
124,42,774,2020-07-19,Low
125,43,439,2023-04-05,High
126,44,371,2024-07-15,High
127,44,430,2024-09-28,High
128,45,559,2021-02-19,High
129,45,497,2020-05-18,High
130,45,498,2017-12-02,High
131,45,515,2023-07-12,High
132,46,486,2019-11-04,High
133,46,488,2025-01-13,High
134,46,463,2019-10-21,High
135,46,479,2023-07-31,High
136,46,490,2025-01-05,High
137,47,790,2015-12-21,Low
138,47,758,2022-07-15,Low
139,47,791,2017-05-11,Low
140,48,731,2022-03-28,Low
141,48,683,2022-10-02,Medium
142,48,738,2022-05-15,Low
143,48,698,2023-06-16,Medium
144,49,751,2016-10-23,Low
145,49,761,2015-11-20,Low
146,50,849,2022-09-19,Low
147,50,847,2022-03-13,Low
148,51,676,2025-01-08,Medium
149,52,614,2023-08-21,Medium
150,52,650,2021-07-04,Medium
151,52,648,2020-05-08,Medium
152,53,593,2021-11-08,High
153,53,573,2018-06-28,High
154,53,546,2020-12-26,High
155,53,560,2023-01-01,High
156,53,554,2019-05-27,High
157,54,366,2025-04-04,High
158,55,837,2023-01-03,Low
159,55,820,2024-10-07,Low
160,55,791,2024-10-24,Low
161,55,820,2023-04-09,Low
162,55,809,2024-09-02,Low
163,56,637,2023-08-25,Medium
164,56,627,2023-07-13,Medium
165,56,634,2020-03-28,Medium
166,56,659,2023-05-20,Medium
167,56,640,2022-11-28,Medium
168,57,416,2024-01-03,High
169,57,403,2023-03-15,High
170,57,397,2022-12-11,High
171,58,739,2021-05-28,Low
172,58,715,2018-10-20,Low
173,59,702,2023-05-23,Low
174,59,698,2024-02-26,Medium
175,59,702,2025-01-17,Low
176,59,697,2024-01-04,Medium
177,59,712,2024-01-04,Low
178,60,459,2024-11-22,High
179,60,444,2024-05-22,High
180,61,827,2024-02-10,Low
181,61,811,2024-01-26,Low
182,61,835,2024-09-14,Low
183,61,841,2024-11-12,Low
184,61,820,2023-01-31,Low
185,62,662,2024-04-10,Medium
186,62,687,2023-04-28,Medium
187,62,644,2024-05-29,Medium
188,63,765,2023-02-27,Low
189,63,751,2022-12-12,Low
190,63,777,2022-07-22,Low
191,63,732,2024-06-06,Low
192,64,743,2020-11-11,Low
193,64,678,2016-04-08,Medium
194,64,704,2022-04-06,Low
195,64,661,2017-08-17,Medium
196,65,711,2021-10-21,Low
197,65,706,2023-03-04,Low
198,65,685,2024-03-16,Medium
199,66,602,2024-06-13,Medium
200,66,574,2024-10-17,High
201,66,600,2023-07-26,High
202,66,609,2024-07-20,Medium
203,66,585,2025-04-06,High
204,67,737,2023-05-19,Low
205,67,792,2023-11-28,Low
206,67,792,2024-06-05,Low
207,68,366,2023-03-16,High
208,68,379,2024-04-07,High
209,68,413,2024-08-21,High
210,68,389,2024-10-29,High
211,69,659,2024-01-21,Medium
212,69,609,2020-06-04,Medium
213,69,594,2023-07-20,High
214,70,595,2025-01-21,High
215,70,593,2024-06-01,High
216,70,583,2024-07-14,High
217,71,440,2021-04-15,High
218,71,436,2022-11-26,High
219,71,459,2024-05-20,High
220,72,751,2024-01-31,Low
221,72,737,2019-02-09,Low
222,73,841,2024-12-26,Low
223,73,850,2025-01-31,Low
224,74,613,2025-01-20,Medium
225,75,609,2019-11-08,Medium
226,76,488,2020-04-01,High
227,77,366,2020-04-17,High
228,77,437,2022-01-14,High
229,78,334,2021-06-19,High
230,78,368,2020-11-25,High
231,78,415,2023-07-09,High
232,79,432,2024-11-14,High
233,79,450,2022-11-21,High
234,79,464,2024-04-06,High
235,79,398,2022-07-31,High
236,80,830,2023-05-26,Low
237,80,816,2025-02-10,Low
238,81,448,2021-05-15,High
239,81,437,2023-10-10,High
240,81,448,2022-05-15,High
241,81,402,2024-10-15,High
242,81,422,2023-03-31,High
243,82,364,2024-12-29,High
244,82,334,2024-09-23,High
245,82,343,2024-08-29,High
246,82,331,2023-12-16,High
247,83,462,2025-03-05,High
248,83,475,2025-01-19,High
249,83,472,2024-04-01,High
250,83,470,2024-11-15,High
251,83,464,2025-04-03,High
252,84,828,2023-04-28,Low
253,84,850,2023-07-08,Low
254,84,850,2021-11-20,Low
255,85,850,2024-02-04,Low
256,86,778,2022-06-05,Low
257,86,744,2024-02-03,Low
258,87,848,2025-03-05,Low
259,88,411,2022-12-26,High
260,88,442,2022-12-04,High
261,88,439,2023-09-15,High
262,88,393,2023-06-16,High
263,89,737,2023-06-18,Low
264,89,748,2023-04-26,Low
265,89,747,2024-09-04,Low
266,89,762,2025-02-03,Low
267,90,544,2024-03-27,High
268,90,592,2019-03-26,High
269,91,474,2024-09-04,High
270,92,794,2017-05-30,Low
271,92,821,2023-11-09,Low
272,92,800,2024-07-27,Low
273,92,795,2018-11-23,Low
274,93,442,2022-04-03,High
275,93,442,2017-12-02,High
276,94,844,2025-03-30,Low
277,94,850,2025-03-16,Low
278,94,850,2025-03-27,Low
279,94,850,2025-03-23,Low
280,95,724,2024-09-08,Low
281,95,733,2024-07-17,Low
282,95,709,2024-07-18,Low
283,95,706,2024-12-16,Low
284,96,377,2022-01-15,High
285,96,407,2025-03-01,High
286,96,397,2023-06-24,High
287,96,403,2022-11-11,High
288,97,775,2023-12-29,Low
289,97,794,2019-12-25,Low
290,97,751,2022-03-01,Low
291,98,416,2020-10-16,High
292,99,375,2023-04-21,High
293,99,339,2025-02-24,High
294,99,402,2022-08-14,High
295,99,390,2025-03-17,High
296,99,392,2023-03-12,High
297,100,841,2023-11-04,Low
298,100,836,2024-06-18,Low
299,100,818,2024-03-30,Low
300,100,850,2024-02-24,Low
301,101,558,2022-04-26,High
302,101,581,2018-06-25,High
303,101,544,2022-02-28,High
304,102,358,2020-10-14,High
305,103,717,2024-11-05,Low
306,103,710,2024-07-22,Low
307,104,656,2022-02-02,Medium
308,104,628,2022-10-12,Medium
309,104,663,2024-12-08,Medium
310,105,581,2020-12-01,High
311,105,547,2019-02-03,High
312,105,573,2018-11-14,High
313,106,464,2021-12-21,High
314,106,496,2022-06-18,High
315,106,501,2023-05-23,High
316,106,433,2024-02-25,High
317,107,821,2024-05-10,Low
318,107,786,2019-09-07,Low
319,108,495,2023-07-17,High
320,108,529,2023-12-29,High
321,108,494,2024-04-25,High
322,108,481,2024-11-04,High
323,109,531,2022-04-26,High
324,109,525,2019-03-01,High
325,109,492,2020-06-27,High
326,110,648,2021-12-18,Medium
327,110,661,2021-01-12,Medium
328,111,825,2020-07-21,Low
329,111,804,2021-05-13,Low
330,112,704,2019-03-10,Low
331,112,701,2020-09-22,Low
332,113,659,2025-04-02,Medium
333,113,635,2025-03-28,Medium
334,113,695,2025-03-29,Medium
335,113,686,2025-04-04,Medium
336,114,625,2024-04-30,Medium
337,115,823,2021-09-02,Low
338,116,457,2024-09-12,High
339,116,392,2023-04-05,High
340,116,435,2022-12-21,High
341,116,393,2022-09-16,High
342,117,674,2022-09-04,Medium
343,117,652,2023-10-13,Medium
344,118,536,2020-09-28,High
345,118,562,2023-02-10,High
346,119,497,2022-06-15,High
347,119,490,2024-09-24,High
348,119,478,2021-12-16,High
349,120,832,2019-09-18,Low
350,121,630,2024-03-11,Medium
351,121,602,2023-01-14,Medium
352,121,655,2024-07-26,Medium
353,121,635,2025-02-17,Medium
354,121,672,2024-05-25,Medium
355,122,559,2024-02-04,High
356,123,397,2023-05-09,High
357,123,377,2020-12-29,High
358,123,356,2023-06-19,High
359,123,378,2020-07-09,High
360,124,718,2024-02-01,Low
361,124,733,2024-12-22,Low
362,125,412,2025-01-04,High
363,126,549,2024-01-18,High
364,127,706,2021-07-07,Low
365,127,661,2024-08-08,Medium
366,128,721,2024-05-04,Low
367,128,753,2022-02-04,Low
368,129,351,2021-07-19,High
369,129,341,2023-07-18,High
370,129,361,2024-05-03,High
371,129,365,2024-08-23,High
372,130,577,2024-10-02,High
373,130,541,2024-07-09,High
374,130,601,2024-08-10,Medium
375,131,599,2021-10-19,High
376,131,598,2021-08-19,High
377,131,616,2022-07-25,Medium
378,131,575,2022-09-22,High
379,131,571,2023-01-26,High
380,132,850,2019-07-04,Low
381,132,850,2024-04-10,Low
382,132,800,2021-04-11,Low
383,132,850,2023-09-06,Low
384,132,849,2023-01-06,Low
385,133,380,2024-12-15,High
386,133,355,2024-05-06,High
387,133,360,2023-10-19,High
388,133,337,2025-01-22,High
389,134,823,2024-05-20,Low
390,134,834,2022-11-30,Low
391,135,413,2024-08-23,High
392,135,350,2024-09-06,High
393,136,842,2023-11-16,Low
394,136,844,2023-10-05,Low
395,136,850,2024-01-02,Low
396,137,516,2024-01-24,High
397,138,733,2025-02-01,Low
398,139,850,2025-02-04,Low
399,139,814,2023-07-29,Low
400,140,648,2021-12-14,Medium
401,140,603,2021-07-09,Medium
402,140,636,2021-05-21,Medium
403,140,619,2023-08-28,Medium
404,141,682,2024-01-11,Medium
405,141,689,2022-07-02,Medium
406,141,683,2020-04-01,Medium
407,142,834,2024-07-18,Low
408,142,842,2022-08-02,Low
409,143,820,2022-10-17,Low
410,143,818,2023-05-05,Low
411,143,818,2023-05-23,Low
412,143,799,2023-09-26,Low
413,144,669,2023-03-22,Medium
414,144,670,2023-06-20,Medium
415,144,662,2023-07-23,Medium
416,145,633,2020-09-30,Medium
417,146,688,2024-09-20,Medium
418,147,708,2022-09-27,Low
419,147,658,2021-09-26,Medium
420,148,720,2022-08-21,Low
421,149,473,2022-12-09,High
422,149,435,2024-03-14,High
423,149,493,2019-09-20,High
424,149,495,2025-03-07,High
425,150,455,2022-07-19,High
426,151,556,2024-08-19,High
427,152,453,2024-03-25,High
428,152,451,2021-03-23,High
429,153,448,2021-12-22,High
430,153,465,2023-05-23,High
431,154,445,2015-11-09,High
432,155,850,2023-04-06,Low
433,155,821,2025-03-13,Low
434,156,766,2023-08-31,Low
435,156,757,2023-05-06,Low
436,156,748,2023-05-01,Low
437,157,534,2023-11-26,High
438,157,527,2021-01-09,High
439,158,777,2023-07-04,Low
440,159,318,2022-09-03,High
441,160,467,2020-04-07,High
442,160,504,2024-08-05,High
443,161,772,2022-09-29,Low
444,162,583,2024-12-25,High
445,162,578,2023-07-25,High
446,162,609,2024-08-26,Medium
447,162,567,2023-06-08,High
448,163,816,2021-10-07,Low
449,163,824,2022-11-04,Low
450,163,787,2022-11-23,Low
451,163,809,2021-09-21,Low
452,164,779,2025-02-28,Low
453,164,843,2025-03-20,Low
454,165,654,2023-03-02,Medium
455,165,647,2024-07-20,Medium
456,165,657,2023-03-17,Medium
457,165,628,2025-02-25,Medium
458,165,634,2022-04-06,Medium
459,166,636,2025-03-12,Medium
460,167,780,2018-11-19,Low
461,168,815,2024-02-23,Low
462,169,586,2025-01-10,High
463,169,575,2021-03-30,High
464,169,589,2023-11-04,High
465,170,381,2025-03-21,High
466,171,850,2024-02-23,Low
467,172,586,2018-11-29,High
468,172,505,2016-07-31,High
469,172,534,2017-05-27,High
470,172,585,2023-10-27,High
471,173,452,2024-05-23,High
472,174,398,2024-09-06,High
473,174,452,2024-12-20,High
474,174,412,2024-12-23,High
475,174,407,2024-08-22,High
476,175,591,2024-06-03,High
477,175,636,2024-12-17,Medium
478,176,733,2016-10-06,Low
479,176,777,2021-12-03,Low
480,176,766,2016-02-16,Low
481,177,546,2021-01-16,High
482,177,547,2019-11-18,High
483,177,550,2018-09-29,High
484,177,558,2020-01-21,High
485,178,471,2022-05-20,High
486,178,448,2021-08-28,High
487,178,427,2021-09-08,High
488,179,430,2020-04-19,High
489,180,601,2023-09-02,Medium
490,180,612,2025-01-18,Medium
491,180,630,2020-08-05,Medium
492,180,588,2023-04-17,High
493,181,737,2021-04-03,Low
494,181,737,2021-07-28,Low
495,181,762,2024-04-06,Low
496,181,711,2020-06-16,Low
497,181,778,2020-07-17,Low
498,182,365,2022-02-26,High
499,182,336,2021-08-21,High
500,182,350,2022-12-08,High
501,182,336,2025-01-04,High
502,183,488,2016-01-13,High
503,183,556,2020-10-16,High
504,183,529,2021-06-26,High
505,183,484,2023-04-18,High
506,183,563,2022-07-13,High
507,184,687,2023-04-16,Medium
508,184,674,2018-12-09,Medium
509,184,673,2020-11-17,Medium
510,185,470,2019-06-29,High
511,185,533,2023-07-16,High
512,185,523,2022-09-23,High
513,185,495,2022-08-13,High
514,185,521,2022-02-15,High
515,186,735,2022-02-26,Low
516,186,737,2023-10-18,Low
517,186,736,2024-03-09,Low
518,187,504,2019-11-25,High
519,188,500,2022-10-26,High
520,189,371,2025-04-05,High
521,189,387,2025-04-01,High
522,189,346,2025-03-27,High
523,189,341,2025-04-09,High
524,189,401,2025-03-28,High
525,190,839,2020-05-26,Low
526,190,822,2019-05-25,Low
527,190,849,2025-02-26,Low
528,190,850,2023-01-23,Low
529,191,806,2021-05-04,Low
530,191,810,2023-07-20,Low
531,191,823,2017-12-25,Low
532,191,798,2024-11-08,Low
533,192,790,2025-03-17,Low
534,192,814,2021-08-11,Low
535,192,826,2023-10-11,Low
536,193,784,2019-12-24,Low
537,193,726,2016-09-21,Low
538,193,770,2019-06-15,Low
539,193,751,2019-02-24,Low
540,194,327,2023-08-31,High
541,194,314,2022-03-26,High
542,194,336,2022-03-13,High
543,194,356,2025-01-25,High
544,194,351,2023-12-31,High
545,195,439,2020-09-01,High
546,195,444,2025-03-23,High
547,195,493,2022-10-04,High
548,196,408,2024-10-04,High
549,196,412,2024-07-03,High
550,196,383,2024-10-17,High
551,197,427,2022-10-17,High
552,198,529,2022-07-27,High
553,198,535,2022-11-20,High
554,199,642,2023-10-31,Medium
555,199,669,2024-01-06,Medium
556,199,642,2023-01-13,Medium
557,200,369,2020-10-26,High
558,200,384,2021-03-30,High
559,200,371,2024-01-21,High
560,201,729,2018-06-14,Low
561,201,721,2020-06-10,Low
562,202,472,2025-02-13,High
563,202,461,2025-01-20,High
564,202,482,2025-03-31,High
565,203,724,2023-09-23,Low
566,203,680,2022-09-23,Medium
567,203,724,2022-09-06,Low
568,203,708,2019-07-18,Low
569,204,453,2020-03-23,High
570,204,491,2019-09-25,High
571,205,591,2020-02-19,High
572,205,621,2022-02-09,Medium
573,205,604,2024-04-11,Medium
574,205,605,2022-01-10,Medium
575,205,632,2022-12-25,Medium
576,206,803,2023-10-25,Low
577,206,764,2024-09-03,Low
578,206,746,2024-09-25,Low
579,206,789,2021-11-09,Low
580,207,622,2019-03-29,Medium
581,207,680,2019-12-12,Medium
582,208,763,2024-12-13,Low
583,208,775,2019-02-04,Low
584,208,755,2021-04-04,Low
585,209,575,2023-11-10,High
586,209,599,2019-04-14,High
587,209,591,2018-10-11,High
588,209,618,2018-02-01,Medium
589,209,639,2024-05-29,Medium
590,210,611,2023-01-14,Medium
591,210,625,2021-11-09,Medium
592,210,614,2021-11-16,Medium
593,210,589,2022-11-26,High
594,211,714,2024-03-17,Low
595,211,652,2024-02-16,Medium
596,211,686,2024-03-16,Medium
597,211,665,2024-10-24,Medium
598,211,700,2024-08-29,Medium
599,212,705,2021-09-08,Low
600,212,688,2025-01-13,Medium
601,212,707,2024-04-13,Low
602,212,687,2023-03-20,Medium
603,212,680,2020-02-10,Medium
604,213,640,2025-04-08,Medium
605,213,614,2025-03-20,Medium
606,213,623,2025-04-03,Medium
607,213,603,2025-03-31,Medium
608,213,587,2025-03-31,High
609,214,809,2021-07-13,Low
610,214,804,2018-04-24,Low
611,215,536,2024-05-20,High
612,215,571,2024-10-30,High
613,215,542,2025-04-01,High
614,215,565,2025-02-12,High
615,215,538,2024-05-11,High
616,216,391,2025-03-02,High
617,216,358,2023-09-22,High
618,216,372,2024-06-10,High
619,216,378,2023-12-29,High
620,217,396,2024-04-27,High
621,218,411,2020-01-15,High
622,218,413,2021-06-02,High
623,218,417,2024-03-04,High
624,219,511,2024-09-10,High
625,219,528,2023-04-06,High
626,219,508,2023-04-02,High
627,219,475,2024-11-18,High
628,219,522,2024-07-03,High
629,220,841,2020-09-20,Low
630,220,850,2020-10-17,Low
631,221,762,2017-09-02,Low
632,221,770,2021-09-08,Low
633,221,765,2019-09-13,Low
634,221,797,2025-01-15,Low
635,221,795,2021-05-03,Low
636,222,850,2023-05-08,Low
637,222,835,2025-03-29,Low
638,222,827,2024-07-31,Low
639,222,850,2024-02-22,Low
640,223,527,2018-01-08,High
641,223,467,2019-03-31,High
642,223,523,2019-02-10,High
643,223,498,2019-03-27,High
644,224,801,2021-04-10,Low
645,225,340,2020-09-30,High
646,225,342,2016-12-22,High
647,225,327,2016-12-03,High
648,225,347,2024-02-20,High
649,226,707,2021-05-24,Low
650,226,667,2023-12-26,Medium
651,226,694,2020-11-22,Medium
652,227,779,2025-03-30,Low
653,227,734,2025-01-24,Low
654,227,763,2024-11-03,Low
655,227,746,2025-01-01,Low
656,228,310,2024-06-06,High
657,228,346,2024-09-27,High
658,229,798,2023-08-16,Low
659,229,773,2023-01-20,Low
660,229,773,2023-01-23,Low
661,229,811,2023-08-26,Low
662,230,478,2023-10-05,High
663,230,488,2022-01-20,High
664,230,508,2021-01-29,High
665,231,803,2023-10-01,Low
666,232,350,2024-12-29,High
667,232,363,2024-09-23,High
668,233,530,2018-01-06,High
669,233,522,2021-06-20,High
670,234,840,2023-07-16,Low
671,234,827,2023-07-06,Low
672,234,848,2025-01-03,Low
673,234,812,2023-01-02,Low
674,234,832,2021-05-03,Low
675,235,756,2018-04-16,Low
676,236,571,2022-06-12,High
677,236,604,2024-12-23,Medium
678,236,605,2022-02-14,Medium
679,236,558,2023-03-19,High
680,237,475,2023-06-02,High
681,237,457,2023-05-26,High
682,238,505,2019-01-19,High
683,238,535,2020-12-29,High
684,238,530,2018-12-07,High
685,238,503,2022-03-20,High
686,239,592,2021-04-24,High
687,239,582,2024-02-11,High
688,239,600,2023-11-07,High
689,239,606,2018-01-03,Medium
690,240,768,2023-08-18,Low
691,241,816,2023-05-19,Low
692,241,850,2022-10-24,Low
693,241,850,2024-08-22,Low
694,241,805,2022-06-15,Low
695,241,836,2023-11-14,Low
696,242,599,2025-02-18,High
697,242,632,2024-09-29,Medium
698,242,645,2025-03-22,Medium
699,242,628,2025-03-01,Medium
700,242,644,2024-12-31,Medium
701,243,339,2023-06-01,High
702,243,354,2023-08-02,High
703,243,328,2023-05-10,High
704,244,453,2020-09-03,High
705,244,439,2022-07-30,High
706,244,417,2023-06-02,High
707,244,448,2019-12-12,High
708,245,581,2019-04-15,High
709,246,642,2023-04-29,Medium
710,246,600,2017-06-07,High
711,246,615,2018-04-13,Medium
712,246,624,2022-06-12,Medium
713,246,622,2025-01-29,Medium
714,247,850,2021-08-28,Low
715,247,829,2024-07-08,Low
716,247,850,2023-04-21,Low
717,247,823,2024-01-18,Low
718,247,839,2025-03-14,Low
719,248,352,2017-09-01,High
720,248,333,2025-03-09,High
721,248,370,2022-03-28,High
722,248,339,2023-03-09,High
723,248,365,2022-02-03,High
724,249,574,2025-01-17,High
725,249,555,2024-10-30,High
726,249,566,2023-12-18,High
727,249,552,2024-02-16,High
728,249,584,2024-06-17,High
729,250,504,2023-01-14,High
730,250,461,2020-05-03,High
731,250,448,2020-11-10,High
732,250,464,2021-08-09,High
733,251,813,2015-12-23,Low
734,251,809,2017-09-06,Low
735,252,435,2017-06-08,High
736,253,514,2020-02-13,High
737,253,511,2024-04-13,High
738,253,547,2019-05-15,High
739,253,514,2022-06-15,High
740,254,526,2019-12-20,High
741,254,556,2024-08-02,High
742,255,609,2024-05-27,Medium
743,255,607,2024-12-27,Medium
744,255,625,2023-12-06,Medium
745,256,790,2024-11-28,Low
746,256,807,2019-10-12,Low
747,256,808,2023-01-30,Low
748,256,799,2025-02-07,Low
749,256,808,2024-08-07,Low
750,257,789,2023-05-09,Low
751,257,847,2022-01-06,Low
752,258,820,2020-04-13,Low
753,258,808,2018-02-11,Low
754,258,844,2023-07-13,Low
755,258,827,2018-06-07,Low
756,258,845,2018-02-06,Low
757,259,553,2020-05-18,High
758,259,543,2021-03-23,High
759,259,576,2024-11-27,High
760,259,568,2022-06-24,High
761,259,545,2024-08-18,High
762,260,574,2023-10-12,High
763,260,589,2024-11-23,High
764,260,550,2024-06-01,High
765,260,514,2025-01-03,High
766,261,360,2021-11-06,High
767,261,418,2025-03-11,High
768,261,423,2020-08-22,High
769,261,380,2021-11-01,High
770,261,422,2019-12-19,High
771,262,747,2022-03-25,Low
772,263,695,2023-08-14,Medium
773,263,717,2025-02-16,Low
774,263,714,2022-07-25,Low
775,264,825,2025-03-10,Low
776,264,819,2025-02-22,Low
777,264,850,2025-03-29,Low
778,265,779,2024-12-21,Low
779,265,774,2024-09-08,Low
780,266,812,2023-07-06,Low
781,266,814,2023-09-05,Low
782,266,806,2023-04-18,Low
783,267,617,2024-07-26,Medium
784,267,630,2024-07-05,Medium
785,267,614,2024-11-24,Medium
786,267,632,2024-07-27,Medium
787,268,533,2020-11-18,High
788,268,536,2023-12-14,High
789,268,496,2024-02-23,High
790,268,534,2024-02-02,High
791,268,521,2020-05-15,High
792,269,637,2023-08-22,Medium
793,269,590,2024-12-07,High
794,269,592,2024-11-06,High
795,269,604,2024-02-26,Medium
796,270,437,2022-03-02,High
797,270,445,2017-06-16,High
798,270,437,2023-07-31,High
799,271,444,2021-11-27,High
800,272,635,2017-11-12,Medium
801,272,657,2024-10-26,Medium
802,273,384,2024-08-30,High
803,273,438,2025-04-07,High
804,273,455,2025-03-28,High
805,274,399,2025-03-20,High
806,274,397,2024-09-21,High
807,274,406,2024-12-22,High
808,274,474,2024-06-16,High
809,274,471,2024-09-12,High
810,275,610,2025-03-21,Medium
811,275,603,2024-09-15,Medium
812,275,617,2023-12-19,Medium
813,275,593,2024-08-31,High
814,276,741,2018-05-14,Low
815,276,744,2021-08-04,Low
816,276,749,2021-05-16,Low
817,276,733,2022-06-26,Low
818,276,749,2020-05-19,Low
819,277,678,2024-09-22,Medium
820,277,722,2024-09-12,Low
821,277,689,2024-09-06,Medium
822,277,695,2023-09-08,Medium
823,278,850,2019-07-24,Low
824,279,763,2020-07-03,Low
825,280,543,2021-03-15,High
826,280,491,2022-05-22,High
827,280,547,2025-02-09,High
828,281,736,2023-05-14,Low
829,282,622,2025-03-10,Medium
830,282,635,2025-03-22,Medium
831,282,658,2025-03-08,Medium
832,282,679,2025-04-01,Medium
833,283,538,2025-02-28,High
834,283,506,2025-01-28,High
835,284,679,2018-04-05,Medium
836,284,723,2023-09-24,Low
837,285,776,2024-11-20,Low
838,285,810,2024-08-07,Low
839,285,760,2023-12-03,Low
840,286,387,2022-11-01,High
841,286,374,2020-08-19,High
842,286,427,2021-09-30,High
843,287,745,2023-03-20,Low
844,287,684,2018-09-19,Medium
845,287,699,2019-08-30,Medium
846,287,741,2017-02-17,Low
847,288,303,2023-12-26,High
848,289,838,2019-02-01,Low
849,289,850,2021-01-26,Low
850,289,782,2020-04-29,Low
851,289,850,2019-10-23,Low
852,289,825,2023-12-05,Low
853,290,847,2023-10-09,Low
854,291,366,2024-10-03,High
855,291,363,2025-01-04,High
856,291,362,2024-08-11,High
857,291,385,2024-12-09,High
858,291,410,2025-01-06,High
859,292,651,2019-10-19,Medium
860,293,839,2020-01-07,Low
861,293,817,2018-09-20,Low
862,293,850,2021-01-15,Low
863,293,850,2019-06-25,Low
864,294,660,2025-01-31,Medium
865,294,644,2024-04-28,Medium
866,295,537,2024-07-30,High
867,295,526,2024-07-26,High
868,295,519,2024-06-10,High
869,295,525,2025-01-01,High
870,296,480,2025-01-10,High
871,296,427,2024-12-21,High
872,296,473,2025-03-14,High
873,297,582,2025-02-01,High
874,297,582,2025-02-09,High
875,297,562,2025-02-04,High
876,298,621,2018-04-06,Medium
877,298,631,2018-10-22,Medium
878,298,607,2019-11-24,Medium
879,299,730,2021-07-24,Low
880,299,701,2019-05-13,Low
881,299,735,2020-04-28,Low
882,299,702,2020-12-31,Low
883,299,724,2023-09-06,Low
884,300,773,2024-06-26,Low
885,300,788,2024-01-06,Low
886,301,371,2024-08-03,High
887,302,606,2021-04-15,Medium
888,302,590,2021-01-06,High
889,302,572,2020-08-30,High
890,302,561,2023-06-09,High
891,302,568,2020-08-21,High
892,303,700,2023-10-06,Medium
893,303,721,2022-04-09,Low
894,303,686,2025-01-29,Medium
895,303,688,2024-06-29,Medium
896,303,707,2024-02-27,Low
897,304,456,2018-11-07,High
898,304,421,2023-08-30,High
899,305,660,2023-10-27,Medium
900,305,658,2021-11-24,Medium
901,305,637,2023-09-12,Medium
902,305,653,2025-01-19,Medium
903,306,481,2023-06-25,High
904,306,520,2023-03-14,High
905,306,492,2024-11-10,High
906,306,487,2024-11-19,High
907,307,825,2021-02-02,Low
908,307,850,2023-05-04,Low
909,307,850,2022-03-03,Low
910,308,456,2023-10-12,High
911,309,375,2022-09-08,High
912,309,334,2023-12-26,High
913,309,381,2023-07-24,High
914,310,603,2023-01-30,Medium
915,310,582,2023-07-10,High
916,310,580,2022-06-22,High
917,310,604,2022-11-15,Medium
918,311,639,2024-04-14,Medium
919,312,341,2016-11-04,High
920,313,662,2019-09-19,Medium
921,313,616,2023-12-20,Medium
922,314,350,2018-12-30,High
923,314,327,2019-04-20,High
924,314,385,2023-01-10,High
925,314,334,2017-06-29,High
926,315,596,2022-08-02,High
927,315,615,2021-11-06,Medium
928,316,809,2023-03-22,Low
929,316,786,2023-08-26,Low
930,316,786,2024-08-14,Low
931,316,832,2020-02-01,Low
932,316,850,2020-07-10,Low
933,317,553,2019-11-06,High
934,318,646,2024-02-16,Medium
935,318,653,2024-04-14,Medium
936,318,628,2024-11-04,Medium
937,318,653,2024-01-08,Medium
938,319,534,2024-11-23,High
939,319,590,2020-04-21,High
940,319,596,2021-01-08,High
941,319,570,2023-10-09,High
942,320,341,2023-01-28,High
943,320,312,2023-12-07,High
944,320,315,2023-02-28,High
945,321,406,2023-08-16,High
946,321,398,2023-03-03,High
947,322,637,2021-10-28,Medium
948,322,636,2020-06-02,Medium
949,322,659,2019-06-09,Medium
950,322,684,2020-04-17,Medium
951,323,339,2024-01-10,High
952,324,814,2023-05-23,Low
953,324,850,2021-08-17,Low
954,324,837,2023-01-27,Low
955,324,842,2024-06-05,Low
956,324,850,2021-12-25,Low
957,325,511,2023-09-27,High
958,325,528,2025-01-12,High
959,325,504,2023-02-07,High
960,325,528,2023-05-23,High
961,325,527,2022-08-23,High
962,326,495,2023-01-24,High
963,326,446,2022-11-07,High
964,326,471,2024-11-28,High
965,327,735,2024-01-15,Low
966,327,727,2025-03-29,Low
967,327,723,2017-02-21,Low
968,327,728,2024-03-05,Low
969,328,622,2024-08-26,Medium
970,329,600,2025-04-09,High
971,329,557,2025-04-06,High
972,329,607,2025-04-02,Medium
973,330,723,2024-07-24,Low
974,330,765,2024-12-28,Low
975,330,775,2025-02-01,Low
976,330,753,2025-02-25,Low
977,331,780,2019-10-01,Low
978,331,784,2021-11-27,Low
979,332,345,2022-02-28,High
980,332,307,2024-04-18,High
981,332,332,2024-07-19,High
982,332,306,2019-08-12,High
983,333,521,2024-06-19,High
984,334,702,2025-04-06,Low
985,334,674,2025-04-05,Medium
986,334,694,2025-04-04,Medium
987,334,701,2025-04-04,Low
988,334,706,2025-04-07,Low
989,335,474,2021-07-30,High
990,335,465,2020-06-08,High
991,335,468,2024-08-16,High
992,335,462,2024-05-24,High
993,336,545,2023-08-25,High
994,336,597,2024-02-06,High
995,336,529,2022-09-28,High
996,336,564,2021-11-23,High
997,336,571,2023-12-21,High
998,337,385,2022-11-02,High
999,338,745,2021-09-17,Low
1000,338,793,2021-07-28,Low
1001,338,830,2019-11-27,Low
1002,339,779,2023-01-28,Low
1003,339,790,2024-01-05,Low
1004,339,741,2024-04-11,Low
1005,339,776,2021-06-17,Low
1006,339,775,2024-03-06,Low
1007,340,649,2024-09-25,Medium
1008,340,635,2023-04-11,Medium
1009,340,651,2023-04-27,Medium
1010,340,648,2024-11-23,Medium
1011,340,679,2022-08-06,Medium
1012,341,747,2022-09-29,Low
1013,341,725,2021-12-24,Low
1014,341,723,2020-03-14,Low
1015,341,749,2018-07-18,Low
1016,342,528,2025-03-15,High
1017,342,521,2024-10-08,High
1018,342,591,2025-03-22,High
1019,343,647,2022-04-29,Medium
1020,343,648,2023-03-12,Medium
1021,343,639,2022-01-05,Medium
1022,344,383,2016-09-01,High
1023,344,369,2025-02-17,High
1024,345,743,2022-08-20,Low
1025,346,622,2022-11-11,Medium
1026,346,579,2023-08-18,High
1027,347,544,2021-05-07,High
1028,347,478,2024-06-10,High
1029,347,543,2022-08-02,High
1030,347,504,2021-05-09,High
1031,348,753,2022-03-20,Low
1032,348,737,2021-02-04,Low
1033,348,705,2025-03-13,Low
1034,349,316,2022-09-16,High
1035,349,343,2022-11-11,High
1036,349,300,2023-11-18,High
1037,350,776,2022-09-20,Low
1038,350,765,2024-11-30,Low
1039,350,761,2021-05-08,Low
1040,350,798,2022-10-17,Low
1041,350,764,2019-03-27,Low
1042,351,816,2023-08-27,Low
1043,351,812,2024-05-27,Low
1044,351,789,2025-01-23,Low
1045,351,795,2024-09-25,Low
1046,351,794,2025-03-09,Low
1047,352,639,2023-11-26,Medium
1048,352,656,2024-11-19,Medium
1049,352,678,2021-05-17,Medium
1050,353,363,2024-07-28,High
1051,353,396,2024-05-31,High
1052,354,487,2019-09-17,High
1053,355,631,2023-06-08,Medium
1054,355,583,2024-08-19,High
1055,356,555,2022-04-04,High
1056,357,534,2024-11-25,High
1057,357,557,2024-04-17,High
1058,358,451,2024-07-18,High
1059,358,439,2024-12-22,High
1060,358,463,2025-01-30,High
1061,358,459,2024-11-23,High
1062,359,560,2025-03-19,High
1063,359,546,2024-08-05,High
1064,359,552,2024-10-08,High
1065,359,557,2025-03-08,High
1066,359,545,2024-09-18,High
1067,360,308,2022-02-22,High
1068,360,304,2023-10-26,High
1069,360,358,2021-10-25,High
1070,360,325,2022-02-20,High
1071,361,382,2023-08-26,High
1072,362,300,2023-05-19,High
1073,363,829,2017-01-20,Low
1074,364,731,2018-10-24,Low
1075,364,698,2020-12-13,Medium
1076,364,677,2024-05-30,Medium
1077,364,665,2021-09-11,Medium
1078,364,706,2025-02-03,Low
1079,365,428,2024-07-08,High
1080,366,701,2024-04-14,Low
1081,366,637,2024-06-20,Medium
1082,367,847,2024-11-22,Low
1083,367,850,2024-12-04,Low
1084,367,850,2025-01-07,Low
1085,367,845,2024-11-17,Low
1086,368,642,2023-08-25,Medium
1087,369,372,2022-07-20,High
1088,369,319,2023-04-14,High
1089,370,546,2022-12-21,High
1090,370,495,2023-02-16,High
1091,371,675,2022-02-11,Medium
1092,371,677,2020-08-16,Medium
1093,372,657,2020-09-08,Medium
1094,372,591,2023-03-25,High
1095,372,631,2022-03-16,Medium
1096,372,598,2023-07-21,High
1097,372,602,2023-09-07,Medium
1098,373,660,2023-12-26,Medium
1099,373,606,2021-08-09,Medium
1100,373,662,2024-05-07,Medium
1101,374,411,2021-01-30,High
1102,374,437,2024-06-27,High
1103,374,468,2025-02-11,High
1104,375,509,2019-12-04,High
1105,375,530,2024-02-20,High
1106,375,502,2020-12-29,High
1107,376,525,2023-05-15,High
1108,377,813,2024-12-26,Low
1109,377,796,2024-08-03,Low
1110,378,649,2020-12-06,Medium
1111,378,655,2021-09-08,Medium
1112,379,682,2023-06-18,Medium
1113,379,663,2022-09-06,Medium
1114,379,656,2024-10-23,Medium
1115,379,669,2024-06-10,Medium
1116,380,813,2025-03-02,Low
1117,380,802,2024-11-22,Low
1118,380,812,2025-02-22,Low
1119,380,823,2024-12-11,Low
1120,381,671,2022-01-30,Medium
1121,382,484,2020-02-15,High
1122,382,484,2023-02-16,High
1123,382,510,2023-09-05,High
1124,382,499,2017-11-05,High
1125,382,500,2023-05-22,High
1126,383,829,2024-01-14,Low
1127,383,813,2024-11-10,Low
1128,383,842,2022-09-27,Low
1129,383,814,2022-08-03,Low
1130,383,827,2022-10-01,Low
1131,384,792,2025-03-31,Low
1132,384,820,2025-03-29,Low
1133,385,804,2024-11-07,Low
1134,385,771,2024-08-05,Low
1135,385,765,2025-02-12,Low
1136,385,800,2024-06-06,Low
1137,386,372,2023-07-07,High
1138,386,353,2024-12-07,High
1139,386,350,2022-02-14,High
1140,387,531,2024-04-16,High
1141,388,738,2019-07-02,Low
1142,388,734,2022-02-14,Low
1143,389,394,2024-12-04,High
1144,389,361,2024-12-03,High
1145,389,363,2025-02-04,High
1146,389,355,2024-09-12,High
1147,389,374,2025-02-01,High
1148,390,786,2019-09-13,Low
1149,390,766,2016-08-08,Low
1150,390,767,2022-05-16,Low
1151,391,689,2022-08-24,Medium
1152,391,686,2019-08-07,Medium
1153,392,396,2020-12-03,High
1154,392,370,2024-11-24,High
1155,392,361,2024-03-25,High
1156,392,329,2021-12-08,High
1157,392,394,2021-01-14,High
1158,393,821,2020-05-10,Low
1159,393,850,2019-05-30,Low
1160,393,850,2023-02-13,Low
1161,393,844,2021-09-08,Low
1162,393,850,2019-03-26,Low
1163,394,423,2025-01-08,High
1164,394,439,2024-12-01,High
1165,394,439,2024-03-06,High
1166,394,439,2024-05-07,High
1167,395,344,2021-12-26,High
1168,395,337,2022-03-03,High
1169,395,354,2025-02-04,High
1170,396,849,2021-05-15,Low
1171,396,850,2021-10-20,Low
1172,396,850,2020-07-06,Low
1173,396,850,2018-12-18,Low
1174,397,522,2024-08-14,High
1175,398,540,2024-12-15,High
1176,398,564,2021-11-24,High
1177,398,517,2022-02-15,High
1178,398,487,2024-10-25,High
1179,399,547,2024-12-28,High
1180,399,546,2023-03-17,High
1181,399,529,2023-11-02,High
1182,399,499,2023-03-01,High
1183,400,691,2019-08-19,Medium
1184,401,779,2020-10-10,Low
1185,402,820,2023-04-16,Low
1186,402,810,2024-07-28,Low
1187,402,818,2021-07-30,Low
1188,403,793,2024-06-08,Low
1189,403,804,2024-06-27,Low
1190,404,519,2022-10-03,High
1191,404,489,2022-09-23,High
1192,405,655,2025-02-27,Medium
1193,405,627,2025-02-21,Medium
1194,405,640,2025-03-08,Medium
1195,405,638,2025-02-24,Medium
1196,405,645,2025-03-01,Medium
1197,406,619,2021-10-28,Medium
1198,407,708,2017-07-06,Low
1199,407,739,2024-08-13,Low
1200,407,692,2024-12-29,Medium
1201,407,750,2016-12-11,Low
1202,407,705,2022-05-30,Low
1203,408,850,2022-06-13,Low
1204,408,850,2024-05-25,Low
1205,409,449,2021-10-17,High
1206,409,404,2015-07-04,High
1207,409,439,2022-05-11,High
1208,409,400,2021-03-29,High
1209,409,416,2015-04-16,High
1210,410,542,2025-04-02,High
1211,410,526,2022-07-19,High
1212,410,498,2022-09-08,High
1213,411,452,2017-07-23,High
1214,411,473,2019-04-12,High
1215,411,442,2018-10-27,High
1216,411,456,2018-06-17,High
1217,412,372,2023-05-05,High
1218,413,410,2025-03-12,High
1219,414,592,2019-08-18,High
1220,414,577,2019-02-01,High
1221,415,557,2022-05-17,High
1222,415,563,2024-08-10,High
1223,415,542,2020-12-06,High
1224,415,554,2020-10-12,High
1225,416,802,2025-02-07,Low
1226,416,803,2019-05-12,Low
1227,416,805,2022-05-15,Low
1228,416,796,2021-03-03,Low
1229,416,808,2023-11-27,Low
1230,417,568,2024-04-10,High
1231,418,463,2020-09-28,High
1232,418,482,2019-03-13,High
1233,418,462,2024-09-23,High
1234,418,483,2019-08-25,High
1235,419,649,2024-02-01,Medium
1236,420,850,2024-04-02,Low
1237,420,850,2024-06-22,Low
1238,420,807,2024-09-15,Low
1239,421,478,2018-11-23,High
1240,422,786,2024-05-14,Low
1241,422,816,2024-03-18,Low
1242,422,790,2024-07-01,Low
1243,423,494,2020-12-23,High
1244,423,466,2024-09-18,High
1245,423,475,2021-03-19,High
1246,423,493,2017-07-11,High
1247,424,475,2023-07-03,High
1248,425,498,2019-06-18,High
1249,425,472,2019-10-19,High
1250,425,488,2020-12-26,High
1251,425,493,2019-05-31,High
1252,425,520,2019-01-08,High
1253,426,527,2025-03-16,High
1254,426,527,2024-11-23,High
1255,426,511,2025-01-17,High
1256,426,531,2025-02-08,High
1257,426,541,2025-01-17,High
1258,427,796,2016-09-06,Low
1259,427,766,2019-04-20,Low
1260,427,759,2019-07-25,Low
1261,427,774,2016-11-04,Low
1262,427,796,2022-12-28,Low
1263,428,393,2019-05-30,High
1264,428,365,2020-10-24,High
1265,428,406,2019-06-13,High
1266,429,685,2025-02-09,Medium
1267,429,746,2023-07-05,Low
1268,429,727,2024-09-19,Low
1269,429,738,2024-04-15,Low
1270,429,734,2025-02-15,Low
1271,430,352,2016-11-07,High
1272,431,761,2025-01-10,Low
1273,431,798,2025-02-04,Low
1274,431,752,2025-01-18,Low
1275,431,784,2024-12-31,Low
1276,432,523,2024-05-22,High
1277,432,530,2024-12-04,High
1278,432,493,2024-10-04,High
1279,432,537,2024-06-16,High
1280,432,526,2024-06-29,High
1281,433,739,2024-10-17,Low
1282,433,741,2025-02-15,Low
1283,433,730,2024-10-25,Low
1284,434,804,2021-03-09,Low
1285,434,809,2023-02-26,Low
1286,434,821,2024-11-12,Low
1287,434,777,2020-11-09,Low
1288,435,754,2025-01-27,Low
1289,436,547,2020-03-29,High
1290,436,561,2020-07-04,High
1291,436,538,2019-12-12,High
1292,436,559,2019-06-22,High
1293,437,797,2025-02-07,Low
1294,437,784,2023-06-16,Low
1295,438,560,2022-07-23,High
1296,438,579,2025-03-12,High
1297,439,802,2024-04-15,Low
1298,439,837,2022-05-05,Low
1299,439,828,2023-08-26,Low
1300,440,300,2019-06-21,High
1301,440,300,2019-02-16,High
1302,440,331,2020-09-14,High
1303,440,300,2020-09-06,High
1304,441,838,2023-01-12,Low
1305,441,830,2023-04-26,Low
1306,442,670,2024-01-10,Medium
1307,443,535,2022-07-21,High
1308,443,560,2025-01-11,High
1309,443,546,2021-04-10,High
1310,444,685,2022-02-16,Medium
1311,444,693,2025-03-18,Medium
1312,444,669,2016-01-04,Medium
1313,444,674,2020-11-05,Medium
1314,445,545,2020-09-30,High
1315,445,520,2020-05-08,High
1316,445,514,2016-04-07,High
1317,445,527,2019-03-03,High
1318,445,511,2023-01-12,High
1319,446,473,2024-12-26,High
1320,447,445,2024-08-31,High
1321,447,413,2021-09-11,High
1322,447,420,2023-02-19,High
1323,448,660,2023-05-21,Medium
1324,448,651,2023-05-02,Medium
1325,448,682,2022-04-25,Medium
1326,449,391,2024-08-30,High
1327,450,468,2024-07-10,High
1328,451,772,2022-08-02,Low
1329,451,770,2024-08-14,Low
1330,451,743,2022-01-03,Low
1331,451,723,2024-01-15,Low
1332,452,583,2023-07-04,High
1333,452,593,2024-09-16,High
1334,452,585,2023-04-18,High
1335,452,552,2022-12-25,High
1336,452,578,2023-07-26,High
1337,453,776,2017-05-31,Low
1338,453,743,2021-10-15,Low
1339,454,786,2025-01-23,Low
1340,454,779,2023-11-16,Low
1341,454,785,2024-09-29,Low
1342,454,750,2024-07-25,Low
1343,454,789,2025-01-21,Low
1344,455,831,2022-01-18,Low
1345,455,821,2022-10-26,Low
1346,455,850,2024-02-29,Low
1347,455,850,2022-02-27,Low
1348,456,392,2025-01-02,High
1349,456,405,2025-01-18,High
1350,456,416,2025-02-23,High
1351,456,393,2025-02-20,High
1352,457,488,2025-03-15,High
1353,457,511,2025-04-09,High
1354,457,482,2025-03-19,High
1355,458,512,2023-09-12,High
1356,458,537,2022-02-23,High
1357,458,466,2018-04-25,High
1358,458,514,2020-07-15,High
1359,459,738,2020-09-10,Low
1360,459,712,2021-06-22,Low
1361,459,702,2021-06-14,Low
1362,459,758,2020-02-20,Low
1363,459,718,2023-02-27,Low
1364,460,356,2019-01-23,High
1365,460,300,2019-06-24,High
1366,460,328,2023-09-27,High
1367,460,303,2024-01-24,High
1368,460,301,2023-07-24,High
1369,461,399,2017-04-23,High
1370,462,550,2024-04-16,High
1371,463,626,2023-09-04,Medium
1372,463,608,2017-11-29,Medium
1373,463,605,2025-01-16,Medium
1374,463,595,2020-03-04,High
1375,464,412,2025-03-31,High
1376,465,511,2023-04-06,High
1377,465,467,2023-06-30,High
1378,465,563,2017-07-29,High
1379,466,452,2021-09-06,High
1380,466,437,2022-01-28,High
1381,467,725,2023-11-19,Low
1382,467,795,2022-09-28,Low
1383,467,777,2021-09-22,Low
1384,467,757,2024-07-09,Low
1385,468,850,2022-09-11,Low
1386,469,411,2018-10-12,High
1387,469,396,2024-02-26,High
1388,470,473,2023-03-09,High
1389,470,471,2023-12-17,High
1390,470,511,2023-12-28,High
1391,471,527,2020-05-29,High
1392,471,535,2017-06-29,High
1393,471,514,2024-10-06,High
1394,471,524,2020-10-30,High
1395,472,734,2024-12-10,Low
1396,472,698,2024-10-17,Medium
1397,473,422,2023-11-12,High
1398,473,449,2021-12-27,High
1399,474,593,2024-09-26,High
1400,474,596,2025-01-20,High
1401,474,611,2024-11-03,Medium
1402,474,603,2025-01-22,Medium
1403,474,655,2025-03-07,Medium
1404,475,414,2022-08-26,High
1405,475,337,2024-06-16,High
1406,475,342,2024-03-08,High
1407,476,383,2025-04-08,High
1408,477,539,2020-10-15,High
1409,477,530,2024-12-21,High
1410,477,560,2022-03-13,High
1411,478,591,2019-11-12,High
1412,478,568,2021-10-25,High
1413,478,577,2021-06-04,High
1414,478,559,2023-11-01,High
1415,478,639,2022-12-21,Medium
1416,479,785,2025-03-25,Low
1417,479,786,2025-03-23,Low
1418,480,789,2022-08-27,Low
1419,480,819,2024-10-05,Low
1420,481,352,2024-09-17,High
1421,481,375,2022-05-18,High
1422,481,348,2020-11-13,High
1423,481,350,2017-11-17,High
1424,481,360,2022-10-08,High
1425,482,527,2022-09-12,High
1426,482,512,2023-02-18,High
1427,483,646,2025-03-26,Medium
1428,483,624,2025-01-09,Medium
1429,483,672,2025-02-22,Medium
1430,483,624,2025-03-26,Medium
1431,484,717,2024-02-15,Low
1432,484,673,2022-01-24,Medium
1433,484,663,2021-06-01,Medium
1434,484,671,2019-06-11,Medium
1435,484,680,2023-07-13,Medium
1436,485,355,2019-03-09,High
1437,485,394,2021-12-05,High
1438,485,394,2024-10-26,High
1439,486,579,2023-09-27,High
1440,487,669,2022-09-14,Medium
1441,487,648,2017-04-03,Medium
1442,487,654,2017-10-29,Medium
1443,487,649,2022-01-30,Medium
1444,488,396,2018-07-20,High
1445,489,674,2024-02-26,Medium
1446,489,655,2023-05-05,Medium
1447,489,695,2024-10-29,Medium
1448,490,839,2024-06-07,Low
1449,490,809,2023-11-10,Low
1450,490,850,2024-01-07,Low
1451,491,834,2024-07-11,Low
1452,491,850,2023-03-14,Low
1453,491,850,2024-04-07,Low
1454,492,850,2024-03-25,Low
1455,492,850,2019-02-11,Low
1456,492,850,2023-12-24,Low
1457,492,821,2022-02-23,Low
1458,492,815,2019-05-11,Low
1459,493,731,2025-02-13,Low
1460,493,734,2024-12-04,Low
1461,493,817,2024-10-16,Low
1462,494,609,2022-09-19,Medium
1463,494,580,2024-07-19,High
1464,494,574,2023-01-20,High
1465,494,587,2023-06-12,High
1466,495,745,2023-04-23,Low
1467,496,703,2023-05-04,Low
1468,497,810,2025-02-15,Low
1469,497,803,2025-02-18,Low
1470,497,784,2025-02-03,Low
1471,497,824,2025-02-09,Low
1472,498,662,2025-01-13,Medium
1473,498,632,2024-11-18,Medium
1474,498,623,2024-12-18,Medium
1475,498,606,2024-12-17,Medium
1476,498,605,2024-12-21,Medium
1477,499,558,2024-10-29,High
1478,499,544,2024-07-11,High
1479,499,544,2025-01-03,High
1480,500,527,2024-06-22,High
1481,500,499,2023-09-02,High
1482,500,543,2025-03-05,High
1483,500,485,2024-11-03,High
1484,501,500,2016-12-14,High
1485,501,468,2023-04-03,High
1486,501,452,2018-11-11,High
1487,502,687,2023-11-25,Medium
1488,502,674,2021-01-21,Medium
1489,503,670,2024-02-20,Medium
1490,504,728,2020-11-18,Low
1491,504,723,2022-11-04,Low
1492,504,777,2023-02-08,Low
1493,505,507,2024-10-12,High
1494,506,441,2020-07-31,High
1495,506,387,2017-09-03,High
1496,506,426,2017-02-28,High
1497,507,850,2019-12-27,Low
1498,507,850,2019-12-21,Low
1499,507,850,2019-05-02,Low
1500,508,464,2020-08-20,High
1501,508,467,2024-12-14,High
1502,508,432,2022-01-10,High
1503,509,808,2019-10-25,Low
1504,509,745,2023-06-01,Low
1505,510,743,2024-01-30,Low
1506,511,374,2023-07-31,High
1507,511,359,2024-09-18,High
1508,511,380,2022-10-19,High
1509,512,806,2021-05-30,Low
1510,512,752,2021-01-23,Low
1511,513,428,2019-05-24,High
1512,513,445,2021-04-29,High
1513,513,465,2021-09-22,High
1514,514,444,2020-03-06,High
1515,514,409,2022-11-14,High
1516,515,841,2022-02-18,Low
1517,515,796,2023-05-01,Low
1518,516,825,2022-11-13,Low
1519,517,699,2018-08-10,Medium
1520,518,440,2024-07-12,High
1521,518,412,2025-03-02,High
1522,518,462,2024-07-25,High
1523,518,438,2024-10-29,High
1524,519,347,2022-06-03,High
1525,519,399,2022-06-28,High
1526,519,355,2021-05-01,High
1527,520,752,2024-08-04,Low
1528,520,750,2025-03-16,Low
1529,520,763,2023-01-01,Low
1530,521,694,2017-05-16,Medium
1531,521,664,2016-09-08,Medium
1532,522,425,2020-12-16,High
1533,522,414,2024-12-09,High
1534,522,438,2022-02-01,High
1535,523,477,2024-08-04,High
1536,523,485,2016-04-21,High
1537,523,503,2024-01-16,High
1538,523,497,2022-07-10,High
1539,523,513,2022-07-24,High
1540,524,379,2021-02-13,High
1541,524,420,2023-06-26,High
1542,524,398,2023-05-15,High
1543,525,696,2024-03-13,Medium
1544,525,671,2023-10-31,Medium
1545,526,827,2025-02-20,Low
1546,527,587,2018-10-21,High
1547,527,553,2024-09-14,High
1548,527,608,2020-03-05,Medium
1549,527,602,2018-01-10,Medium
1550,527,613,2016-01-03,Medium
1551,528,818,2017-02-22,Low
1552,528,829,2019-09-20,Low
1553,528,847,2018-06-04,Low
1554,529,824,2020-12-27,Low
1555,529,842,2023-02-24,Low
1556,530,476,2024-04-06,High
1557,530,480,2023-03-28,High
1558,530,480,2016-05-02,High
1559,530,465,2021-07-14,High
1560,531,376,2015-10-11,High
1561,532,484,2024-01-07,High
1562,532,459,2024-05-11,High
1563,532,468,2021-02-12,High
1564,532,487,2021-01-06,High
1565,532,481,2023-06-18,High
1566,533,609,2024-06-19,Medium
1567,533,553,2024-03-13,High
1568,533,580,2024-10-25,High
1569,533,612,2024-01-06,Medium
1570,533,597,2025-01-11,High
1571,534,808,2024-02-13,Low
1572,534,795,2023-03-22,Low
1573,534,830,2023-08-19,Low
1574,534,816,2024-01-21,Low
1575,534,850,2023-03-26,Low
1576,535,529,2024-05-05,High
1577,535,553,2021-12-19,High
1578,535,553,2025-01-09,High
1579,536,543,2024-07-23,High
1580,536,535,2023-08-06,High
1581,537,722,2021-09-08,Low
1582,538,640,2023-07-19,Medium
1583,538,689,2018-04-25,Medium
1584,538,652,2024-03-12,Medium
1585,538,648,2022-01-07,Medium
1586,539,568,2023-04-19,High
1587,539,564,2019-12-01,High
1588,539,572,2021-05-29,High
1589,539,573,2023-10-17,High
1590,540,539,2020-06-24,High
1591,540,553,2022-11-03,High
1592,540,561,2023-11-22,High
1593,540,603,2024-10-19,Medium
1594,540,622,2021-02-28,Medium
1595,541,433,2021-06-15,High
1596,541,443,2024-07-30,High
1597,541,422,2018-03-06,High
1598,541,466,2017-06-01,High
1599,541,430,2020-03-01,High
1600,542,850,2023-08-11,Low
1601,542,835,2025-03-09,Low
1602,543,757,2023-07-27,Low
1603,543,774,2024-04-11,Low
1604,543,773,2023-01-01,Low
1605,543,756,2023-06-27,Low
1606,543,754,2024-03-25,Low
1607,544,740,2022-11-24,Low
1608,544,774,2024-05-29,Low
1609,545,514,2024-04-11,High
1610,545,524,2024-01-22,High
1611,545,549,2024-12-18,High
1612,546,397,2024-09-06,High
1613,546,423,2024-06-03,High
1614,546,428,2023-10-29,High
1615,547,586,2019-11-13,High
1616,548,721,2023-03-31,Low
1617,548,725,2023-10-30,Low
1618,549,768,2024-01-31,Low
1619,549,751,2024-05-01,Low
1620,549,730,2024-05-27,Low
1621,550,816,2021-10-22,Low
1622,550,826,2023-03-10,Low
1623,551,342,2021-02-10,High
1624,551,313,2020-04-01,High
1625,551,355,2017-12-30,High
1626,552,564,2023-04-15,High
1627,552,571,2016-10-20,High
1628,552,597,2020-04-14,High
1629,552,542,2022-09-11,High
1630,552,576,2018-09-01,High
1631,553,604,2023-03-13,Medium
1632,553,614,2024-11-21,Medium
1633,553,638,2020-03-08,Medium
1634,554,551,2025-01-05,High
1635,554,506,2025-01-20,High
1636,555,727,2025-02-20,Low
1637,555,679,2024-08-26,Medium
1638,555,640,2024-05-31,Medium
1639,555,705,2025-01-07,Low
1640,555,698,2025-01-23,Medium
1641,556,586,2023-11-04,High
1642,556,557,2025-02-28,High
1643,556,547,2024-01-23,High
1644,556,561,2024-12-31,High
1645,556,578,2024-12-05,High
1646,557,393,2025-01-16,High
1647,557,378,2024-12-06,High
1648,558,547,2024-04-30,High
1649,559,774,2022-04-02,Low
1650,560,419,2022-09-29,High
1651,560,435,2022-06-10,High
1652,560,382,2023-01-29,High
1653,560,412,2023-01-20,High
1654,560,395,2022-10-08,High
1655,561,815,2022-04-11,Low
1656,561,808,2022-11-10,Low
1657,561,808,2019-11-15,Low
1658,562,544,2016-10-08,High
1659,563,498,2024-10-29,High
1660,564,817,2018-05-31,Low
1661,564,783,2019-11-13,Low
1662,564,741,2023-04-04,Low
1663,564,784,2018-08-20,Low
1664,565,510,2016-06-20,High
1665,565,491,2023-11-25,High
1666,565,520,2023-12-12,High
1667,565,507,2023-11-15,High
1668,566,850,2025-02-12,Low
1669,566,850,2023-07-31,Low
1670,566,847,2024-03-05,Low
1671,566,850,2024-12-03,Low
1672,566,850,2024-09-28,Low
1673,567,811,2022-01-25,Low
1674,567,835,2024-06-09,Low
1675,567,835,2021-06-07,Low
1676,567,832,2021-09-18,Low
1677,568,832,2024-03-19,Low
1678,568,819,2024-04-15,Low
1679,568,803,2023-03-30,Low
1680,569,616,2022-04-30,Medium
1681,570,770,2019-07-30,Low
1682,570,753,2017-05-29,Low
1683,570,728,2024-09-27,Low
1684,571,790,2025-03-04,Low
1685,572,831,2017-09-03,Low
1686,572,850,2023-06-26,Low
1687,572,850,2018-10-09,Low
1688,573,541,2024-05-19,High
1689,574,524,2024-04-11,High
1690,574,548,2024-11-03,High
1691,574,500,2024-02-13,High
1692,574,509,2024-05-26,High
1693,575,749,2023-01-05,Low
1694,575,768,2022-05-17,Low
1695,575,738,2024-04-12,Low
1696,576,717,2024-11-29,Low
1697,576,743,2022-07-29,Low
1698,576,735,2022-02-21,Low
1699,576,730,2023-10-28,Low
1700,577,662,2022-09-09,Medium
1701,577,754,2023-04-18,Low
1702,578,762,2025-03-02,Low
1703,578,739,2025-04-01,Low
1704,578,704,2025-03-06,Low
1705,578,749,2025-04-10,Low
1706,578,687,2025-03-03,Medium
1707,579,641,2023-11-24,Medium
1708,579,644,2024-02-06,Medium
1709,579,642,2021-11-26,Medium
1710,579,658,2024-05-11,Medium
1711,579,606,2023-05-25,Medium
1712,580,640,2024-05-05,Medium
1713,580,600,2021-12-11,High
1714,580,629,2023-10-16,Medium
1715,580,614,2024-06-09,Medium
1716,580,603,2022-02-14,Medium
1717,581,772,2021-09-26,Low
1718,581,764,2021-05-24,Low
1719,581,831,2023-04-28,Low
1720,582,387,2022-05-03,High
1721,582,419,2022-02-21,High
1722,582,402,2025-02-25,High
1723,582,362,2022-04-18,High
1724,582,372,2023-07-01,High
1725,583,491,2024-12-12,High
1726,584,348,2024-12-14,High
1727,584,360,2023-03-30,High
1728,584,357,2023-10-12,High
1729,584,310,2021-05-15,High
1730,585,351,2024-03-14,High
1731,586,521,2023-02-02,High
1732,586,517,2020-04-01,High
1733,586,536,2018-10-25,High
1734,586,556,2024-07-28,High
1735,586,558,2019-07-24,High
1736,587,819,2022-06-08,Low
1737,588,453,2018-12-05,High
1738,588,440,2023-01-04,High
1739,589,731,2024-09-13,Low
1740,589,752,2024-10-08,Low
1741,590,786,2023-04-25,Low
1742,590,824,2024-05-01,Low
1743,591,688,2024-06-14,Medium
1744,591,676,2024-12-18,Medium
1745,591,642,2024-06-08,Medium
1746,591,701,2024-11-21,Low
1747,592,819,2021-12-31,Low
1748,592,821,2019-01-02,Low
1749,592,836,2022-12-14,Low
1750,593,394,2019-06-08,High
1751,593,404,2020-09-10,High
1752,593,399,2018-08-05,High
1753,594,811,2024-08-01,Low
1754,594,838,2024-10-25,Low
1755,594,784,2024-12-15,Low
1756,594,781,2025-02-16,Low
1757,594,808,2024-06-24,Low
1758,595,810,2023-07-16,Low
1759,595,800,2024-09-23,Low
1760,596,517,2021-03-21,High
1761,597,800,2025-03-11,Low
1762,597,830,2024-07-18,Low
1763,597,792,2024-07-20,Low
1764,597,798,2025-01-03,Low
1765,597,801,2025-04-04,Low
1766,598,390,2025-04-10,High
1767,599,661,2024-11-02,Medium
1768,599,695,2025-03-29,Medium
1769,599,697,2024-11-12,Medium
1770,600,783,2022-05-15,Low
1771,600,762,2022-06-02,Low
1772,600,811,2024-01-14,Low
1773,601,619,2019-06-02,Medium
1774,601,612,2017-03-05,Medium
1775,601,603,2019-08-15,Medium
1776,601,632,2022-08-12,Medium
1777,601,596,2017-05-15,High
1778,602,534,2024-08-01,High
1779,603,692,2025-02-23,Medium
1780,603,725,2019-08-30,Low
1781,603,707,2018-04-04,Low
1782,604,406,2024-02-07,High
1783,605,324,2021-02-02,High
1784,606,551,2024-05-06,High
1785,607,323,2024-10-24,High
1786,607,371,2023-05-21,High
1787,607,367,2022-12-18,High
1788,607,352,2022-04-05,High
1789,608,578,2021-12-22,High
1790,608,577,2024-01-10,High
1791,608,602,2019-04-26,Medium
1792,608,624,2018-07-21,Medium
1793,609,474,2024-08-31,High
1794,609,484,2022-10-09,High
1795,609,504,2021-01-25,High
1796,610,416,2023-12-24,High
1797,611,459,2019-12-30,High
1798,611,411,2022-07-09,High
1799,612,446,2024-08-11,High
1800,612,448,2023-08-31,High
1801,612,419,2024-12-09,High
1802,612,466,2022-07-01,High
1803,613,812,2024-06-12,Low
1804,613,769,2020-06-07,Low
1805,613,800,2022-12-06,Low
1806,613,791,2024-08-31,Low
1807,614,436,2021-05-12,High
1808,614,420,2024-10-07,High
1809,614,412,2024-07-23,High
1810,615,825,2023-12-02,Low
1811,615,824,2023-10-09,Low
1812,616,576,2021-09-29,High
1813,616,598,2019-12-14,High
1814,616,608,2019-06-30,Medium
1815,617,585,2025-01-06,High
1816,617,621,2025-03-19,Medium
1817,618,600,2025-02-28,High
1818,618,581,2024-07-26,High
1819,618,576,2024-07-19,High
1820,618,571,2024-10-05,High
1821,619,614,2018-11-09,Medium
1822,619,626,2019-01-04,Medium
1823,619,607,2024-11-06,Medium
1824,620,492,2019-10-03,High
1825,620,527,2021-08-06,High
1826,620,468,2022-04-18,High
1827,620,537,2023-01-04,High
1828,620,515,2019-12-22,High
1829,621,492,2023-03-26,High
1830,621,468,2017-03-17,High
1831,621,491,2024-08-10,High
1832,621,510,2023-04-04,High
1833,621,493,2021-04-02,High
1834,622,789,2023-09-16,Low
1835,622,780,2019-05-08,Low
1836,622,792,2023-07-10,Low
1837,623,402,2021-10-01,High
1838,623,372,2024-01-14,High
1839,623,395,2018-09-17,High
1840,624,654,2020-01-08,Medium
1841,625,782,2023-11-17,Low
1842,625,782,2019-11-19,Low
1843,625,756,2023-02-07,Low
1844,625,764,2019-05-19,Low
1845,626,765,2019-07-06,Low
1846,626,788,2024-05-19,Low
1847,626,740,2024-03-21,Low
1848,626,780,2025-02-14,Low
1849,626,758,2017-11-04,Low
1850,627,788,2024-10-01,Low
1851,627,821,2024-05-24,Low
1852,627,833,2019-03-18,Low
1853,628,402,2023-01-22,High
1854,629,668,2023-12-03,Medium
1855,629,652,2023-02-28,Medium
1856,629,625,2022-07-01,Medium
1857,630,514,2022-08-16,High
1858,631,457,2021-09-18,High
1859,631,448,2022-06-24,High
1860,632,850,2022-06-19,Low
1861,632,850,2023-01-30,Low
1862,632,850,2020-06-07,Low
1863,632,815,2024-08-13,Low
1864,633,441,2022-07-29,High
1865,633,446,2022-10-02,High
1866,633,420,2022-03-29,High
1867,633,443,2021-07-22,High
1868,634,335,2024-11-05,High
1869,634,336,2024-09-29,High
1870,634,348,2025-02-05,High
1871,634,320,2025-03-16,High
1872,634,322,2024-10-11,High
1873,635,682,2017-10-16,Medium
1874,635,638,2025-02-11,Medium
1875,635,659,2018-06-14,Medium
1876,635,617,2019-05-19,Medium
1877,636,850,2022-11-25,Low
1878,637,687,2020-08-07,Medium
1879,637,685,2022-04-11,Medium
1880,637,696,2020-05-16,Medium
1881,637,688,2018-12-18,Medium
1882,638,355,2021-06-09,High
1883,639,683,2023-10-22,Medium
1884,639,675,2023-12-22,Medium
1885,639,708,2024-06-01,Low
1886,639,671,2023-12-26,Medium
1887,639,683,2024-02-16,Medium
1888,640,602,2022-10-29,Medium
1889,641,616,2021-12-15,Medium
1890,641,599,2018-12-24,High
1891,641,643,2023-07-02,Medium
1892,641,624,2024-04-20,Medium
1893,641,680,2019-12-23,Medium
1894,642,502,2025-03-20,High
1895,642,517,2024-09-23,High
1896,642,526,2025-02-04,High
1897,642,497,2024-07-15,High
1898,642,500,2024-12-27,High
1899,643,570,2023-09-15,High
1900,643,540,2021-09-12,High
1901,643,530,2020-10-01,High
1902,644,814,2025-04-07,Low
1903,644,800,2025-04-09,Low
1904,644,790,2025-04-10,Low
1905,644,785,2025-04-08,Low
1906,645,556,2025-01-03,High
1907,645,542,2025-01-20,High
1908,646,850,2023-01-04,Low
1909,646,839,2023-08-20,Low
1910,646,850,2021-03-23,Low
1911,646,850,2021-11-03,Low
1912,647,593,2019-01-16,High
1913,647,548,2018-07-17,High
1914,648,359,2024-04-24,High
1915,648,351,2023-07-28,High
1916,648,355,2020-08-31,High
1917,648,370,2023-06-23,High
1918,648,398,2019-09-15,High
1919,649,400,2022-03-07,High
1920,649,387,2020-06-06,High
1921,649,381,2019-03-22,High
1922,650,766,2022-05-10,Low
1923,651,608,2025-04-01,Medium
1924,652,707,2023-12-23,Low
1925,653,365,2023-01-19,High
1926,653,374,2022-01-19,High
1927,654,707,2017-10-19,Low
1928,654,704,2018-12-14,Low
1929,654,726,2023-03-17,Low
1930,655,384,2018-03-16,High
1931,655,368,2023-02-12,High
1932,656,829,2023-10-05,Low
1933,657,640,2023-05-08,Medium
1934,658,819,2021-07-25,Low
1935,658,850,2019-08-28,Low
1936,658,786,2019-03-24,Low
1937,658,823,2021-06-21,Low
1938,659,446,2025-01-25,High
1939,659,472,2024-07-22,High
1940,659,461,2024-08-29,High
1941,660,656,2020-06-19,Medium
1942,661,431,2024-03-21,High
1943,661,456,2023-07-03,High
1944,661,439,2018-06-13,High
1945,662,455,2023-06-27,High
1946,662,450,2024-02-12,High
1947,663,826,2024-01-02,Low
1948,663,814,2025-03-15,Low
1949,663,781,2023-12-27,Low
1950,664,790,2024-11-25,Low
1951,664,798,2022-02-03,Low
1952,664,784,2024-07-19,Low
1953,665,580,2023-06-18,High
1954,665,578,2020-06-12,High
1955,665,604,2021-05-17,Medium
1956,666,850,2020-12-07,Low
1957,667,684,2020-12-26,Medium
1958,667,669,2023-03-15,Medium
1959,667,713,2020-08-30,Low
1960,667,714,2024-03-05,Low
1961,668,633,2022-08-11,Medium
1962,669,798,2018-11-19,Low
1963,669,799,2021-01-01,Low
1964,669,819,2018-01-04,Low
1965,669,849,2019-04-01,Low
1966,670,397,2023-12-12,High
1967,670,409,2021-12-22,High
1968,670,386,2023-12-08,High
1969,670,393,2025-03-29,High
1970,670,422,2022-09-09,High
1971,671,707,2022-02-20,Low
1972,671,641,2025-04-05,Medium
1973,671,694,2024-10-24,Medium
1974,672,492,2024-04-20,High
1975,672,514,2022-10-20,High
1976,672,479,2023-01-06,High
1977,672,488,2020-10-10,High
1978,673,473,2024-07-24,High
1979,673,434,2025-01-22,High
1980,673,431,2025-03-18,High
1981,673,458,2025-03-19,High
1982,673,453,2024-12-03,High
1983,674,469,2022-12-31,High
1984,675,739,2025-01-22,Low
1985,676,405,2021-09-05,High
1986,676,380,2024-10-20,High
1987,676,366,2024-04-04,High
1988,677,698,2020-11-11,Medium
1989,677,708,2021-04-07,Low
1990,677,734,2020-09-27,Low
1991,677,685,2025-03-28,Medium
1992,678,448,2020-10-21,High
1993,678,455,2020-11-21,High
1994,678,458,2020-05-30,High
1995,678,426,2022-01-20,High
1996,679,460,2020-04-25,High
1997,679,437,2019-12-26,High
1998,679,428,2021-06-15,High
1999,680,850,2023-12-10,Low
2000,680,836,2024-02-25,Low
2001,681,732,2020-10-23,Low
2002,682,695,2025-02-26,Medium
2003,682,679,2025-04-01,Medium
2004,683,463,2023-04-24,High
2005,683,470,2023-03-30,High
2006,683,436,2023-08-04,High
2007,683,432,2023-01-21,High
2008,684,415,2024-11-21,High
2009,684,429,2023-01-26,High
2010,684,425,2024-06-26,High
2011,685,637,2022-07-10,Medium
2012,685,621,2025-02-20,Medium
2013,685,643,2022-09-04,Medium
2014,685,660,2023-10-22,Medium
2015,685,678,2023-08-18,Medium
2016,686,598,2021-01-05,High
2017,686,565,2017-07-25,High
2018,686,583,2018-07-19,High
2019,686,624,2021-07-07,Medium
2020,686,582,2019-09-12,High
2021,687,827,2024-10-16,Low
2022,687,850,2024-05-28,Low
2023,687,850,2020-10-13,Low
2024,688,495,2025-01-18,High
2025,688,505,2022-02-22,High
2026,688,517,2023-02-15,High
2027,688,490,2024-12-14,High
2028,688,483,2021-05-14,High
2029,689,548,2023-11-03,High
2030,689,574,2024-11-19,High
2031,690,559,2024-12-15,High
2032,690,567,2025-02-03,High
2033,690,548,2025-02-19,High
2034,690,611,2024-12-10,Medium
2035,691,636,2024-06-04,Medium
2036,691,623,2022-09-04,Medium
2037,691,616,2021-08-24,Medium
2038,691,611,2024-01-20,Medium
2039,691,614,2025-02-13,Medium
2040,692,422,2023-02-15,High
2041,692,402,2024-07-02,High
2042,692,397,2024-05-21,High
2043,693,765,2022-02-05,Low
2044,693,790,2024-02-16,Low
2045,694,382,2018-07-05,High
2046,695,510,2017-11-29,High
2047,695,493,2019-04-28,High
2048,696,375,2021-02-03,High
2049,696,398,2021-02-11,High
2050,696,343,2024-02-27,High
2051,697,455,2024-07-10,High
2052,697,534,2024-12-15,High
2053,697,506,2023-11-22,High
2054,698,351,2025-02-05,High
2055,698,362,2024-11-18,High
2056,698,333,2025-03-02,High
2057,698,339,2025-03-05,High
2058,698,334,2024-11-10,High
2059,699,578,2023-04-30,High
2060,699,578,2022-10-31,High
2061,699,590,2017-04-02,High
2062,699,602,2018-10-27,Medium
2063,700,513,2024-11-22,High
2064,700,508,2022-03-29,High
2065,700,491,2023-09-23,High
2066,701,630,2025-02-09,Medium
2067,701,626,2023-10-27,Medium
2068,702,412,2024-09-29,High
2069,702,387,2023-04-06,High
2070,702,412,2022-07-01,High
2071,702,414,2023-09-08,High
2072,703,514,2018-03-27,High
2073,703,577,2017-01-22,High
2074,703,557,2024-09-14,High
2075,703,555,2023-09-12,High
2076,703,522,2018-04-14,High
2077,704,805,2025-02-09,Low
2078,704,818,2024-02-22,Low
2079,704,780,2024-04-16,Low
2080,704,807,2021-09-24,Low
2081,705,691,2023-07-02,Medium
2082,705,705,2023-11-30,Low
2083,705,721,2021-03-29,Low
2084,706,775,2024-09-22,Low
2085,706,773,2024-05-23,Low
2086,706,779,2024-11-27,Low
2087,707,823,2022-12-26,Low
2088,707,794,2024-05-01,Low
2089,707,797,2023-10-10,Low
2090,707,777,2022-08-07,Low
2091,707,809,2023-12-15,Low
2092,708,361,2025-02-02,High
2093,708,386,2024-10-23,High
2094,709,360,2023-01-12,High
2095,709,354,2022-11-21,High
2096,709,330,2024-01-12,High
2097,709,336,2024-05-04,High
2098,709,357,2024-03-11,High
2099,710,747,2021-01-24,Low
2100,710,756,2020-09-05,Low
2101,710,777,2023-09-16,Low
2102,710,751,2024-01-31,Low
2103,710,745,2023-12-18,Low
2104,711,780,2021-01-29,Low
2105,711,781,2023-08-18,Low
2106,711,768,2020-01-28,Low
2107,711,758,2019-01-28,Low
2108,712,577,2016-10-28,High
2109,712,636,2016-04-18,Medium
2110,713,843,2022-04-26,Low
2111,714,703,2025-01-29,Low
2112,714,674,2024-08-15,Medium
2113,714,731,2024-11-01,Low
2114,714,660,2024-04-03,Medium
2115,715,819,2025-02-04,Low
2116,716,584,2022-05-11,High
2117,716,584,2022-08-04,High
2118,716,569,2024-04-05,High
2119,717,562,2022-06-26,High
2120,717,546,2020-07-13,High
2121,717,560,2024-12-25,High
2122,718,576,2022-05-26,High
2123,718,563,2023-04-24,High
2124,718,550,2024-04-10,High
2125,718,494,2025-01-24,High
2126,719,555,2024-01-04,High
2127,719,608,2020-03-13,Medium
2128,720,830,2020-09-17,Low
2129,720,850,2022-11-10,Low
2130,720,834,2024-08-21,Low
2131,720,850,2021-04-30,Low
2132,720,839,2023-11-24,Low
2133,721,406,2020-09-15,High
2134,722,315,2019-03-01,High
2135,722,329,2022-01-30,High
2136,722,358,2024-03-25,High
2137,722,349,2024-10-16,High
2138,722,334,2021-11-01,High
2139,723,825,2024-05-13,Low
2140,723,823,2024-04-02,Low
2141,724,438,2022-10-08,High
2142,725,658,2024-12-27,Medium
2143,726,843,2020-04-25,Low
2144,726,845,2022-11-02,Low
2145,726,850,2022-07-15,Low
2146,726,843,2024-06-04,Low
2147,726,829,2021-12-13,Low
2148,727,393,2019-09-28,High
2149,727,373,2025-04-02,High
2150,727,401,2023-05-17,High
2151,727,350,2022-04-15,High
2152,727,392,2021-11-21,High
2153,728,335,2025-03-21,High
2154,729,420,2024-02-03,High
2155,729,419,2025-03-20,High
2156,730,850,2023-02-24,Low
2157,730,850,2023-08-08,Low
2158,731,671,2017-10-18,Medium
2159,731,726,2019-08-23,Low
2160,732,807,2021-08-04,Low
2161,732,800,2022-07-12,Low
2162,733,711,2023-05-28,Low
2163,733,716,2023-07-12,Low
2164,733,711,2023-06-12,Low
2165,733,697,2024-12-22,Medium
2166,734,660,2021-07-05,Medium
2167,734,627,2017-10-22,Medium
2168,734,633,2016-11-19,Medium
2169,735,432,2022-08-09,High
2170,735,393,2022-09-30,High
2171,735,415,2024-10-07,High
2172,735,399,2023-10-09,High
2173,736,373,2023-11-04,High
2174,736,357,2024-08-16,High
2175,736,385,2025-01-20,High
2176,736,330,2022-10-25,High
2177,736,366,2023-02-21,High
2178,737,394,2024-02-16,High
2179,737,401,2016-09-03,High
2180,737,407,2021-02-16,High
2181,738,576,2024-04-20,High
2182,738,613,2021-01-09,Medium
2183,738,603,2023-11-09,Medium
2184,738,595,2021-03-22,High
2185,739,662,2025-02-08,Medium
2186,740,690,2022-07-14,Medium
2187,740,713,2020-08-15,Low
2188,740,670,2022-06-30,Medium
2189,740,691,2020-11-13,Medium
2190,741,577,2020-09-27,High
2191,742,822,2023-06-19,Low
2192,742,816,2023-05-04,Low
2193,742,846,2024-05-02,Low
2194,742,847,2023-06-03,Low
2195,742,827,2021-07-21,Low
2196,743,657,2022-11-13,Medium
2197,743,669,2022-12-06,Medium
2198,743,641,2025-03-28,Medium
2199,743,649,2024-06-18,Medium
2200,743,678,2024-11-04,Medium
2201,744,831,2019-11-17,Low
2202,744,836,2023-07-20,Low
2203,744,850,2024-12-15,Low
2204,745,655,2023-02-22,Medium
2205,745,720,2022-04-03,Low
2206,745,703,2023-01-23,Low
2207,746,782,2024-11-10,Low
2208,746,791,2024-07-28,Low
2209,746,801,2023-07-29,Low
2210,747,409,2021-06-28,High
2211,747,387,2023-10-05,High
2212,747,415,2022-03-21,High
2213,748,648,2023-09-24,Medium
2214,749,385,2017-07-30,High
2215,749,451,2021-09-10,High
2216,750,734,2021-08-28,Low
2217,750,746,2023-02-22,Low
2218,750,770,2023-12-13,Low
2219,750,743,2021-03-12,Low
2220,751,756,2024-12-20,Low
2221,751,774,2024-07-12,Low
2222,751,731,2024-09-03,Low
2223,752,822,2024-02-08,Low
2224,753,629,2021-12-01,Medium
2225,754,677,2024-10-08,Medium
2226,754,641,2025-03-08,Medium
2227,754,640,2024-07-11,Medium
2228,755,425,2023-12-14,High
2229,755,410,2023-12-21,High
2230,755,404,2024-02-09,High
2231,755,391,2024-01-04,High
2232,755,361,2024-12-26,High
2233,756,335,2019-04-25,High
2234,756,329,2019-01-18,High
2235,756,300,2018-05-11,High
2236,756,338,2020-09-09,High
2237,757,465,2024-10-14,High
2238,758,849,2024-08-21,Low
2239,758,826,2024-05-10,Low
2240,759,683,2021-05-10,Medium
2241,759,692,2019-04-11,Medium
2242,759,693,2024-07-09,Medium
2243,759,713,2022-03-29,Low
2244,760,699,2025-02-19,Medium
2245,760,699,2023-09-06,Medium
2246,760,661,2024-06-12,Medium
2247,760,668,2024-06-20,Medium
2248,760,674,2024-10-11,Medium
2249,761,646,2023-12-05,Medium
2250,762,573,2021-09-16,High
2251,762,584,2019-07-20,High
2252,762,587,2023-01-13,High
2253,762,555,2020-04-12,High
2254,762,590,2022-07-08,High
2255,763,354,2023-11-12,High
2256,763,335,2023-04-27,High
2257,763,343,2025-03-03,High
2258,764,455,2020-08-13,High
2259,764,489,2023-06-05,High
2260,764,505,2018-03-08,High
2261,765,363,2022-08-13,High
2262,765,342,2020-04-09,High
2263,765,346,2024-09-21,High
2264,765,339,2017-12-16,High
2265,765,322,2023-11-24,High
2266,766,665,2020-06-09,Medium
2267,766,617,2024-11-19,Medium
2268,767,397,2024-05-07,High
2269,768,703,2024-04-13,Low
2270,768,741,2021-11-23,Low
2271,768,692,2023-06-07,Medium
2272,769,778,2024-08-27,Low
2273,769,799,2025-01-08,Low
2274,769,776,2023-08-19,Low
2275,769,779,2023-12-25,Low
2276,770,369,2024-03-23,High
2277,770,400,2024-01-06,High
2278,771,474,2018-05-10,High
2279,771,464,2024-05-16,High
2280,771,462,2016-04-27,High
2281,772,478,2025-04-10,High
2282,772,461,2025-03-23,High
2283,773,481,2022-10-17,High
2284,773,450,2024-03-14,High
2285,773,510,2023-10-14,High
2286,773,456,2024-06-19,High
2287,774,590,2021-09-15,High
2288,774,590,2024-06-08,High
2289,774,592,2020-11-27,High
2290,775,618,2024-12-27,Medium
2291,775,648,2024-06-15,Medium
2292,775,635,2024-09-08,Medium
2293,776,848,2023-03-28,Low
2294,776,839,2016-06-10,Low
2295,776,808,2025-01-31,Low
2296,776,814,2019-05-31,Low
2297,777,366,2023-08-19,High
2298,778,491,2021-09-26,High
2299,778,504,2022-02-28,High
2300,779,603,2017-12-25,Medium
2301,779,594,2017-12-11,High
2302,779,619,2019-04-07,Medium
2303,779,626,2020-11-02,Medium
2304,779,603,2024-08-04,Medium
2305,780,443,2025-02-05,High
2306,780,506,2023-01-15,High
2307,780,478,2024-06-05,High
2308,781,710,2024-11-16,Low
2309,782,329,2016-05-19,High
2310,783,455,2022-12-26,High
2311,783,423,2024-05-21,High
2312,783,471,2024-04-01,High
2313,784,375,2022-12-05,High
2314,784,381,2023-07-17,High
2315,784,370,2022-05-23,High
2316,784,371,2024-09-16,High
2317,785,749,2023-01-22,Low
2318,785,724,2023-10-08,Low
2319,785,751,2024-11-17,Low
2320,785,727,2023-12-22,Low
2321,785,737,2024-02-16,Low
2322,786,528,2024-12-09,High
2323,786,542,2021-10-10,High
2324,787,462,2025-02-18,High
2325,787,409,2024-12-22,High
2326,787,394,2024-05-03,High
2327,787,426,2023-10-16,High
2328,788,850,2024-08-29,Low
2329,789,850,2024-12-25,Low
2330,789,850,2022-11-28,Low
2331,790,754,2020-04-18,Low
2332,790,782,2023-03-07,Low
2333,790,759,2017-05-01,Low
2334,790,777,2022-12-26,Low
2335,790,788,2019-12-22,Low
2336,791,787,2024-10-25,Low
2337,791,753,2023-03-09,Low
2338,792,461,2024-07-23,High
2339,792,506,2024-05-31,High
2340,793,806,2023-06-26,Low
2341,793,850,2021-08-13,Low
2342,794,587,2022-05-21,High
2343,795,383,2024-09-03,High
2344,796,569,2023-10-05,High
2345,796,573,2021-10-30,High
2346,796,570,2023-01-04,High
2347,796,609,2022-10-07,Medium
2348,796,553,2021-05-28,High
2349,797,526,2016-08-20,High
2350,797,484,2017-01-15,High
2351,797,492,2023-07-02,High
2352,798,550,2024-05-21,High
2353,798,553,2025-01-13,High
2354,798,533,2020-01-03,High
2355,798,553,2017-06-10,High
2356,798,557,2016-07-13,High
2357,799,761,2023-03-12,Low
2358,799,731,2025-02-25,Low
2359,799,783,2022-09-23,Low
2360,799,742,2023-04-18,Low
2361,799,736,2025-04-08,Low
2362,800,650,2021-12-21,Medium
2363,800,673,2025-03-26,Medium
2364,800,716,2023-12-04,Low
2365,801,811,2024-08-28,Low
2366,801,800,2021-03-14,Low
2367,801,806,2022-08-26,Low
2368,801,807,2019-09-28,Low
2369,801,826,2024-04-04,Low
2370,802,645,2022-02-15,Medium
2371,802,647,2020-12-03,Medium
2372,802,657,2021-10-24,Medium
2373,802,688,2020-06-02,Medium
2374,803,368,2024-02-20,High
2375,803,372,2024-01-05,High
2376,803,365,2024-10-26,High
2377,803,380,2022-03-22,High
2378,803,347,2024-01-26,High
2379,804,435,2022-11-25,High
2380,805,817,2025-03-27,Low
2381,805,810,2025-03-14,Low
2382,805,814,2025-02-07,Low
2383,805,808,2025-02-18,Low
2384,805,782,2025-02-14,Low
2385,806,791,2023-12-10,Low
2386,806,850,2025-01-06,Low
2387,807,620,2018-04-09,Medium
2388,807,617,2020-12-19,Medium
2389,808,669,2025-01-15,Medium
2390,809,670,2024-10-18,Medium
2391,810,741,2019-04-15,Low
2392,810,754,2022-07-02,Low
2393,810,747,2022-05-22,Low
2394,810,769,2020-09-05,Low
2395,811,558,2025-03-27,High
2396,811,538,2025-01-31,High
2397,811,587,2025-01-05,High
2398,812,565,2024-08-12,High
2399,812,521,2024-07-11,High
2400,812,570,2024-09-14,High
2401,812,588,2025-02-19,High
2402,813,586,2019-04-30,High
2403,813,567,2022-03-19,High
2404,813,594,2020-06-10,High
2405,813,578,2025-01-19,High
2406,814,801,2024-01-09,Low
2407,814,799,2024-12-22,Low
2408,814,824,2024-02-27,Low
2409,814,800,2024-01-29,Low
2410,814,782,2023-11-25,Low
2411,815,826,2024-07-15,Low
2412,816,608,2019-08-08,Medium
2413,816,605,2017-08-21,Medium
2414,816,598,2022-03-09,High
2415,816,600,2025-01-02,High
2416,816,583,2020-10-06,High
2417,817,790,2023-05-08,Low
2418,817,780,2024-09-13,Low
2419,817,802,2022-12-12,Low
2420,818,487,2019-12-30,High
2421,818,442,2021-03-04,High
2422,818,492,2021-09-27,High
2423,819,778,2024-11-07,Low
2424,819,789,2024-08-10,Low
2425,819,804,2023-07-08,Low
2426,819,805,2024-10-31,Low
2427,819,799,2025-03-24,Low
2428,820,537,2024-05-07,High
2429,820,548,2024-11-22,High
2430,820,563,2024-06-18,High
2431,821,611,2024-09-22,Medium
2432,821,582,2025-01-09,High
2433,822,623,2022-09-02,Medium
2434,822,655,2022-04-22,Medium
2435,822,665,2024-06-16,Medium
2436,822,630,2021-05-13,Medium
2437,822,684,2024-12-10,Medium
2438,823,482,2024-11-16,High
2439,823,449,2024-03-09,High
2440,823,460,2023-12-21,High
2441,823,425,2022-12-25,High
2442,823,454,2025-03-05,High
2443,824,315,2025-01-07,High
2444,824,300,2025-01-24,High
2445,824,350,2022-08-12,High
2446,824,336,2024-09-26,High
2447,824,324,2022-07-08,High
2448,825,572,2021-09-21,High
2449,825,557,2023-11-24,High
2450,825,555,2023-08-07,High
2451,825,558,2022-03-05,High
2452,826,719,2022-07-17,Low
2453,826,662,2022-01-07,Medium
2454,827,517,2020-11-30,High
2455,827,535,2020-04-26,High
2456,827,496,2019-10-12,High
2457,827,484,2024-07-05,High
2458,827,498,2019-11-09,High
2459,828,578,2019-03-29,High
2460,828,601,2024-06-09,Medium
2461,828,604,2021-08-01,Medium
2462,828,631,2018-03-12,Medium
2463,828,616,2024-05-26,Medium
2464,829,522,2021-04-03,High
2465,829,487,2021-11-07,High
2466,829,512,2025-04-05,High
2467,830,424,2019-10-15,High
2468,830,409,2024-01-16,High
2469,830,369,2016-09-03,High
2470,830,410,2023-08-02,High
2471,831,439,2023-03-06,High
2472,831,431,2022-12-08,High
2473,832,628,2023-10-30,Medium
2474,832,615,2023-11-01,Medium
2475,833,828,2025-02-22,Low
2476,834,743,2021-05-12,Low
2477,834,752,2024-05-15,Low
2478,834,738,2018-06-11,Low
2479,834,721,2017-01-14,Low
2480,834,706,2024-11-20,Low
2481,835,482,2023-11-09,High
2482,835,486,2021-09-22,High
2483,835,471,2021-07-22,High
2484,835,482,2023-11-19,High
2485,835,467,2023-02-11,High
2486,836,850,2024-08-26,Low
2487,836,841,2023-03-24,Low
2488,836,844,2022-10-17,Low
2489,837,735,2024-06-29,Low
2490,837,730,2024-01-31,Low
2491,838,669,2024-03-14,Medium
2492,838,653,2023-10-16,Medium
2493,839,822,2022-09-20,Low
2494,839,848,2024-08-28,Low
2495,840,372,2024-12-13,High
2496,840,354,2024-12-30,High
2497,840,369,2025-04-07,High
2498,841,400,2022-07-06,High
2499,841,415,2023-05-14,High
2500,841,359,2024-02-17,High
2501,841,362,2021-08-16,High
2502,842,333,2023-04-21,High
2503,842,353,2025-04-10,High
2504,843,683,2021-11-08,Medium
2505,843,708,2017-04-30,Low
2506,843,709,2021-04-19,Low
2507,844,771,2025-03-11,Low
2508,844,782,2025-04-02,Low
2509,844,813,2024-10-26,Low
2510,844,809,2024-11-25,Low
2511,845,824,2022-08-14,Low
2512,845,810,2024-03-05,Low
2513,846,659,2024-07-01,Medium
2514,847,488,2024-01-31,High
2515,847,458,2025-01-01,High
2516,847,447,2024-05-17,High
2517,848,697,2019-03-15,Medium
2518,849,648,2017-10-31,Medium
2519,849,649,2020-02-07,Medium
2520,849,670,2024-09-10,Medium
2521,850,548,2025-01-28,High
2522,850,555,2025-01-08,High
2523,850,555,2024-10-10,High
2524,851,387,2025-03-07,High
2525,852,621,2021-05-09,Medium
2526,853,782,2024-03-07,Low
2527,854,539,2022-02-24,High
2528,854,512,2021-12-15,High
2529,854,538,2023-12-05,High
2530,854,511,2021-12-04,High
2531,855,377,2024-04-02,High
2532,855,390,2025-03-03,High
2533,855,361,2024-09-20,High
2534,855,393,2024-06-24,High
2535,856,722,2021-05-07,Low
2536,856,674,2020-10-02,Medium
2537,856,676,2021-03-29,Medium
2538,856,701,2017-10-19,Low
2539,857,381,2018-03-18,High
2540,857,394,2017-07-28,High
2541,857,382,2022-04-21,High
2542,858,391,2024-01-15,High
2543,858,405,2021-12-04,High
2544,859,683,2020-04-20,Medium
2545,859,674,2017-06-04,Medium
2546,860,528,2021-05-16,High
2547,861,734,2023-10-07,Low
2548,861,754,2018-03-05,Low
2549,861,711,2016-07-03,Low
2550,861,785,2023-08-25,Low
2551,862,603,2025-01-07,Medium
2552,862,609,2024-03-26,Medium
2553,862,599,2024-03-24,High
2554,862,627,2023-02-16,Medium
2555,863,315,2025-02-25,High
2556,864,733,2021-04-15,Low
2557,864,699,2023-07-27,Medium
2558,864,741,2021-04-24,Low
2559,864,718,2019-10-02,Low
2560,864,743,2021-05-16,Low
2561,865,428,2024-10-19,High
2562,866,429,2025-02-28,High
2563,866,489,2024-03-21,High
2564,866,489,2023-11-13,High
2565,867,690,2024-07-04,Medium
2566,867,706,2025-02-12,Low
2567,867,718,2024-01-28,Low
2568,867,678,2023-10-22,Medium
2569,868,526,2019-06-11,High
2570,868,544,2021-08-01,High
2571,868,520,2021-07-13,High
2572,868,560,2018-08-19,High
2573,868,537,2018-09-19,High
2574,869,372,2022-12-14,High
2575,869,361,2024-10-28,High
2576,869,389,2023-03-30,High
2577,869,380,2024-05-22,High
2578,869,382,2024-01-22,High
2579,870,625,2023-12-15,Medium
2580,871,752,2017-05-11,Low
2581,871,800,2021-08-14,Low
2582,871,757,2017-11-27,Low
2583,871,801,2020-09-22,Low
2584,872,410,2020-09-27,High
2585,872,386,2024-03-02,High
2586,872,415,2021-04-07,High
2587,872,405,2021-09-17,High
2588,872,416,2022-06-08,High
2589,873,347,2020-05-03,High
2590,873,322,2022-11-08,High
2591,873,376,2022-01-09,High
2592,874,822,2023-11-21,Low
2593,874,832,2024-11-22,Low
2594,874,799,2024-09-05,Low
2595,874,811,2023-11-12,Low
2596,874,844,2024-05-05,Low
2597,875,328,2017-02-01,High
2598,875,347,2018-09-25,High
2599,875,339,2018-05-06,High
2600,875,320,2022-06-30,High
2601,875,352,2024-06-03,High
2602,876,545,2022-01-15,High
2603,876,570,2023-02-03,High
2604,877,655,2021-06-11,Medium
2605,877,712,2024-06-16,Low
2606,877,673,2024-12-12,Medium
2607,878,836,2024-01-28,Low
2608,879,792,2024-04-13,Low
2609,879,771,2020-04-10,Low
2610,879,781,2022-04-28,Low
2611,880,482,2023-06-07,High
2612,881,707,2022-02-28,Low
2613,881,681,2022-06-03,Medium
2614,882,634,2017-09-09,Medium
2615,882,622,2024-04-10,Medium
2616,883,656,2023-02-02,Medium
2617,883,652,2023-09-22,Medium
2618,883,682,2023-10-18,Medium
2619,883,653,2025-02-01,Medium
2620,883,684,2023-01-03,Medium
2621,884,850,2024-12-14,Low
2622,884,847,2023-09-11,Low
2623,884,850,2023-01-27,Low
2624,885,756,2021-10-19,Low
2625,885,765,2022-04-06,Low
2626,885,759,2023-12-06,Low
2627,885,796,2024-02-01,Low
2628,886,670,2018-02-03,Medium
2629,887,784,2024-02-20,Low
2630,888,634,2023-03-19,Medium
2631,888,586,2024-10-01,High
2632,888,612,2022-06-19,Medium
2633,888,628,2021-01-22,Medium
2634,888,606,2024-02-08,Medium
2635,889,586,2024-02-05,High
2636,889,591,2022-04-04,High
2637,889,623,2019-05-29,Medium
2638,890,543,2019-12-25,High
2639,890,581,2020-11-27,High
2640,890,580,2024-11-16,High
2641,891,763,2021-11-14,Low
2642,892,703,2020-06-24,Low
2643,892,723,2024-12-23,Low
2644,893,370,2024-11-10,High
2645,893,345,2024-01-15,High
2646,894,850,2021-03-26,Low
2647,894,843,2017-06-28,Low
2648,894,842,2022-05-15,Low
2649,894,849,2017-10-24,Low
2650,895,435,2023-11-20,High
2651,895,430,2022-05-15,High
2652,895,403,2023-02-15,High
2653,896,479,2023-03-28,High
2654,896,502,2024-11-22,High
2655,897,850,2022-11-19,Low
2656,898,485,2020-09-15,High
2657,898,448,2020-06-20,High
2658,898,435,2020-04-02,High
2659,898,458,2022-04-19,High
2660,899,565,2021-05-04,High
2661,899,565,2025-02-22,High
2662,899,598,2023-03-09,High
2663,899,570,2024-07-21,High
2664,900,578,2016-04-17,High
2665,900,582,2024-05-16,High
2666,900,600,2019-11-03,High
2667,900,557,2023-07-10,High
2668,901,443,2024-10-01,High
2669,902,389,2023-05-30,High
2670,903,686,2022-01-08,Medium
2671,903,659,2023-11-02,Medium
2672,903,686,2023-03-05,Medium
2673,903,654,2022-11-06,Medium
2674,903,684,2023-03-11,Medium
2675,904,786,2025-02-16,Low
2676,904,747,2024-12-05,Low
2677,905,305,2018-12-06,High
2678,905,317,2018-12-05,High
2679,905,300,2020-07-01,High
2680,905,329,2019-04-30,High
2681,906,738,2024-12-21,Low
2682,907,389,2024-04-10,High
2683,907,422,2024-02-23,High
2684,907,372,2024-10-22,High
2685,908,575,2022-07-19,High
2686,908,561,2024-01-19,High
2687,909,705,2019-09-11,Low
2688,909,643,2022-07-13,Medium
2689,909,694,2023-08-02,Medium
2690,909,673,2018-06-01,Medium
2691,909,693,2022-10-30,Medium
2692,910,796,2025-04-08,Low
2693,910,796,2024-09-02,Low
2694,910,794,2025-03-25,Low
2695,910,847,2025-02-06,Low
2696,910,805,2024-09-27,Low
2697,911,545,2022-10-11,High
2698,911,500,2024-04-25,High
2699,911,515,2023-03-12,High
2700,911,494,2022-12-06,High
2701,912,798,2023-12-22,Low
2702,912,819,2024-12-04,Low
2703,912,813,2017-10-24,Low
2704,913,816,2016-10-16,Low
2705,913,847,2021-09-27,Low
2706,914,338,2019-12-24,High
2707,915,674,2021-08-14,Medium
2708,915,693,2021-08-31,Medium
2709,916,594,2024-12-31,High
2710,917,838,2024-06-18,Low
2711,917,820,2021-03-20,Low
2712,917,799,2018-06-29,Low
2713,917,849,2019-01-10,Low
2714,917,850,2018-06-12,Low
2715,918,439,2020-05-09,High
2716,918,448,2021-08-19,High
2717,918,425,2024-03-15,High
2718,918,436,2020-06-16,High
2719,919,612,2020-11-23,Medium
2720,919,673,2020-07-26,Medium
2721,919,672,2024-07-23,Medium
2722,919,663,2020-10-26,Medium
2723,919,658,2020-01-05,Medium
2724,920,836,2024-08-06,Low
2725,920,832,2022-11-26,Low
2726,920,842,2022-08-24,Low
2727,921,539,2023-11-08,High
2728,922,350,2022-04-09,High
2729,922,334,2023-12-17,High
2730,922,346,2023-06-11,High
2731,922,364,2023-07-13,High
2732,923,848,2022-10-24,Low
2733,924,386,2022-01-21,High
2734,924,376,2022-06-07,High
2735,924,354,2023-09-14,High
2736,925,764,2023-06-08,Low
2737,926,829,2020-05-13,Low
2738,926,845,2020-07-04,Low
2739,926,850,2021-11-04,Low
2740,926,831,2018-07-15,Low
2741,927,498,2020-07-26,High
2742,927,532,2023-05-23,High
2743,928,784,2024-09-12,Low
2744,928,774,2025-04-05,Low
2745,928,757,2024-12-30,Low
2746,928,802,2024-11-27,Low
2747,929,823,2021-09-15,Low
2748,930,753,2021-11-13,Low
2749,930,837,2022-09-23,Low
2750,930,767,2021-06-15,Low
2751,930,789,2023-05-11,Low
2752,930,791,2021-05-19,Low
2753,931,819,2019-10-06,Low
2754,931,773,2016-10-27,Low
2755,932,692,2021-12-31,Medium
2756,932,716,2024-09-07,Low
2757,932,683,2022-07-04,Medium
2758,933,517,2021-01-23,High
2759,933,512,2021-02-22,High
2760,934,595,2024-12-04,High
2761,934,571,2024-10-06,High
2762,934,588,2024-01-03,High
2763,934,567,2022-12-08,High
2764,935,558,2025-03-02,High
2765,935,610,2023-01-26,Medium
2766,935,593,2024-06-16,High
2767,935,617,2023-03-24,Medium
2768,936,375,2023-05-24,High
2769,936,381,2024-11-05,High
2770,936,402,2023-04-22,High
2771,936,363,2024-09-21,High
2772,936,378,2023-09-05,High
2773,937,398,2019-08-07,High
2774,937,402,2023-10-09,High
2775,938,519,2024-08-10,High
2776,938,565,2024-04-26,High
2777,938,547,2024-10-11,High
2778,939,518,2019-09-14,High
2779,939,488,2018-08-13,High
2780,939,518,2019-03-04,High
2781,940,538,2023-06-02,High
2782,940,525,2023-05-05,High
2783,940,532,2023-12-02,High
2784,940,488,2024-05-17,High
2785,941,558,2024-02-19,High
2786,941,527,2024-07-07,High
2787,941,540,2025-01-15,High
2788,941,597,2024-05-24,High
2789,942,363,2018-08-31,High
2790,942,360,2019-05-13,High
2791,942,367,2024-11-18,High
2792,943,648,2022-03-08,Medium
2793,944,615,2020-09-13,Medium
2794,944,590,2024-09-30,High
2795,944,595,2019-09-12,High
2796,945,432,2020-03-26,High
2797,945,424,2024-05-27,High
2798,946,515,2023-10-02,High
2799,946,508,2023-08-14,High
2800,946,511,2020-05-28,High
2801,946,496,2021-03-12,High
2802,947,780,2023-06-16,Low
2803,947,788,2022-02-06,Low
2804,947,818,2025-02-24,Low
2805,947,802,2022-03-13,Low
2806,948,538,2020-07-10,High
2807,949,665,2024-04-29,Medium
2808,949,711,2020-12-12,Low
2809,949,666,2021-06-25,Medium
2810,950,730,2021-09-18,Low
2811,950,686,2024-01-06,Medium
2812,950,706,2023-09-25,Low
2813,950,710,2023-04-24,Low
2814,950,740,2022-08-29,Low
2815,951,421,2023-12-31,High
2816,951,397,2021-02-26,High
2817,951,400,2023-09-15,High
2818,951,434,2018-08-22,High
2819,952,788,2019-12-09,Low
2820,952,796,2017-09-26,Low
2821,952,822,2015-10-13,Low
2822,953,603,2024-08-03,Medium
2823,954,700,2022-07-15,Medium
2824,954,688,2025-03-16,Medium
2825,954,666,2023-03-31,Medium
2826,954,665,2022-12-02,Medium
2827,954,694,2023-05-30,Medium
2828,955,389,2020-05-18,High
2829,955,349,2025-02-23,High
2830,956,519,2023-12-14,High
2831,956,495,2022-07-12,High
2832,956,509,2023-06-13,High
2833,957,833,2024-04-13,Low
2834,957,843,2020-12-06,Low
2835,957,808,2018-06-08,Low
2836,957,808,2019-05-31,Low
2837,957,847,2022-03-30,Low
2838,958,795,2024-12-27,Low
2839,958,809,2024-07-24,Low
2840,958,799,2023-11-02,Low
2841,958,798,2025-02-26,Low
2842,959,843,2022-07-03,Low
2843,959,850,2020-03-08,Low
2844,959,834,2020-03-08,Low
2845,960,850,2018-01-03,Low
2846,960,830,2020-07-06,Low
2847,961,444,2023-03-29,High
2848,961,445,2023-06-29,High
2849,962,850,2023-10-12,Low
2850,962,826,2020-12-05,Low
2851,962,827,2023-10-24,Low
2852,963,379,2019-06-25,High
2853,963,355,2016-06-12,High
2854,964,607,2017-04-01,Medium
2855,964,572,2022-03-03,High
2856,965,487,2019-07-31,High
2857,965,508,2020-12-01,High
2858,965,496,2025-02-02,High
2859,966,675,2024-11-07,Medium
2860,967,795,2022-01-05,Low
2861,967,776,2024-11-05,Low
2862,967,704,2023-10-20,Low
2863,968,833,2024-12-13,Low
2864,968,850,2025-02-07,Low
2865,968,845,2025-03-22,Low
2866,969,471,2017-04-04,High
2867,969,483,2020-10-26,High
2868,970,546,2025-02-19,High
2869,970,564,2025-03-02,High
2870,971,430,2023-06-10,High
2871,972,394,2023-12-19,High
2872,972,340,2021-04-27,High
2873,973,850,2020-01-12,Low
2874,973,834,2020-05-08,Low
2875,973,849,2022-03-14,Low
2876,973,832,2019-10-30,Low
2877,973,850,2022-04-28,Low
2878,974,605,2022-11-25,Medium
2879,974,656,2023-11-02,Medium
2880,974,636,2024-08-10,Medium
2881,974,650,2022-02-09,Medium
2882,974,658,2023-09-23,Medium
2883,975,545,2021-07-02,High
2884,975,549,2022-06-07,High
2885,975,565,2024-12-24,High
2886,976,611,2024-07-16,Medium
2887,976,563,2024-05-09,High
2888,976,577,2024-01-07,High
2889,976,591,2024-11-15,High
2890,977,676,2023-07-30,Medium
2891,977,711,2021-01-20,Low
2892,977,676,2018-03-15,Medium
2893,977,693,2017-06-19,Medium
2894,977,683,2025-02-19,Medium
2895,978,546,2025-03-14,High
2896,978,560,2025-02-06,High
2897,978,557,2025-01-23,High
2898,979,496,2023-11-18,High
2899,979,491,2022-12-17,High
2900,979,507,2024-02-16,High
2901,979,475,2022-06-25,High
2902,980,492,2019-09-03,High
2903,981,414,2024-06-22,High
2904,982,685,2021-06-03,Medium
2905,982,696,2018-12-07,Medium
2906,982,696,2019-08-03,Medium
2907,982,684,2019-09-19,Medium
2908,982,694,2023-03-29,Medium
2909,983,559,2024-10-24,High
2910,983,569,2024-10-27,High
2911,983,541,2018-09-20,High
2912,983,564,2020-10-06,High
2913,984,788,2025-02-28,Low
2914,984,781,2024-11-28,Low
2915,985,379,2024-03-01,High
2916,985,363,2024-12-21,High
2917,985,375,2024-05-01,High
2918,985,374,2024-02-24,High
2919,985,356,2024-01-08,High
2920,986,779,2022-08-07,Low
2921,986,765,2021-11-25,Low
2922,986,768,2022-02-03,Low
2923,986,780,2025-03-06,Low
2924,987,820,2023-04-14,Low
2925,987,831,2023-02-18,Low
2926,988,492,2021-08-14,High
2927,989,453,2016-11-25,High
2928,990,818,2024-06-22,Low
2929,991,688,2024-07-15,Medium
2930,992,446,2022-10-22,High
2931,992,450,2025-03-30,High
2932,992,449,2024-09-07,High
2933,992,443,2024-01-16,High
2934,992,446,2022-11-29,High
2935,993,773,2020-05-27,Low
2936,993,814,2023-11-24,Low
2937,994,815,2025-01-20,Low
2938,994,821,2024-11-03,Low
2939,995,457,2020-08-15,High
2940,995,417,2024-12-23,High
2941,995,493,2021-08-22,High
2942,995,486,2022-05-12,High
2943,996,792,2024-09-08,Low
2944,996,740,2024-11-23,Low
2945,996,758,2023-06-05,Low
2946,996,752,2023-06-25,Low
2947,996,737,2023-12-29,Low
2948,997,509,2019-07-14,High
2949,997,531,2024-03-31,High
2950,998,513,2021-07-20,High
2951,999,484,2023-05-25,High
2952,999,503,2025-01-19,High
2953,999,465,2024-08-23,High
2954,1000,572,2021-04-24,High
2955,1000,609,2019-07-11,Medium
2956,1000,559,2021-11-06,High
