account_id,average_transaction,transaction_count,total_amount,min_transaction,max_transaction,transaction_std_dev
2,2347534.3255555555,18,42255617.86,158208.81,4826212.82,1376168.0949775933
3,2324349.9505,20,46486999.01,451744.31,4792605.21,1305616.955423631
4,2229189.7399999998,17,37896225.58,35776.69,4858879.45,1572712.1843917368
5,2078750.0608333333,24,49890001.46,63823.56,4637275.32,1385440.1493180047
6,2482654.8005882353,17,42205131.61,114574.86,4864053.63,1308620.973562915
7,2907887.7660869565,23,66881418.62,61321.52,4977677.22,1399826.0860532154
8,2024849.760526316,19,38472145.45,49002.78,4896908.07,1424044.5525021013
9,2308971.0833333335,15,34634566.25,98378.64,4783578.2,1526916.8244554382
10,2178991.7013333333,15,32684875.52,508098.14,4760274.78,1537931.9012546896
11,2700521.999130435,23,62112005.98,128094.01,4642399.05,1559230.9190916345
12,2454719.261904762,21,51549104.5,80234.3,4940969.35,1613923.2352987283
13,2140095.0865625,32,68483042.77,245512.0,4963501.22,1451729.4992352647
14,3014968.439166667,24,72359242.54,506553.78,4816823.36,1226877.5167297786
15,2745505.1986666666,30,82365155.96,111553.8,4375804.63,1248428.90240556
17,2950695.5568750002,16,47211128.910000004,454581.72,4928194.48,1405215.9876590616
19,2143515.842857143,21,45013832.7,9642.77,4961444.51,1679349.1931301467
20,2474022.9688888886,18,44532413.44,53138.11,4935440.39,1647591.173088433
21,2670241.69375,24,64085800.65,347845.03,4686117.47,1309200.6809312394
22,3014150.7744,25,75353769.36,486247.6,4880647.51,1388851.3736128998
23,2544241.58,22,55973314.76,54378.72,4529177.45,1490782.4846575498
24,2347841.1845454546,22,51652506.06,60982.72,4513564.62,1367882.4799930938
27,2581546.8276190474,21,54212483.379999995,610115.09,4852183.1,1389222.5898031949
28,2347853.09,16,37565649.44,263064.99,4684577.99,1503203.4700945506
30,2346169.3619047618,21,49269556.6,201609.97,4700673.82,1438363.0993752463
31,2531652.4,16,40506438.4,268635.67,4492709.98,1590167.9836160473
32,2621524.7214285713,21,55052019.15,317355.94,4815984.85,1430938.6208748068
33,1750078.2430434783,23,40251799.59,82083.76,4684703.4,1401480.3140437508
34,2535587.75,19,48176167.25,121522.27,4854356.01,1547022.385451618
38,2547702.535,14,35667835.49,45278.6,4688105.14,1454023.41754646
39,2511896.533043478,23,57773620.26,333665.47,4832602.0,1211931.7186881383
41,2786597.9282352943,17,47372164.78,104558.32,4884204.47,1606712.2959183783
42,1795923.7926666667,15,26938856.89,397197.55,4546030.99,1189700.4559466604
43,2864228.908125,16,45827662.53,680385.36,4684413.67,1368474.76981127
44,2050903.4166666667,12,24610841.0,56269.87,4485297.3,1615992.027564663
45,1564433.7850000001,12,18773205.42,61561.55,2735732.8,858672.8505495829
46,2704966.0637499997,16,43279457.019999996,1179175.92,4863832.96,1174679.712399418
47,2228725.5684615383,26,57946864.78,11434.22,4991130.38,1649323.8617735596
48,2960136.6185,20,59202732.37,12249.82,4983953.79,1395364.192619092
49,2413668.8711111112,18,43446039.68,149915.75,4724758.65,1735495.7333199312
50,2552445.1542857145,21,53601348.24,21043.23,4657120.17,1758337.1036852747
51,2334227.443157895,19,44350321.42,27427.16,4344136.91,1307691.8932779469
52,2349710.6973333335,15,35245660.46,17850.82,4932479.1,1573687.5081310314
53,2339258.34875,16,37428133.58,229971.37,3978815.71,1194280.8991950022
54,2661037.7030769233,13,34593490.14,673440.68,4173897.23,1195603.7651006992
55,2208257.59875,24,52998182.37,166497.51,4540098.3,1163450.3523289296
56,2633600.1468181815,22,57939203.23,304498.12,4810798.09,1457709.697935359
58,2563510.3910714285,28,71778290.95,242603.34,4986318.29,1595811.2323936017
60,3066233.16,19,58258430.04,544759.64,4694287.24,1317106.1424282982
61,2901393.3375,20,58027866.75,515616.96,4511340.29,1351423.0626792128
62,2635659.1125,20,52713182.25,252445.57,4726772.24,1675385.2973590358
64,2535236.513846154,13,32958074.68,952745.61,4614221.67,1276286.064975365
65,2366836.194285714,14,33135706.72,71053.59,4652997.12,1412719.6902728574
67,2568978.8508333336,24,61655492.42,132063.24,4908528.5,1484140.01873114
68,2644216.793529412,17,44951685.49,192540.66,4569855.29,1367540.348363276
70,1935593.5523076924,13,25162716.18,39004.04,4751983.57,1570649.5840753256
71,2614730.444761905,21,54909339.34,127953.33,4838204.34,1546871.7951570014
72,2379874.161578947,19,45217609.07,317546.36,4776754.52,1529984.3527150368
73,2556343.4461904764,21,53683212.370000005,611660.59,4756228.61,1490253.070923702
74,2242990.8832142856,28,62803744.73,414156.44,4609723.02,1441881.9227456506
76,1593675.635,14,22311458.89,14657.39,3506303.82,1015695.9908892214
77,2444079.9711111113,18,43993439.480000004,88130.62,4998793.91,1728650.1009665318
78,2255355.82875,24,54128539.89,16131.42,4540470.69,1509657.2493904517
80,2970080.895,12,35640970.74,426555.04,4914297.15,1420650.9403370142
81,2004388.5746666668,15,30065828.62,206398.61,4175597.93,1269172.7933451114
82,2910492.794545455,22,64030841.480000004,142246.55,4973425.42,1565505.3295740925
83,2859605.5524999998,28,80068955.47,39383.97,4958193.19,1561067.2940279327
85,2717538.1442857143,21,57068301.03,158146.22,4739992.01,1524281.741862384
86,2501926.183333333,15,37528892.75,179783.83,4944503.98,1557397.8086555405
88,2069617.5163157897,19,39322732.81,19245.92,4620691.05,1622738.5353160026
90,2354447.086111111,18,42380047.55,8926.64,4975037.53,1484572.7451101923
91,2351105.73375,32,75235383.48,292995.41,4784948.54,1381258.692957209
92,3184186.367647059,17,54131168.25,1289826.82,4895088.97,1234257.734590284
93,2346904.5478947368,19,44591186.41,49604.01,4991056.25,1652705.953899714
94,1886392.3268181817,22,41500631.19,14892.64,4402620.14,1489100.2436969732
95,2998545.4499999997,22,65967999.9,473222.22,4916533.52,1281820.7442021403
96,2124188.492666667,15,31862827.39,444313.97,4685585.98,1402653.2197747815
97,2593369.9225,24,62240878.14,43672.16,4953351.06,1615425.274651234
98,3363237.7036363636,11,36995614.74,1803102.55,4955649.9,1239658.1438159095
99,2664259.8885714286,14,37299638.44,438604.26,4700793.26,1489793.9462543845
100,2507210.6352941175,17,42622580.8,133322.31,4967279.54,1530444.6785141497
101,2603863.1352173914,23,59888852.11,646884.09,4951957.26,1457946.4760725463
102,2347495.874,25,58687396.85,523602.41,4284002.49,1049085.927029073
103,1682641.86,17,28604911.62,35431.44,3473912.74,996421.7563467674
104,1907699.4695000001,20,38153989.39,86863.82,4169083.18,1280015.02621873
105,2062557.0215789475,19,39188583.410000004,168393.87,4736298.66,1391134.2635513546
106,2375491.6155555556,18,42758849.08,47587.06,4957541.04,1647684.5474501778
107,2511512.830416667,24,60276307.93,423597.11,4735824.42,1341880.808167544
108,1899765.5526315789,19,36095545.5,88666.8,4957178.29,1585395.9057104618
109,2492971.77,24,59831322.48,100492.07,4944120.25,1511968.0760380146
110,2503247.2905,20,50064945.81,692690.71,4825696.08,1186935.9324973696
111,2237966.118387097,31,69376949.67,4158.72,4627346.25,1284749.5377415721
112,2174556.0023076925,13,28269228.03,658502.0,4694764.61,1587290.06503863
113,2288137.958421053,19,43474621.21,421082.95,4646549.29,1376126.9351157867
114,2385162.6599999997,13,31007114.58,439024.09,4681759.1,1504183.0873304128
115,2386751.1646666666,15,35801267.47,72929.16,4554282.47,1577082.249041971
116,2315574.190869565,23,53258206.39,212270.42,4278070.71,1278732.6385590513
117,2110274.567222222,18,37984942.21,24425.24,4466613.43,1449138.3897294197
118,1961809.4684210524,19,37274379.9,107343.65,4278537.44,1355122.6298718923
119,2019457.0491666666,24,48466969.18,130958.31,4466419.3,1535354.853330112
120,2733058.5573913045,23,62860346.82,532396.87,4809776.78,1373096.1722448643
121,3159671.3063157895,19,60033754.82,305736.56,4999874.72,1601488.9051692616
122,2623124.0749999997,22,57708729.65,87966.83,4962459.29,1550435.318423428
123,2008441.2136363634,11,22092853.349999998,35211.04,4918062.35,1890226.4305259262
124,3083661.506666667,15,46254922.6,301387.54,4874861.16,1664656.921747032
125,2602645.7605,20,52052915.21,13604.75,4965369.04,1618177.8967537484
127,2829048.071111111,9,25461432.64,829076.72,4420646.35,1342880.3728067442
128,2824498.48,23,64963465.04,138424.38,4820079.82,1388076.7156332345
129,2146612.8408333333,12,25759354.09,505569.07,4312646.32,1211461.5225314233
130,2328330.382777778,18,41909946.89,80712.78,4974544.73,1356465.6541955855
131,2888181.163333333,18,51987260.94,960068.41,4700044.8,1106599.8872280032
132,3040100.313181818,22,66882206.89,305267.01,4984422.76,1243256.7703871673
133,2286366.206,15,34295493.089999996,337111.05,4493862.54,1495055.567235468
134,2451176.0954545457,22,53925874.1,328767.09,4929932.39,1412868.1751512587
135,2435486.6811764706,17,41403273.58,287592.95,4853768.4,1534798.356007344
136,2796480.8370588236,17,47540174.23,555375.5,4825487.63,1443053.485809137
137,2618920.8745454545,22,57616259.24,63141.6,4873415.56,1314498.7659937406
138,2583076.513125,16,41329224.21,250504.84,4411457.96,1210266.5670201727
139,2295564.418095238,21,48206852.78,112243.59,4717583.41,1291448.8071444037
141,2959803.1777272727,22,65115669.910000004,466674.95,4981174.53,1346002.5965819038
142,2585492.0470833336,24,62051809.13,193163.42,4591535.74,1342308.9795644735
144,2377606.4814285715,21,49929736.11,84396.71,4850809.86,1703269.7595916863
145,2234589.4528,25,55864736.32,64650.92,4890875.57,1580892.184770462
146,2264326.2285714285,14,31700567.2,8276.66,4476092.5,1449319.6813112495
147,2552087.693571429,28,71458455.42,91429.21,4970980.78,1539412.3448372507
148,2560103.3638888886,18,46081860.55,248645.41,4907430.73,1628553.2461638264
149,2768378.2984210528,19,52599187.67,656278.06,4774273.04,1272759.952627932
150,2865466.21137931,29,83098520.13,18241.6,4964483.17,1416685.5236936621
151,2603161.8000000003,14,36444265.2,69953.21,3907724.62,1367260.507680196
152,2142450.4596153847,26,55703711.95,82401.91,4548185.74,1041648.442805995
155,2605245.1011764705,17,44289166.72,227065.59,4939297.75,1556809.9291465853
156,2134727.7328571426,28,59772376.519999996,226741.79,4855399.15,1480168.9574896446
158,2751379.2416666667,24,66033101.8,222149.36,4937843.51,1221680.5372493106
159,2747890.8039999995,25,68697270.1,124673.89,4979652.91,1381585.9764179075
160,2289417.0029166667,24,54946008.07,319146.46,4859774.43,1511308.7601828033
161,2875672.8973333333,15,43135093.46,464882.17,4539920.31,1224423.324478354
162,1983398.2555555557,9,17850584.3,487491.72,4726497.55,1299690.038818244
163,1860509.6099999999,14,26047134.54,167168.61,4577646.69,1413699.3150518283
164,2631127.45,25,65778186.25,527026.7,4390906.55,1268105.4706102873
165,2124880.7715,20,42497615.43,131644.88,4957483.71,1547371.0894276253
167,2691462.459130435,23,61903636.56,443067.49,4921864.99,1436040.9102815269
169,2362833.174761905,21,49619496.67,11080.97,4991703.33,1502368.322212202
170,2137235.354117647,17,36333001.019999996,26463.11,4384867.0,1506175.9425943098
171,2698538.8104545455,22,59367853.83,119624.45,4835943.27,1572518.3709820493
172,2313515.1053333334,15,34702726.58,346491.47,4468505.79,1389649.1879431598
174,2185503.2061538463,13,28411541.68,606428.88,4983750.17,1406419.793432823
175,2050657.99125,24,49215791.79,3351.87,4580329.07,1401909.5309283135
176,3011564.2247619047,21,63242848.72,201171.92,4750961.11,1341921.2504297511
177,2831263.580476191,21,59456535.190000005,22717.12,4919846.03,1714352.1469173706
178,3121986.3144444446,18,56195753.660000004,320308.03,4652711.75,1344336.7111190404
179,2110890.2204761906,21,44328694.63,33293.9,4888852.21,1496213.8380339756
180,2704867.89,24,64916829.36,349092.22,4932081.3,1541140.1837576972
182,2875292.9426086955,23,66131737.68,115705.78,4548765.58,1214852.632405247
183,2829793.1529032257,31,87723587.74,42826.6,4967547.36,1533930.1228260293
185,2649715.7394444444,18,47694883.31,124159.07,4962097.76,1677675.1062340476
186,2848736.7970588235,17,48428525.55,79370.78,4875940.45,1502959.3017929408
188,1965489.5631578949,19,37344301.7,116775.02,3998749.61,1377444.5275476156
189,2776148.578846154,26,72179863.05,71563.92,4968799.78,1484429.002599183
190,2013022.5388888887,18,36234405.699999996,30386.11,4433106.56,1183325.7771580804
191,2283829.6660869564,23,52528082.32,33092.38,4566710.36,1248704.3377043232
192,2368179.9749999996,22,52099959.449999996,137038.56,4884809.97,1508777.3005062214
193,2347358.107083333,24,56336594.57,285344.24,4604695.1,1431684.6920733175
194,2736774.152857143,21,57472257.21,44376.12,4926372.17,1531334.2742818203
195,2203073.2354545454,22,48467611.18,41313.83,4950601.29,1455942.4025089531
196,1986672.35,21,41720119.35,12000.83,4929789.54,1304741.8458349134
197,3085686.9938095235,21,64799426.87,279429.46,4963589.1,1321020.612760257
200,2503926.5136363637,22,55086383.3,525653.06,4716061.58,1233237.8652769397
201,2453882.139411765,17,41715996.370000005,297915.48,4968098.57,1434468.7774334059
202,2578324.631,20,51566492.62,274920.95,4960568.84,1400950.679865323
203,3190597.696363636,11,35096574.66,1102475.9,4855656.89,1229504.9047211055
205,2350791.6125000003,24,56418998.7,115516.22,4999082.27,1594993.834674541
206,1950100.4083333332,24,46802409.8,116127.48,3590367.51,1029810.8617926716
207,3099970.5410526316,19,58899440.28,397667.73,4745501.24,1319369.3095290477
208,2643453.4749999996,18,47582162.55,41525.2,4774633.17,1426720.3754188097
210,2862332.356923077,13,37210320.64,912782.62,4625968.9,1160030.1036779403
211,2987897.450952381,21,62745846.47,324305.78,4970552.63,1422567.5443612249
212,2403877.455,22,52885304.01,186360.97,4999286.05,1445399.0708538778
213,3406677.855454546,22,74946912.82000001,37499.43,4871572.83,1381589.39141353
214,2139581.382142857,14,29954139.349999998,923735.88,4831889.22,1464418.991117036
215,2348461.1192,25,58711527.98,130965.51,4803666.87,1542521.5844521339
217,2199043.427142857,21,46179911.97,60660.28,4757610.83,1787980.8300340176
219,2123073.858,15,31846107.87,169816.3,4451962.87,1234482.6882795996
220,2448296.830555556,18,44069342.95,534062.43,4853144.24,1279609.903992683
221,2066008.671764706,17,35122147.42,97911.3,4342350.26,1253423.200198945
222,2729455.08882353,17,46400736.510000005,139516.23,4889138.41,1779624.493230038
223,2597116.116842105,19,49345206.22,417326.33,4974600.2,1425659.161909101
224,3042966.4692857144,14,42601530.57,922549.03,4914707.63,1484933.4577633566
225,2466036.2217391306,23,56718833.1,275768.65,4780154.84,1356753.7863230628
226,2791450.9236842105,19,53037567.55,274620.04,4747019.88,1605484.1628374727
227,2778889.2516666665,24,66693342.04,177557.71,4966311.65,1587871.7655475629
228,2592388.1852380955,21,54440151.89,499780.69,4957956.94,1351955.0879184115
229,2337640.5524999998,24,56103373.26,21883.68,4844143.13,1644186.9578249261
230,2084975.1135483873,31,64634228.52,22530.7,4246191.84,1268198.7981928184
233,3528038.5018181815,11,38808423.519999996,1177554.83,4700675.81,1022242.4236098813
234,3056751.6070588236,17,51964777.32,1647006.12,4924575.32,1178557.6240876534
235,1912231.0970370371,27,51630239.620000005,75737.72,4440429.11,1467251.489135655
236,2698557.9094117647,17,45875484.46,122516.59,4645427.41,1354009.898967914
237,2156115.0294736843,19,40966185.56,33910.9,4789250.99,1466713.9451362423
239,2222059.639090909,11,24442656.03,151649.21,4978827.32,1794088.564466947
240,1500377.3642857145,7,10502641.55,18961.08,4677306.59,1712276.8765800155
241,2864176.1088888887,27,77332754.94,439727.96,4857857.8,1488927.470354039
242,2283758.34,20,45675166.8,43756.02,4980397.4,1158770.9648362992
243,1987168.138888889,18,35769026.5,149288.95,4782802.87,1365502.0721621013
245,2585823.9648275864,29,74988894.98,13219.85,4880224.94,1601217.3649611776
247,2329237.7247368423,19,44255516.77,372279.31,4430696.51,1060356.0294245367
248,2369811.8825,16,37916990.12,60091.41,4872253.35,1440918.1192297775
249,3145823.3320000004,15,47187349.980000004,417819.65,4780056.92,1491195.0335610213
250,2414755.9742857143,21,50709875.46,25594.41,4870097.38,1483838.9553112397
252,3065395.5307142856,14,42915537.43,1178765.17,4965760.83,1412006.4018271756
253,2523795.023125,16,40380720.37,176580.95,4650531.43,1668831.8766295451
254,2695917.5972,25,67397939.93,280617.41,4770245.04,1495829.9709228594
255,2469329.998,20,49386599.96,267651.86,4297413.7,1072068.7266107704
256,2195414.9058333333,12,26344978.87,129577.47,4455270.48,1592174.7237564318
257,2621687.8176190476,21,55055444.17,49025.02,4755406.02,1405653.9913644851
259,1815744.8331578947,19,34499151.83,57714.58,4795545.86,1809628.159902664
261,2630215.1947999997,25,65755379.87,492226.34,4819312.49,1424422.1454436202
262,2019902.1821052632,19,38378141.46,144282.4,4548924.73,1472314.0610398818
263,2462078.016818182,22,54165716.370000005,39754.3,4639834.82,1615388.7695193046
264,3204605.639090909,11,35250662.03,242340.81,4839215.63,1633297.4118143118
266,2675961.6354166665,24,64223079.25,24654.59,4958485.32,1294464.8923205028
267,2009266.4662499998,16,32148263.459999997,35521.19,4765198.71,1604900.5236209282
268,2486015.1753333337,15,37290227.63,56691.61,4747438.3,1287870.4481279969
269,2098021.48375,24,50352515.61,115263.43,4819796.01,1288344.6974915578
270,2556844.154375,16,40909506.47,453763.9,4880837.12,1085886.3001668963
271,2676927.060625,16,42830832.97,212983.38,4925079.79,1394829.8456140792
272,2101532.7952631577,19,39929123.11,58797.01,4815579.2,1456082.199680803
273,2961264.994,20,59225299.879999995,298778.53,4983207.99,1384916.708509748
274,1984674.500769231,13,25800768.51,150155.74,4572848.25,1408570.6737611212
276,2470265.6371999998,25,61756640.93,605677.53,4946153.25,1485216.204908591
277,2384722.384375,16,38155558.15,546137.35,4379878.33,1466915.1989190453
278,2199796.6476470586,17,37396543.01,346568.54,4054059.6,1433681.6635438264
279,2034957.62,21,42734110.02,126727.6,4327414.92,1149641.8490394112
280,2348964.2391666668,24,56375141.74,118410.7,4942696.8,1401440.7915068392
281,2557045.7529629627,27,69040235.33,480278.76,4639558.62,1182697.8619975806
282,2790958.148,15,41864372.22,7538.47,4624639.38,1689269.4615300775
283,2405194.0295833335,24,57724656.71,159489.91,4883789.33,1372590.4586766118
284,2407969.1764285713,14,33711568.47,120750.95,4443898.65,1612572.5904320942
285,2668434.205909091,22,58705552.53,147728.7,4737957.44,1355077.665590699
287,2907116.010526316,19,55235204.2,75449.93,4663949.81,1445419.861628256
288,2409103.89125,24,57818493.39,168026.24,4942573.32,1568512.5818714653
289,2681985.3868181817,22,59003678.51,320318.3,4661387.85,1137501.0601192163
290,2070079.5596153846,26,53822068.55,203745.8,4703255.11,1192806.270368608
291,2051058.8526666665,15,30765882.79,95708.92,4710939.38,1539018.5166489498
295,2372357.0104761906,21,49819497.22,33559.43,4784705.61,1538439.9502543942
296,2683393.5528,25,67084838.82,34525.7,4949306.76,1348533.8703576766
297,2136280.091304348,23,49134442.1,225374.02,4221740.39,1360699.625464437
298,1843914.9605,20,36878299.21,395309.13,4499757.97,1316478.0209369918
299,2410954.647894737,19,45808138.31,303156.15,4959064.81,1499357.370683072
300,2619159.37,20,52383187.4,3274.87,4807604.11,1392348.649976029
301,3000000.0455555557,18,54000000.82,541255.1,4807426.13,1555736.5427084332
302,2394313.156153846,13,31126071.03,51128.28,4856734.12,1718438.6971057442
303,2467454.035714286,14,34544356.5,354811.83,4075663.83,1297725.9477784852
304,2518275.017368421,19,47847225.33,130522.54,4771134.55,1355013.525028888
305,2664969.1136363638,22,58629320.5,119654.65,4952671.12,1540303.0310919452
306,2697670.1744444445,18,48558063.14,568232.62,4024484.26,1125105.4674825387
307,2827689.463181818,22,62209168.19,297411.29,4713111.39,1282055.795428195
308,2341918.975,22,51522217.45,139812.06,4275510.6,1468004.096419125
309,2649499.4908695654,23,60938488.29,228810.17,4856160.04,1385287.2329996407
312,2692021.240625,16,43072339.85,33742.25,4689216.95,1430695.8145158296
313,2302860.092941176,17,39148621.58,22502.79,4250105.12,1354523.0607477168
314,2639694.926086956,23,60712983.3,294901.98,4663842.59,1408150.232046517
315,2859389.6929411767,17,48609624.78,14712.04,4932844.1,1723442.836517508
316,2957497.2266666666,24,70979933.44,397644.99,4989829.16,1598273.1595937936
318,3161708.7476470587,17,53749048.71,1254212.04,4740428.3,1247464.3200460544
319,2230663.848181818,22,49074604.66,342390.46,4866910.63,1259029.436284161
322,3344490.174615385,13,43478372.27,208286.91,4830541.85,1457550.3637066693
323,2350556.2405263158,19,44660568.57,121218.52,4927070.19,1652721.6706381775
326,2459447.767142857,21,51648403.11,445123.98,4862191.89,1348470.5118796362
330,2812465.3238888886,36,101248751.66,72309.4,4754469.26,1287758.1024659853
331,2632495.4436842105,19,50017413.43,885001.82,4859344.79,1375590.5872848807
332,2779167.0994117646,17,47245840.69,30513.43,4575781.2,1403010.4386132741
333,2657416.570588235,17,45176081.699999996,559404.09,4765471.67,1592435.3971722322
334,2066940.4700000002,23,47539630.81,148321.56,4909522.47,1312425.8454555178
335,2616711.8956,25,65417797.39,196013.67,4983975.02,1141201.2355423907
337,2050430.7623076923,26,53311199.82,283548.02,4434584.17,1230540.2424222026
338,2402791.355652174,23,55264201.18,12125.07,4876454.57,1599366.0282194745
339,1967539.2015384617,13,25578009.62,117673.57,4533865.06,1338051.2790820843
340,2497407.801764706,17,42455932.63,191199.13,4386973.86,1353104.3106399183
341,2629086.5035294117,17,44694470.56,426059.4,4961922.61,1517531.1997267755
342,2862837.4926086958,23,65845262.33,115167.26,4869049.74,1522673.9815492237
343,2722348.695,22,59891671.29,352111.63,4694490.79,1261027.1363300555
344,2544488.564814815,27,68701191.25,644167.62,4980980.23,1296538.5909096485
345,2693320.529166667,12,32319846.35,405237.08,4758333.44,1483780.8458233825
347,2221474.85125,24,53315396.43,247192.58,4764317.92,1311743.4294768367
348,2743286.724,25,68582168.1,4584.6,4934648.27,1560877.519628401
349,2160233.194285714,21,45364897.08,84458.93,4128632.18,1299532.040645723
350,2480014.265909091,22,54560313.85,283345.46,4617219.56,1259367.5334932622
351,2141293.818076923,26,55673639.27,123902.7,4976855.78,1484640.1853420157
352,2002812.8575,20,40056257.15,102403.3,4664610.06,1268551.504325867
353,2869755.4388235295,17,48785842.46,845484.63,4507721.76,1255140.600631708
354,2045055.8787500001,24,49081341.09,139631.14,4873011.93,1483514.4645889418
355,1985530.7711111112,27,53609330.82,92054.52,4883335.36,1179506.1676299009
356,3058119.4795238096,21,64220509.07,107163.63,4764484.97,1352847.2554287144
357,2808628.2157142856,21,58981192.53,12330.44,4953072.56,1538865.2764614832
358,2210202.831875,16,35363245.31,165039.76,4944157.96,1464117.8328851284
359,2409950.8384615383,13,31329360.9,161079.05,4889206.05,1748947.7217556818
360,2352455.316,20,47049106.32,42421.59,4514835.18,1518354.4643646732
361,2450878.5459999996,30,73526356.38,76873.06,4843123.07,1561119.9564128977
362,2810122.8456521737,23,64632825.449999996,89721.84,4969909.88,1372041.3942747628
363,2622599.5768181817,22,57697190.69,406987.83,4386443.09,1238794.3096141336
364,2184292.474375,16,34948679.59,40605.14,4718332.11,1414196.9840964016
365,2356109.6580000003,20,47122193.160000004,241392.77,4982247.42,1468876.6843567693
366,2597466.435,14,36364530.09,537476.3,4196539.91,1211981.1411229176
367,2625955.2045,20,52519104.09,249080.29,4716160.91,1448034.748807794
368,2654747.238095238,21,55749692.0,53676.58,4934728.59,1568938.0741826475
369,2561616.546875,16,40985864.75,1151343.54,4594176.1,1133498.4661206172
370,2857214.1,16,45715425.6,137099.22,4987663.7,1585049.922289786
371,2447471.9930769233,13,31817135.91,167150.87,4645470.46,1267020.9260350645
372,2417608.1554166665,24,58022595.73,423271.18,4354109.62,1166865.3849426054
373,2400588.109,20,48011762.18,52217.66,4356018.63,1280355.2069846243
374,2666870.965,28,74672387.02,105569.01,4976644.72,1724893.847182261
375,2200559.912307692,13,28607278.86,362898.26,4392131.44,1389947.9142101784
377,1962643.450714286,14,27477008.310000002,207112.79,4940960.4,1353235.7249594766
378,2466921.409,20,49338428.18,166795.9,4777385.14,1660392.6046520672
379,2592274.8815,20,51845497.63,186826.06,4846562.11,1504487.5339436247
383,2400483.095882353,17,40808212.63,40000.24,4931100.65,1532751.510862224
384,2826258.9815789475,19,53698920.65,109488.82,4971243.76,1740665.241157499
387,2216028.1185185187,27,59832759.2,62064.67,4392793.35,1415582.7517694694
389,2249796.378095238,21,47245723.94,93687.66,4984472.51,1445239.0806106816
390,2075762.8652000001,25,51894071.63,60315.27,4777899.15,1458859.2686728523
391,2992497.1063636364,22,65834936.34,60675.37,4793989.46,1446239.5366880153
392,2709037.8570588236,17,46053643.57,488515.59,4994499.26,1265341.819153314
393,2715857.0161904762,21,57032997.34,96505.18,4848694.79,1645825.902989636
394,2917617.85,14,40846649.9,290495.83,4830980.18,1396113.1271218802
395,2880270.2668421054,19,54725135.07,92403.31,4577327.13,1287654.3026802922
396,2063309.7714285715,14,28886336.8,17117.18,4998435.0,1817322.1167030272
398,2279088.732083333,24,54698129.57,115230.99,4974883.72,1442747.3049530748
400,2820205.8000000003,12,33842469.6,269500.22,4433187.69,1188038.9408820008
401,1960392.2603448275,29,56851375.55,91042.02,4757922.33,1360686.639724048
402,3187753.512272727,22,70130577.27,211150.93,4983452.87,1553148.370637889
403,2656938.1485714284,21,55795701.12,189755.75,4869619.29,1370399.7574357581
404,2919965.43,21,61319274.03,554613.74,4425106.57,1348078.653976121
405,2291174.9695652174,23,52697024.3,7558.02,4810318.88,1438353.2959390427
406,1865254.1422222222,27,50361861.839999996,339659.69,4678429.59,1253320.7418523135
407,1836978.546,20,36739570.92,16901.45,4584617.31,1446619.5023446553
408,2482002.02,17,42194034.34,223585.82,4964776.82,1621184.5274963863
409,3005286.489047619,21,63111016.269999996,675177.37,4913398.43,1254751.3362473391
410,2590251.23,14,36263517.22,32767.95,4713894.79,1801508.4172076837
411,2698879.023888889,18,48579822.43,249619.57,4811341.05,1537347.0439453213
412,2307988.2695454545,22,50775741.93,103728.42,4806331.21,1420426.8461896565
414,2525166.67826087,23,58078833.6,354314.38,4663281.15,1179341.4790515853
415,2701024.188181818,22,59422532.14,28690.71,4856016.6,1582471.8086531523
416,2452849.959411765,17,41698449.31,449145.73,4936221.94,1446174.3226121606
417,2642029.1831578948,19,50198554.480000004,162365.12,4603063.05,1407775.6471599902
419,2516911.276296296,27,67956604.46,251714.73,4992327.47,1558050.6035347334
420,2076196.5017647059,17,35295340.53,70609.61,4826362.03,1417933.702816364
421,2667928.5816666665,18,48022714.47,33431.46,4941037.61,1574067.5910748688
422,2463882.69,23,56669301.87,449658.24,4686119.31,1124324.8329224475
423,2241286.632222222,18,40343159.38,129309.88,4792811.73,1721962.4115212588
424,2129324.3636842105,19,40457162.91,180237.82,4285320.15,1277114.2372890292
425,2313686.2657692307,26,60155842.91,98145.07,4877344.77,1414134.8014886081
426,1996229.0566666669,15,29943435.85,124998.66,4786001.02,1583532.560869091
427,2609180.2077272725,22,57401964.57,722127.62,4761163.95,1176435.5124518897
428,2287022.6344444444,18,41166407.42,76549.34,4325464.28,1249144.7559140646
430,2944000.334736842,19,55936006.36,715301.94,4976503.98,1469996.9661368378
432,2496354.685909091,22,54919803.09,34769.4,4629280.73,1503048.0414702988
433,2740216.216666667,18,49323891.9,187997.57,4967000.68,1613434.8033715119
434,2481037.6047826083,23,57063864.91,13767.3,4531060.68,1281254.57100191
435,2656767.922,20,53135358.44,254916.01,4917138.78,1492602.4002576885
436,2205596.975555556,18,39700745.56,283559.49,4187589.51,1269655.2199923543
437,2638167.805333333,15,39572517.08,620408.85,4564646.59,1112032.655980975
438,2166195.46625,24,51988691.19,3121.79,4925656.45,1617513.7506177633
439,2395227.3064705883,17,40718864.21,73889.76,4382896.23,1190825.6521163525
440,3193106.0494117644,17,54282802.839999996,479461.1,4910419.55,1326827.289591271
441,2789077.0304761906,21,58570617.64,135832.22,4696809.61,1368570.7864238431
442,2810362.1167741935,31,87121225.62,298015.23,4927475.14,1570938.7919939186
443,2390479.270555556,18,43028626.870000005,11721.51,4885847.65,1661339.4333262858
444,2858995.784,20,57179915.68,170999.02,4870906.6,1375945.4429822199
445,2598822.6252380954,21,54575275.13,103932.49,4851931.74,1310839.640872316
446,2504252.37,19,47580795.03,36518.59,4914034.16,1609551.7070198988
447,2407019.7470588237,17,40919335.7,23469.21,4572724.76,1465692.123012551
448,2304220.419090909,11,25346424.61,256529.46,4960679.1,1516047.171515684
449,2400566.5342857144,21,50411897.22,409141.58,4850820.88,1308523.4979762454
450,3160162.194285714,21,66363406.08,1249979.51,4972296.04,1306636.6763106163
451,2523673.7710526315,19,47949801.65,177096.47,4963286.47,1275464.6641890958
452,2566853.3695,20,51337067.39,408396.77,4973856.79,1362210.6291146562
453,2160974.157272727,22,47541431.46,218740.69,4735595.7,1512921.12794044
454,1997197.170909091,22,43938337.76,17486.2,4190801.27,1289275.7116008895
455,1990554.3757894738,19,37820533.14,10892.34,4669767.64,1507713.922979923
456,2567307.915,20,51346158.3,372976.71,4936751.45,1499597.5585433673
457,2169630.0966666667,27,58580012.61,29381.31,4913340.14,1543811.8932517478
458,1788670.7140000002,20,35773414.28,128567.32,4587659.68,1595072.1974307133
460,2099978.1242857142,14,29399693.74,53077.25,4165920.31,1441762.0239934651
463,2225994.290714286,14,31163920.07,58850.47,4199394.38,1580623.4658913861
464,3048701.0270588235,17,51827917.46,412644.24,4581226.39,1181740.3055271094
465,2524699.5244827583,29,73216286.21,65244.71,4845253.81,1476418.0437928431
466,3321517.812,20,66430356.24,81171.84,4896172.46,1338643.3415526387
467,2809328.8242857144,21,58995905.31,84255.63,4900468.98,1566558.3494000537
468,2513863.755294118,17,42735683.84,173797.81,4404965.15,1367234.8731911064
469,2474970.240833333,24,59399285.78,124238.39,4724387.58,1232584.0851581881
470,2203650.8435,20,44073016.87,213033.74,4982942.78,1548406.3572698254
471,2347834.990952381,21,49304534.81,166287.98,4488887.23,1236334.2563494972
472,2952973.088125,16,47247569.41,173150.6,4654375.12,1392960.8190124792
473,2882694.6492000003,25,72067366.23,85708.9,4971689.31,1682835.6967223778
474,2923654.406842105,19,55549433.73,226382.74,4911456.52,1414145.6663847475
475,2207615.9178260867,23,50775166.11,322339.13,4767171.86,1399024.5312963251
476,2364676.361304348,23,54387556.31,299542.59,4828928.3,1515402.2197067738
477,2631926.35,17,44742747.95,559428.23,4924212.41,1417961.5348236314
478,2354650.3787499997,24,56511609.089999996,303173.48,4843584.75,1388838.7225946782
479,2593296.626818182,22,57052525.79,209340.31,4956587.53,1470312.6121191941
480,2566729.2405882357,17,43634397.09,520051.73,4777139.87,1324159.448774522
482,2167795.041304348,23,49859285.95,387919.16,4087790.76,1222002.4234320163
483,2202395.9191304347,23,50655106.14,71290.01,4993842.63,1584528.3591555322
484,2594952.638181818,22,57088958.04,730883.87,4976391.68,1443989.7304158283
485,2324493.9956,25,58112349.89,157243.69,4981136.12,1721535.759587325
486,2038658.4923076923,13,26502560.4,21301.92,4831786.03,1576736.9105249874
487,2479805.7125,12,29757668.549999997,445973.44,4702809.27,1413290.8308685075
489,2009276.0605263158,19,38176245.15,165937.66,4667450.04,1296826.0667290844
490,2201951.7811111114,18,39635132.06,22859.21,4823664.77,1581383.9110552473
491,2891738.37,20,57834767.4,206671.81,4785629.13,1298005.3452069615
492,2273835.194166667,12,27286022.330000002,693060.41,4250911.59,1241529.8002030007
495,2622663.4258333333,24,62943922.22,274201.95,4967774.69,1494737.2502147227
497,3153702.748,10,31537027.48,1565763.53,4806633.95,1146977.256946476
499,2390349.117894737,19,45416633.24,63520.52,4895340.61,1341446.1399030853
500,1890167.84375,16,30242685.5,84461.09,3882935.16,1428586.248261589
501,2774776.4563157894,19,52720752.67,144088.48,4934759.11,1468671.792361111
502,2195485.091764706,17,37323246.56,63247.79,4387185.55,1460514.2015414746
503,2010734.191875,16,32171747.07,220092.64,4595425.51,1223827.852618026
504,2357929.571111111,18,42442732.28,505355.27,4993186.44,1468925.3678022611
505,3077876.045,20,61557520.9,742435.51,4961170.09,1222221.312609135
506,2497809.1123809526,21,52453991.36,123493.36,4946320.79,1556267.7690948916
507,2049816.7083333333,12,24597800.5,264537.58,4127065.45,1220200.969193694
508,2871576.024375,16,45945216.39,543527.15,4634980.38,1215368.492448352
509,2593345.206190476,21,54460249.33,29516.78,4806751.63,1441497.4543788524
510,2770412.4411764704,17,47097011.5,847200.99,4801449.71,1362996.9891689469
511,3425078.117058824,17,58226327.99,543630.23,4914401.64,1332574.7828695264
513,2755851.1904545454,22,60628726.19,12902.13,4727416.35,1301638.45683068
514,2852772.914347826,23,65613777.03,76637.4,4950338.76,1668099.1900503717
515,1980074.8399999999,10,19800748.4,43595.46,4317669.39,1390590.7157155767
517,2731147.6330434782,23,62816395.56,107624.83,4882372.89,1386017.078714334
518,3064266.8216000004,25,76606670.54,207398.11,4829076.67,1292848.1344198773
519,2913751.15875,16,46620018.54,321492.8,4742910.62,1415093.1325216147
520,2127239.4423529413,17,36163070.52,36609.86,4767997.06,1638552.014085418
521,2145274.821111111,18,38614946.78,479099.94,4471543.73,1160377.931514496
522,2826550.2016000003,25,70663755.04,336114.9,4660543.88,1405070.9870514334
523,2943136.542105263,19,55919594.3,105354.84,4988468.23,1622118.0167299074
525,2507458.448461538,13,32596959.83,176279.85,4809138.77,1490252.0897189232
526,2759746.1355,20,55194922.71,8219.7,4508786.37,1232607.2549937547
527,2346828.682272727,22,51630231.01,491125.73,4838530.64,1235407.450195662
528,2502180.7226086957,23,57550156.620000005,57215.03,4748152.91,1471474.4427075512
529,2723283.3576666666,30,81698500.73,585962.88,4756601.48,1254512.3232393565
530,2408325.4529411765,17,40941532.7,320168.81,4522455.92,1166584.292852704
531,2404705.3516666666,24,57712928.44,157840.86,4891205.15,1585046.4480696185
532,3135313.5560000003,10,31353135.560000002,533570.03,4899377.48,1441426.983575345
534,2302685.5325806453,31,71383251.51,76517.19,4996653.36,1463682.4952771624
536,2502580.08368421,19,47549021.589999996,182376.26,4895200.88,1509900.0519140174
537,2249531.87625,16,35992510.02,204570.68,4621118.97,1301736.9438776176
538,2155729.342222222,18,38803128.16,369412.62,4427968.46,1242225.7483893055
539,2304299.8329166668,24,55303195.99,86908.52,4880923.87,1575712.7457770102
540,2904441.03375,16,46471056.54,181548.34,4850192.08,1504238.888003245
541,2617400.4325,20,52348008.65,11658.73,4991439.05,1375952.2488317129
542,3084716.638125,16,49355466.21,131811.23,4678793.78,1545580.2743497961
544,2526824.5014285715,21,53063314.53,418263.74,4896443.66,1657703.9758266974
545,2496814.2950000004,14,34955400.13,42704.7,4671765.08,1701790.2903945995
546,2868954.7582608694,23,65985959.44,147216.37,4742792.86,1377074.704795709
547,2408717.095,22,52991776.09,39437.85,4978539.24,1585690.6129283458
548,2338507.5165217393,23,53785672.88,246274.49,4956881.09,1633863.8249628947
549,2508232.165769231,26,65214036.31,21770.31,4989307.19,1385991.2536341064
550,2034284.8777777776,18,36617127.8,197933.46,4095803.04,1256124.0075688798
551,2326582.139230769,13,30245567.81,69438.72,4170624.13,1420208.7491349753
552,2136630.8923529414,17,36322725.17,178199.16,4378476.09,1451023.3977911703
553,2317609.255,18,41716966.589999996,380861.96,4725611.33,1326609.7279875583
554,2914915.452142857,14,40808816.33,588525.14,4838081.31,1445935.4443757925
556,2298840.8855,20,45976817.71,71368.57,4839556.7,1411217.6304129474
557,2746121.048,20,54922420.96,637843.3,4868822.44,1270873.12425844
558,2606930.038125,32,83421761.22,191265.46,4981228.0,1521806.7683937957
559,2862239.7718181815,22,62969274.98,14204.4,4832039.08,1666713.3343776723
560,2613871.547857143,14,36594201.67,27843.42,4740800.18,1827234.8905615513
561,2282582.507857143,14,31956155.11,222972.25,4672809.2,1449650.855980527
562,2070280.4399999997,24,49686730.559999995,212457.47,4795562.52,1495053.1657504512
563,2134025.6544444445,18,38412461.78,54415.55,4796999.11,1584046.4814297992
564,2332588.7044,25,58314717.61,90836.06,4821380.01,1483746.9840610551
566,2755410.8816666664,24,66129861.16,334481.86,4865280.98,1382540.4812327086
567,2158061.7115789475,19,41003172.52,16259.75,4556534.27,1535173.0062659068
568,2431508.7218181817,11,26746595.939999998,1044752.98,4913104.63,1284502.0723134417
569,2950678.56625,16,47210857.06,244448.68,4896267.2,1398602.630171327
570,2358009.0752173914,23,54234208.730000004,412508.43,4924730.18,1412915.6408148003
571,2271144.3479310344,29,65863186.089999996,138916.82,4944410.35,1406976.378333381
572,2195787.4025,32,70265196.88,223291.08,4962042.66,1276329.6855604777
574,2473355.132222222,18,44520392.38,24995.49,4873372.69,1659858.1481838992
576,2138703.040666667,15,32080545.61,89275.1,4777338.73,1671585.5992926937
578,2599226.375,22,57182980.25,71514.62,4958982.26,1590284.6383314515
579,2033954.4647619047,21,42713043.76,232681.11,4973739.28,1631449.3790257066
580,2314753.4804,25,57868837.01,77068.99,4956678.41,1606371.0894671641
582,2522317.161111111,18,45401708.9,500967.36,4529294.81,1156294.1388010706
583,2676492.905882353,17,45500379.4,132924.97,4842802.1,1628515.1233618993
585,2132596.410357143,28,59712699.49,92092.12,4725305.44,1329839.957729193
587,2314862.125,20,46297242.5,4989.14,4742853.61,1581424.7946596274
588,2188755.0339130433,23,50341365.78,58323.31,4588259.47,1472624.7754214436
590,2938201.5657142857,14,41134821.92,267078.46,4389808.35,1272082.7588899306
591,2515647.6454545455,22,55344248.2,277097.79,4847746.17,1548618.5509918805
592,2751240.023,20,55024800.46,691794.51,4952664.62,1253823.4912763136
593,2673518.0420000004,20,53470360.84,756987.67,4695621.03,1147473.6162394332
594,2172200.725,12,26066408.7,195931.21,4243869.42,1474174.4557179317
595,2129675.9975,24,51112223.94,74650.12,4744940.03,1332166.3714416365
596,2994227.2447619047,21,62878772.14,1017599.63,4883582.14,1313947.275183504
597,2292027.4444444445,9,20628247.0,141284.06,4712928.6,1719908.3150619601
598,2317246.7889473685,19,44027688.99,237523.15,4680701.94,1469026.0382088518
599,2116199.9115999998,25,52904997.79,76064.53,4814264.22,1336484.3913120555
600,2546768.6403225805,31,78949827.85,98904.04,4644247.8,1390290.1414604937
601,2651647.0633333335,21,55684588.33,18582.39,4802230.86,1807721.672285195
602,2812712.204210526,19,53441531.879999995,188838.45,4853331.14,1743074.546413729
604,2554336.566666667,12,30652038.8,649660.41,4177378.24,1007138.0796775243
605,2513721.2429166664,24,60329309.83,116258.66,4844524.15,1558141.612456283
606,2916849.5635,20,58336991.27,118892.22,4722174.94,1493976.210942605
607,2571587.3400000003,16,41145397.440000005,53508.65,4381718.32,1294889.0209140452
608,2387382.361818182,22,52522411.96,548735.37,4511448.06,1424697.4871918205
609,2819058.318095238,21,59200224.68,132300.54,4928615.12,1581616.9075763365
611,2634665.8665,20,52693317.33,29452.46,4751479.81,1679632.7351074512
612,2443485.715357143,28,68417600.03,17236.32,4904705.13,1470240.644006089
613,2246059.987727273,22,49413319.73,206955.29,4953486.88,1443646.352066699
614,2644171.7829411766,17,44950920.31,35193.67,4577329.1,1562194.496312557
615,2608081.632173913,23,59985877.54,70419.55,4982676.87,1669952.0094542922
616,2264858.567894737,19,43032312.79,30407.43,3938033.58,1475516.8960837042
617,2289548.32,20,45790966.4,579908.28,4486979.76,1231082.1350235115
618,2222234.147142857,14,31111278.06,17055.73,4502181.6,1580726.532532564
619,2652001.5868421053,19,50388030.15,419074.04,4995854.92,1708226.0018111658
620,2195993.6045833332,24,52703846.51,28872.29,4862320.6,1608756.4266158266
621,2508228.3316666665,18,45148109.97,143032.78,4417919.25,1263498.976842172
622,2040799.5576190476,21,42856790.71,1528.42,4234383.48,1457253.395155073
623,2156383.2504166667,24,51753198.01,193924.29,4774068.25,1255595.9448802716
624,2436294.458571429,21,51162183.63,56876.42,4767338.37,1582100.882080475
628,2454218.4063636363,22,53992804.94,130138.02,4867602.64,1562074.5264843886
629,2576780.8307692306,13,33498150.8,530450.22,4842440.7,1569551.1943563565
630,2838791.971875,16,45420671.55,300308.04,4894063.78,1674346.6481320367
631,2638139.63125,8,21105117.05,1264189.2,4495976.6,1399663.664193356
632,3114343.6892307694,26,80972935.92,396340.16,4883926.33,1305407.3423654824
633,2355976.387,30,70679291.61,303989.76,4767418.59,1203797.6999949606
634,2519357.6610526317,19,47867795.56,377525.17,4732487.14,1556810.75053362
635,2669710.2739999997,20,53394205.48,101440.57,4808689.96,1375477.0283585463
636,2175502.6005882355,17,36983544.21,39761.23,4875986.13,1642713.0281559916
637,2497942.539259259,27,67444448.56,281352.86,4686207.63,1454384.3616223212
638,3090276.6758333333,24,74166640.22,402990.33,4992736.26,1373947.4426918
640,2247404.0535,20,44948081.07,175158.12,4875630.04,1623410.5010605457
641,2786521.329047619,21,58516947.91,158757.78,4899124.23,1683129.7184853011
642,3145945.5833333335,18,56627020.5,93631.39,4794192.3,1490476.9867842293
643,2318760.7375,16,37100171.8,137859.22,4803506.02,1640370.6640071066
644,2286069.972,20,45721399.44,256921.11,4765662.59,1583470.9969577119
645,2312074.572777778,18,41617342.31,480926.54,4769565.9,1320182.9516312599
646,2584956.9425,24,62038966.62,69362.77,4818486.27,1434676.7815231811
647,2223344.5893333335,15,33350168.84,28218.19,4776661.24,1634027.485443117
648,2775038.0324999997,20,55500760.65,430303.29,4991677.35,1476237.8248050571
649,1921996.4900000002,19,36517933.31,39925.39,4787781.76,1551779.1849561667
650,2309929.645714286,14,32339015.04,854144.59,4801090.86,1260530.867990464
651,2428656.238,20,48573124.76,271968.91,4995161.07,1286427.433649363
652,2450841.2070588237,34,83328601.04,55546.16,4998355.32,1518669.139485404
653,2998246.737647059,17,50970194.54,452038.65,4913058.2,1531832.3429108278
654,2137635.6643749997,16,34202170.629999995,607041.14,4460158.34,1165760.952649695
655,2732572.926875,16,43721166.83,368687.23,4969075.28,1556398.2973022424
656,2872145.1404347825,23,66059338.23,111162.7,4968024.81,1311665.1305944477
657,3014447.3163157897,19,57274499.010000005,982672.79,4737215.67,1189206.2196305976
658,3113540.4177777776,18,56043727.519999996,196065.6,4922774.95,1391753.2420808794
659,2353548.5568,25,58838713.92,42588.36,4662238.62,1463891.1274832636
660,1815757.9249999998,18,32683642.65,50964.98,4572312.59,1433882.8236388713
661,2149989.566666667,24,51599749.6,66977.0,4843314.85,1540714.045258497
663,2197028.0028571426,21,46137588.059999995,367218.98,4876725.0,1714873.1516525224
664,2445959.085833333,12,29351509.029999997,442009.74,4542606.05,1178134.379695793
665,2890485.5582608697,23,66481167.84,116516.85,4891438.77,1484446.446098639
666,3074355.97125,24,73784543.31,114085.74,4986999.71,1647811.1945159924
667,2048030.8593333333,30,61440925.78,143976.01,4836398.37,1382454.501142573
668,2802120.762352941,17,47636052.96,61505.78,4469090.64,1523254.4569654188
669,1796126.5088235294,17,30534150.65,507181.62,4804121.72,1272260.8712900383
670,2646853.17625,24,63524476.230000004,66454.0,4603397.67,1260565.6953741559
672,2416254.7345,20,48325094.69,442932.98,4842022.46,1402825.17119911
673,2831884.1983333332,18,50973915.57,108370.01,4787777.19,1491967.8113781644
674,2543056.5963999997,25,63576414.91,338569.26,4892268.88,1634464.7947908994
675,2208203.3004347826,23,50788675.91,109157.31,4820754.99,1460601.2676973208
677,2259589.5764285713,28,63268508.14,42836.6,4918505.47,1558643.7102223784
678,2739664.3511764705,17,46574293.97,615335.32,4608523.49,1235764.1622326188
679,2203647.952666667,15,33054719.29,102220.32,4875616.08,1304316.8278233737
680,2486357.8704347825,23,57186231.019999996,398817.96,4712460.01,1447394.608687595
681,2775573.9310000003,30,83267217.93,60550.02,4572679.69,1373163.5040149712
682,2453571.2649999997,18,44164282.769999996,197508.4,4049043.55,1179165.667171364
683,2579730.2825,24,61913526.78,444920.9,4905269.48,1238880.13649058
684,2172226.922222222,18,39100084.6,252890.99,4772343.13,1549069.9271939897
685,2524290.9524000003,25,63107273.81,18557.58,4518536.28,1590874.0395081812
686,2465171.315263158,19,46838254.99,418424.03,4878594.82,1338110.142211022
687,2896260.9206666667,15,43443913.81,493351.17,4827733.77,1551315.432682054
688,2321576.2338095238,21,48753100.91,433202.3,4712879.62,1328177.651227336
689,2411700.674,15,36175510.11,275905.21,4678142.1,1548935.5523163693
690,2250822.627647059,17,38263984.67,167114.31,4793258.59,1382371.6778940714
691,2203060.4954545456,22,48467330.900000006,74086.69,4919546.58,1711496.0045418832
692,2671274.969375,16,42740399.51,144255.83,4998766.3,1795098.1259379429
693,2165101.3814285714,21,45467129.01,34274.74,4659536.37,1590920.682052962
694,2911871.584074074,27,78620532.77,484252.17,4856195.61,1374781.7147680603
695,2567096.2627272727,22,56476117.78,178915.72,4876907.32,1496130.226094925
696,2696567.1176190474,21,56627909.47,48833.96,4990904.31,1509208.527404809
697,2631585.12,17,44736947.04,203779.02,4630885.37,1506624.6622466864
698,2798283.2849999997,22,61562232.269999996,632662.96,4694807.87,1275466.1508809996
699,2336869.7939130436,23,53748005.26,109709.66,4943017.54,1377617.1948096813
701,2478069.9291666667,12,29736839.150000002,388089.34,4721173.25,1769821.4983829793
702,2630852.401176471,17,44724490.82,275867.03,4858341.79,1655439.9274039285
703,2982321.5399999996,22,65611073.879999995,292686.19,4822549.51,1632453.9241686978
705,2491642.5681818184,11,27408068.25,130729.14,4418620.57,1707684.9254984604
706,2575471.3824137934,29,74688670.09,98771.0,4993778.04,1675611.5888810328
707,2011998.9386363635,22,44263976.65,305929.6,4751705.2,1365949.2729025788
708,2229062.25125,16,35664996.02,374787.66,4789145.93,1308191.0328920204
709,3025141.3843478262,23,69578251.84,346096.28,4897043.25,1401822.6547710986
710,1876042.7752941176,17,31892727.18,102393.06,4790727.88,1675803.7321895864
711,2385520.7227272727,11,26240727.95,502411.6,4525548.77,1599721.9191718113
712,2211043.9885714287,14,30954615.84,156714.77,4325089.38,1412327.8222335558
713,2567274.323913044,23,59047309.45,86549.12,4991945.27,1596186.5911607502
714,2186674.118947368,19,41546808.26,18806.5,4621932.15,1788754.9678558118
715,3051682.2663157894,19,57981963.06,198609.23,4962114.39,1495447.9446819734
716,2590144.778125,16,41442316.45,134396.68,4765196.32,1353420.388631004
717,2355764.391764706,17,40047994.660000004,205141.06,4742591.44,1563744.358809969
718,2244050.2204761906,21,47125054.63,614594.08,4555772.9,1172457.7156293867
719,2814142.529411765,17,47840423.0,126153.48,4902117.06,1598788.2284080982
721,2509905.0138095235,21,52708005.29,673399.5,4890688.72,1353013.1022964555
722,3106565.424545455,22,68344439.34,397493.24,4852546.01,1356617.4665630683
723,2358712.2981249997,16,37739396.769999996,261747.77,4577733.69,1639176.0304484838
724,2646498.143043478,23,60869457.29,152638.55,4388257.2,1401453.8220891152
725,2930104.814705882,17,49811781.85,319638.71,4957235.64,1592820.0656835823
726,2325355.783809524,21,48832471.46,147011.44,4880531.47,1589809.3702602205
727,2882974.897,30,86489246.91,437354.28,4998593.32,1339187.8460327366
728,2805295.71375,16,44884731.42,272598.7,4624536.9,1482467.5299558935
729,2036519.7647826085,23,46839954.589999996,33000.94,4972800.28,1536607.5654620267
730,2529105.040526316,19,48052995.77,71841.01,4944583.49,1631173.2796882838
731,2667364.9742857143,21,56014664.46,260048.57,4808853.94,1480687.7298999983
732,2382867.79,19,45274488.01,18646.14,4965329.93,1937453.204845151
733,2304864.209333333,15,34572963.14,246793.16,4513579.41,1568104.6276534623
734,2421143.6727777775,36,87161172.22,4885.18,4884361.78,1542800.5405611256
735,2682778.873076923,13,34876125.35,143726.36,4993354.71,1594379.1279519717
737,3035336.144074074,27,81954075.89,491817.32,4871993.11,1420915.9523158628
738,3541555.799411765,17,60206448.59,478415.71,4918181.2,1354978.4639935452
739,2768472.5304347826,23,63674868.2,63492.8,4684123.07,1692853.3939266729
740,2800146.23,21,58803070.83,667090.03,4838091.33,1366913.2538836093
741,2296142.289090909,22,50515130.36,173794.19,4491895.56,1473732.2793896364
742,2318288.533043478,23,53320636.26,258470.57,4791559.26,1523929.743518383
743,2626042.5637499997,16,42016681.019999996,518866.42,4873967.92,1446358.1530624472
744,2307669.164782609,23,53076390.79,98416.07,4742942.05,1586634.6582236143
745,2914739.6081250003,16,46635833.730000004,159977.75,4800714.63,1525574.672675342
746,2282713.595882353,17,38806131.13,244141.17,4728351.98,1306828.3032910214
747,1943613.04,11,21379743.44,260255.78,4719165.04,1472115.5217475793
748,2478267.1308695655,23,57000144.010000005,47264.3,4889966.77,1753118.6607354756
749,2708878.1795454547,22,59595319.95,146835.83,4888212.19,1439009.9162804692
750,1964023.6583333332,24,47136567.8,243833.42,4809061.53,1382190.0889005724
751,2704026.8649999998,28,75712752.22,95533.66,4977242.57,1457575.8699275963
752,3444736.413125,16,55115782.61,1646246.19,4775549.06,938079.6412570731
753,2919650.154347826,23,67151953.55,713608.09,4755912.7,1296219.9315669236
755,2497897.016,20,49957940.32,117536.34,4981237.21,1424830.1004639065
756,2818572.417777778,18,50734303.52,719736.16,4660059.33,1323274.346996315
757,2754903.2580952384,21,57852968.42,375797.29,4921400.76,1413460.8105868069
758,3131713.6482352945,17,53239132.02,1308564.93,4794930.24,1049448.289324271
759,2330845.1225925926,27,62932818.31,120019.3,4772605.49,1581152.0674983826
760,1985729.9054166665,24,47657517.73,50919.77,4649534.02,1449470.9214610318
761,2160554.127272727,22,47532190.8,11834.7,4696127.23,1352164.8148456493
762,2846773.9895652174,23,65475801.76,148918.15,4773550.24,1268642.714333735
763,2624899.2036842103,19,49873084.87,56879.76,4702411.74,1510354.8645571608
764,2284086.333448276,29,66238503.67,161129.09,4897606.65,1342989.3262353123
765,2237957.6968,25,55948942.42,41226.5,4631031.27,1332520.5544000377
766,2611486.247894737,19,49618238.71,715985.08,4888255.38,1128311.3677119117
767,2546284.4770588237,17,43286836.11,309733.21,4790627.82,1637345.3271238767
768,2443857.5645454545,11,26882433.21,536554.17,4241372.02,1304758.8492290436
769,2674933.5185714285,28,74898138.52,260693.22,4958444.85,1327336.497238176
770,2419265.5187500003,24,58062372.45,195930.53,4578793.94,1244574.6579272286
771,2422932.2677272726,22,53304509.89,89552.41,4443398.67,1179884.3209197833
772,2315527.8006666666,15,34732917.01,71992.8,4652116.23,1540070.5558039937
773,2557659.0,12,30691908.0,67669.13,4935891.6,1829303.1599339347
774,1927214.0622727273,22,42398709.37,65118.28,4491826.96,1396257.6760224218
778,2348047.2072,25,58701180.18,35965.26,4860263.57,1534016.8563172724
779,3173113.019230769,13,41250469.25,348072.39,4781788.74,1450208.8643844593
780,2470155.0247058826,17,41992635.42,265952.04,4734468.47,1429573.7613995855
781,2239463.9274999998,20,44789278.55,237893.76,4488764.42,1199497.7742156622
782,1725444.4894444444,18,31058000.81,121152.6,4833826.57,1545485.096928817
783,2672334.413333333,30,80170032.39999999,200770.74,4990862.76,1486419.6752487475
784,2806095.053333333,18,50509710.96,24614.01,4698424.68,1449010.5916855852
785,2538222.736153846,13,32996895.57,13037.63,4581100.73,1494884.9922888898
786,2257435.0142857144,21,47406135.3,345721.73,4870273.53,1384794.7954907715
787,2881451.478181818,22,63391932.519999996,717104.72,4741103.81,1432910.846261905
788,2322512.065263158,19,44127729.24,58176.12,4861865.55,1796507.7614547776
789,2919415.209333333,15,43791228.14,274872.69,4765241.4,1256686.5499132448
790,1940437.0173333334,15,29106555.26,103041.11,4329193.09,1391337.1654988816
792,2464797.270625,16,39436756.33,369954.42,4782304.68,1336173.414778529
794,2132325.3540000003,15,31984880.310000002,546702.56,4712404.13,1594278.9662677422
795,2974292.5621739132,23,68408728.93,364661.33,4967774.48,1378819.626477265
796,1875186.5210000002,20,37503730.42,175487.53,4648803.18,1423252.4404597855
797,2084422.8983333334,12,25013074.78,168800.09,4067616.18,1384785.1961468956
798,2597499.169375,16,41559986.71,394142.74,4458914.14,1357448.116147781
799,2996489.94,13,38954369.22,584898.1,4928437.7,1669398.8740593006
800,2727796.4315,20,54555928.629999995,49987.35,4862897.56,1405430.9999692717
802,2488196.101875,16,39811137.63,550467.13,4811574.62,1481615.026542366
803,2280393.6844444443,18,41047086.32,57431.68,4122647.7,1117732.146346666
804,2280966.4963636366,22,50181262.92,159418.6,4425123.69,1294309.811573913
805,2201385.42,19,41826322.98,231688.07,4921953.62,1767320.1486323222
806,2057627.565,20,41152551.3,150096.57,4926627.6,1709997.9766791174
807,2453752.1930434783,23,56436300.44,832441.03,4473223.63,1181869.167350813
808,2875912.745,20,57518254.9,95488.17,4957072.68,1497738.897386563
810,2432474.8707692306,26,63244346.64,56648.65,4568846.27,1354972.7825193813
811,2575916.931,20,51518338.62,12181.82,4884086.73,1411872.9308679127
812,2749848.216190476,21,57746812.54,45927.54,4759044.8,1688745.4338815054
813,2697221.5855555553,18,48549988.54,55218.88,4936284.62,1558157.6208021268
814,2680568.9717391306,23,61653086.35,327325.02,4447494.32,1240011.615930692
815,2775815.4322222224,18,49964677.78,61000.29,4902412.37,1671515.1114109266
816,2109702.9293750003,16,33755246.870000005,113082.07,4283649.28,1596231.6420114008
817,2274384.5231578946,19,43213305.94,27939.51,4778003.76,1523584.3373688294
818,2088696.1429166666,24,50128707.43,71981.56,4944608.08,1398502.9618544804
819,2048250.5875,20,40965011.75,50496.15,4386199.95,1344353.1501431656
820,2382958.7886363636,22,52425093.35,212523.49,4673092.26,1498045.491423055
821,2030944.27875,16,32495108.46,290676.84,4686671.07,1444308.7288875582
822,2347730.6747826086,23,53997805.52,65505.93,4830997.49,1654021.4510048826
823,2502820.7004,25,62570517.51,468750.73,4859233.74,1421551.3194605052
824,2048510.1905555555,18,36873183.43,178106.02,4737288.81,1474948.5862335307
825,2401302.9810526315,19,45624756.64,605139.35,4703914.39,1118102.580243499
826,2804568.612631579,19,53286803.64,106173.69,4885104.2,1489209.2224140058
827,2622510.2205555555,18,47205183.97,609683.36,4759793.13,1281441.2744201436
828,2559622.5803703703,27,69109809.67,40481.33,4993117.81,1419946.3632382106
829,2324985.9016666664,18,41849746.23,1783.47,4794084.84,1758802.923022483
830,2788800.0736363637,33,92030402.43,19220.61,4950141.04,1344420.8052830184
832,2308233.268636364,22,50781131.910000004,121851.24,4855649.37,1510808.9314186731
833,2093609.2683333333,18,37684966.83,62809.93,4655990.66,1366131.5897756284
835,2635183.06,21,55338844.26,15300.06,4849364.4,1708765.0925759743
836,2823954.519375,16,45183272.31,146786.36,4959827.38,1844866.8289779783
837,2266350.193888889,18,40794303.49,137243.61,4951208.07,1533889.2094188137
838,2413016.973888889,18,43434305.53,86057.55,4886182.3,1602181.333857724
839,2418065.6147826086,23,55615509.14,100303.17,4719050.28,1667964.8692163066
840,3229881.0765217394,23,74287264.76,495776.74,4950934.92,1382742.3571562811
842,2274743.705625,16,36395899.29,93274.5,4943951.06,1491459.8651465136
843,3268482.003,20,65369640.06,659450.85,4814942.62,1188586.7794836552
844,2684926.5308333333,24,64438236.74,9738.56,4657419.63,1787051.8387462653
845,2900256.35,21,60905383.35,729352.21,4857403.49,1275239.6513343821
846,1935644.2945833334,24,46455463.07,144429.02,4864853.16,1396135.1046155756
847,2074798.4845833334,24,49795163.63,47600.85,4767867.02,1386131.2547805046
848,1867364.0633333332,24,44816737.519999996,16440.17,4649010.59,1457884.866729115
849,1845569.972142857,14,25837979.61,149083.68,2860920.02,917983.8178417856
850,1894540.6854545453,22,41679895.08,99770.35,4500063.66,1484039.7965722668
851,2635039.486,15,39525592.29,538638.44,4818048.02,1493807.4908119529
852,2663510.093846154,26,69251262.44,282772.74,4969544.96,1328817.8815335634
853,2289551.557407407,27,61817892.05,139533.99,4659850.31,1251393.556129821
854,2139655.3466666667,21,44932762.28,380576.39,4966555.32,1281111.8075289035
855,2305668.9869230767,26,59947393.66,181738.22,4760634.01,1326665.9114815218
856,2129137.58,22,46841026.76,33665.64,4704353.55,1275309.082432335
857,2920075.327,20,58401506.54,171722.76,4968928.19,1565309.3429226198
858,2560789.3976470586,17,43533419.76,123013.11,4912928.17,1593795.0572592772
859,2235774.5052941176,17,38008166.589999996,124812.09,4708297.27,1559203.3968988487
860,3151517.601875,16,50424281.63,1287041.93,4980427.1,1306728.8659090137
861,2657228.8588888887,27,71745179.19,116135.74,4992820.99,1803744.5597819593
862,3142031.8686666666,15,47130478.03,272239.79,4961141.87,1514575.274433776
863,2722198.033043478,23,62610554.76,123769.88,4907548.28,1342361.6291981468
864,2494624.9263999998,25,62365623.16,456622.65,4593239.86,1308061.5073994868
865,1632321.1925,24,39175708.62,55000.28,4124488.75,1330452.1211030097
866,2308646.3652173914,23,53098866.4,16670.53,4986213.14,1566688.818369253
867,2328509.0982758617,29,67526763.85,40955.14,4812041.82,1553198.3230721992
868,2532739.6272222223,18,45589313.29,220284.56,4146617.37,1283902.1263899726
869,2506274.9760000003,15,37594124.64,205064.05,4949149.24,1591188.7553012937
870,2167103.534375,16,34673656.55,222853.42,4495215.67,1337856.0403958343
872,2316615.1947058826,17,39382458.31,426133.21,4645684.76,1387760.3742356622
873,1703669.0037500001,24,40888056.09,36746.78,4818586.6,1124388.9254363575
874,2608055.309230769,13,33904719.019999996,283245.58,4922377.1,1551409.9609888112
875,2385602.617777778,18,42940847.12,46489.1,4525052.82,1194533.281902406
876,3266102.243125,16,52257635.89,209118.76,4815735.34,1453520.5579212524
877,2196814.272307692,26,57117171.08,139931.49,4844403.18,1591367.6701784597
878,1962173.030625,16,31394768.49,619400.5,3831845.79,991286.4010827552
879,3325085.608181818,11,36575941.69,1051924.19,4887638.5,1364243.6521252515
880,2615397.879565217,23,60154151.23,271317.79,4814332.89,1292355.4142894915
881,2321743.5225,16,37147896.36,19946.44,4330689.44,1319340.130075971
882,2604285.6610526317,19,49481427.56,501472.84,4408387.02,1154528.7965471195
883,2921330.7845833334,24,70111938.83,43580.99,4928136.45,1276971.875799498
884,2571084.1705882354,17,43708430.9,788047.43,4317359.4,1078504.1159590073
885,2279121.449375,16,36465943.19,146528.95,4628536.17,1599310.3510850463
887,3073484.922083333,24,73763638.13,320653.8,4983328.04,1594218.3511069964
888,1984197.7666666666,24,47620746.4,37519.96,4789200.65,1446014.1106641314
890,2465574.1584,25,61639353.96,290969.14,4846044.92,1534276.7201480272
891,2312041.4947619047,21,48552871.39,124109.96,4936701.59,1479137.2429288432
892,2790743.7715384616,26,72559338.06,362453.41,4736764.96,1273347.6408658142
895,2209383.6279166667,24,53025207.07,155321.02,4459169.63,1321318.946512317
896,2490362.695652174,23,57278342.0,149382.65,4874622.91,1508329.2037935914
897,2747383.914375,16,43958142.63,61010.28,4849135.48,1722488.339610931
898,2278058.433888889,18,41005051.81,520777.82,4797100.94,1311700.44048449
899,2837284.09125,24,68094818.19,460015.27,4756440.63,1246858.9716642345
901,2575923.354285714,21,54094390.44,76729.75,4554639.48,1358890.0188048093
902,2878674.800526316,19,54694821.21,221908.06,4974198.07,1389769.668804134
903,2644137.211818182,22,58171018.660000004,62589.07,4936294.21,1395025.4453412795
905,2524577.1568965516,29,73212737.55,7911.45,4952837.36,1708012.928793531
906,2593310.9665,20,51866219.33,720830.92,4875288.56,1355750.2410667732
908,2520688.1252173916,23,57975826.88,70018.12,4964780.71,1545729.6850485518
911,2064499.5005882352,17,35096491.51,28148.68,4995739.44,1737167.5327962318
912,2308553.5454545454,22,50788178.0,28443.03,4891825.3,1521014.3864736655
913,2597955.5486666667,15,38969333.230000004,455601.89,4536674.19,1347471.3684466095
914,1654464.4836842106,19,31434825.19,57941.98,4197878.1,1257491.4231422115
915,2581480.1648,25,64537004.12,169039.16,4964519.64,1423050.9287493876
917,2834218.4914285713,21,59518588.32,91825.77,4947282.69,1576494.4783332406
918,2717115.932258065,31,84230593.9,116819.75,4929557.84,1743656.6793737914
919,2407038.4984999998,20,48140769.97,116549.83,4457613.01,1566064.03641727
920,2561923.452,15,38428851.78,423802.33,3827501.55,1015869.389001049
922,2801824.405882353,17,47631014.9,631795.32,3937285.13,913815.3785396059
923,2463364.74047619,21,51730659.55,238849.09,4873517.85,1368478.8631597927
924,2012546.917222222,18,36225844.51,186391.91,4461628.01,1484072.756604942
925,2293414.6149999998,12,27520975.38,11790.23,3882647.79,1215903.4415691143
926,2244164.525,22,49371619.55,139981.12,4582948.39,1476102.3633591349
931,2059265.4313333333,15,30888981.47,238850.58,4202995.38,1335234.1844130773
932,2270020.07,17,38590341.19,338505.96,4827780.53,1205575.4707230218
933,2773596.517037037,27,74887105.96,125813.28,4889731.64,1436684.8746012186
934,2274256.674,25,56856416.85,380984.87,4705231.21,1297810.0537090725
935,2846694.4794444446,18,51240500.63,252985.62,4987752.32,1489970.0723828627
936,2882318.983333333,12,34587827.8,272740.57,4732267.31,1479309.1819456292
937,2308205.700833333,12,27698468.41,299723.09,4987198.53,1584339.1917720868
938,2283966.10375,16,36543457.66,12326.6,4814241.97,1536949.8504659238
940,2714212.1999999997,17,46141607.4,594773.39,4808003.12,1332420.93063846
941,2808954.1153333336,15,42134311.730000004,115805.68,4723557.4,1458382.9031693125
942,2624939.6964705884,17,44623974.84,233658.52,4899700.81,1500809.571865143
943,2237791.8255555555,18,40280252.86,213396.46,4016227.31,1210308.6009759684
944,1687825.0975,16,27005201.56,248673.89,4702538.41,1314373.8397620264
945,2532273.396875,16,40516374.35,337148.14,4953277.71,1598911.2403976785
947,2730123.3572727274,22,60062713.86,144748.41,4892163.75,1475336.4237357574
948,2767413.740625,16,44278619.85,770872.35,4753883.31,1239714.2085062258
949,2118505.7399999998,14,29659080.36,555707.99,4619506.62,1263191.6653336333
950,2111320.89,26,54894343.14,89497.04,4909661.17,1457438.411246932
952,1867054.1308333334,12,22404649.57,40410.19,4280724.97,1200600.4525332265
954,2826538.001764706,17,48051146.03,131062.76,4662772.18,1302684.7996301088
955,2224036.334166667,24,53376872.02,30969.76,4985677.22,1323033.7513961028
956,2348063.308095238,21,49309329.47,10221.22,4963007.83,1717090.3648522291
958,2321045.532857143,14,32494637.459999997,24957.02,4290993.39,1414446.9099469518
959,2835890.938235294,17,48210145.95,577298.02,4983559.65,1488088.955896341
960,2091131.28,12,25093575.36,319078.69,3855765.63,1266356.4004432552
962,2395193.9847058826,17,40718297.74,183140.27,4886036.61,1626210.6704802604
963,2212198.0381818186,11,24334178.42,6325.28,4724394.87,1439165.9622222446
964,2786326.492631579,19,52940203.36,317954.53,4480953.07,1374140.3751464903
965,2530210.6442857143,21,53134423.53,139310.59,4884446.73,1464733.3100152372
966,1966305.23,17,33427188.91,164409.69,4820151.57,1550928.2886176617
967,2554357.621923077,26,66413298.17,122096.57,4939635.22,1374721.3367311773
968,2560323.0086666667,15,38404845.13,33190.46,4633000.52,1397102.792119158
969,2291456.315652174,23,52703495.26,24945.32,4850211.12,1805187.3747982504
970,2570771.6895,20,51415433.79,423748.07,4962692.92,1488104.1160117905
971,2745569.665,18,49420253.97,1001394.06,4534431.13,1077140.4093637671
972,2765496.132105263,19,52544426.51,64374.27,4716661.98,1357848.1624940108
973,2824590.092631579,19,53667211.76,454233.79,4890019.61,1385993.0493845933
974,2724302.1407142854,14,38140229.97,445071.02,4852503.39,1641886.0861098215
975,2484249.0606666664,30,74527471.82,605773.76,4738424.57,1177156.0669200413
976,3194791.1947619044,21,67090615.089999996,259007.36,4943452.48,1325157.7190389289
977,2692772.2965,20,53855445.93,34510.98,4942868.04,1380967.4180243986
978,2620391.893125,16,41926270.29,414824.61,4719147.96,1128934.562955824
979,2851723.853888889,18,51331029.37,495837.22,4745039.83,1458061.0102544704
981,3008033.649285714,14,42112471.089999996,204551.81,4925648.48,1324380.3648582264
982,2415776.1633333336,15,36236642.45,122545.24,4533429.79,1483794.0684578498
983,2607668.6075,16,41722697.72,24443.51,4805636.24,1620688.115235107
984,1933284.7788,25,48332119.47,17689.99,4242879.85,1478238.6202400976
985,2536902.1061904766,21,53274944.230000004,33679.17,4535682.1,1413274.0274774053
986,2286609.692222222,18,41158974.46,208225.05,4555366.9,1421600.0749160126
987,2237900.506111111,18,40282209.11,88860.78,4639670.77,1601947.5157472503
988,1984163.179047619,21,41667426.76,27999.47,4904093.04,1310856.7685970152
989,2464724.879166667,24,59153397.1,152593.35,4781134.79,1421435.631671901
991,2541689.9068181817,22,55917177.95,16489.27,4952109.19,1621825.7815861378
992,2377822.841875,16,38045165.47,146618.27,4930497.55,1748896.101420754
993,2669628.3068750002,16,42714052.910000004,940063.15,4869712.4,1252468.2650837158
994,2017464.7433333334,24,48419153.84,175338.96,4842590.78,1411543.4994915721
995,2192663.361304348,23,50431257.31,54434.33,4917167.15,1659507.621461504
996,2532499.3615789474,19,48117487.87,185840.66,4935331.8,1428020.1554435615
997,2867750.4884615387,13,37280756.35,453554.72,4456187.11,1303451.3007471843
998,2492690.6642857143,28,69795338.6,187411.12,4900624.51,1298275.583335417
999,2687600.7629411765,17,45689212.97,914301.46,4688876.04,1081955.9037610488
1001,3062528.9074999997,20,61250578.15,1478086.69,4989518.11,1146132.9292128223
1002,2903850.004583333,24,69692400.11,695769.61,4925354.09,1191862.7732155675
1003,2739835.1615000004,20,54796703.230000004,27892.78,4991871.25,1379218.3980713973
1004,2653546.3679166664,24,63685112.83,44853.69,4893703.73,1680001.7226887294
1005,2133414.0488,25,53335351.22,49337.97,4378096.35,1338515.3389185246
1006,2698796.189444444,18,48578331.41,56767.69,4855064.67,1667729.8984424411
1007,2644829.4876190475,21,55541419.24,150924.63,4713930.47,1401375.9245641893
1008,2878700.4325,20,57574008.65,219354.6,4800363.79,1628145.278937304
1009,1867001.875,10,18670018.75,37598.24,4866911.01,1856545.60284589
1010,2317200.4995238096,21,48661210.49,220240.75,4748791.35,1507525.6301870656
1011,2461601.6176,25,61540040.44,273079.04,4687659.49,1503219.0500735622
1013,3058173.999375,16,48930783.99,915710.26,4423699.0,1053677.5667412123
1014,1885782.333478261,23,43372993.67,200330.85,4742151.74,1284120.5310109209
1015,2957376.6738095237,21,62104910.15,509952.84,4948294.68,1286454.3203248433
1016,2716188.6233333335,15,40742829.35,97420.28,4746728.13,1443000.0922036795
1017,2202480.2,24,52859524.800000004,36200.42,4837590.06,1537328.7349627514
1018,2635899.722173913,23,60625693.61,44770.35,4800003.08,1402903.2393461296
1019,2411025.68125,24,57864616.35,311848.1,4971644.03,1406258.74864244
1021,2453179.553181818,22,53969950.17,380741.13,4915401.25,1402997.7072970716
1022,2963270.5142857144,28,82971574.4,717843.87,4991113.93,1101959.8833280827
1023,2094157.542727273,11,23035732.970000003,251203.84,4245538.16,1364675.9694378239
1024,1998448.2392,25,49961205.98,13260.06,4762450.37,1243287.7533565215
1026,2857696.0041666664,24,68584704.1,83900.76,4937158.0,1680655.6111763176
1027,3596800.466111111,18,64742408.39,1293889.08,4847158.16,1153768.7371780362
1028,2812555.5648387093,31,87189222.50999999,166097.7,4713186.42,1343272.8605244285
1029,2141013.3775,28,59948374.57,75492.64,4940695.05,1486124.191480308
1030,2365959.9957142854,21,49685159.91,39650.58,4578117.29,1327679.9489702217
1031,2221749.6029411764,17,37769743.25,122214.03,4929854.24,1682354.4869713392
1032,3048687.2282608696,23,70119806.25,143247.24,4913847.12,1591901.47074363
1033,2186471.1408695653,23,50288836.24,59521.29,4937474.35,1457440.791747729
1035,2703598.6905555557,18,48664776.43,63016.82,4727736.19,1684163.6229945272
1036,3003312.645263158,19,57062940.26,137975.67,4891954.69,1515120.2507171058
1037,2073729.183333333,18,37327125.3,133919.65,4232553.45,1269224.2373463963
1038,2343957.3713793103,29,67974763.77,54274.87,4986186.93,1573259.5815557963
1039,2751530.5427777776,18,49527549.769999996,397708.84,4851723.21,1536646.286625895
1041,2214766.658181818,11,24362433.240000002,360300.72,4966893.76,1434599.1524056932
1042,2760870.595333333,15,41413058.93,455126.27,4757891.27,1485681.0253418277
1043,2243729.8600000003,19,42630867.34,218629.54,4901519.93,1434430.6961780852
1045,2307307.8312500003,16,36916925.300000004,61489.87,4682381.11,1435215.874364714
1046,2352375.8390909093,22,51752268.46,146368.72,4993380.0,1602862.296742371
1047,2080995.1695833334,24,49943884.07,159535.76,4638155.86,1322797.9732609962
1048,2695080.495833333,24,64681931.9,75784.21,4886779.82,1525023.889199268
1049,2992323.2813636363,22,65831112.19,247699.47,4987526.63,1563579.3120747553
1050,3028614.8710526316,19,57543682.55,174832.09,4885763.57,1552470.74110778
1051,2696436.319411765,17,45839417.43,231014.03,4985928.26,1589280.7595128696
1052,2551066.4447058826,17,43368129.56,61466.25,4700401.46,1830663.6775271585
1053,2250581.82,15,33758727.3,88386.6,4309802.53,1237745.1978925234
1054,2315593.587894737,19,43996278.17,416375.06,4447293.56,1268497.2984463393
1055,2016015.3542857144,14,28224214.96,90501.63,4976585.34,1651036.082025572
1056,2249031.3805,20,44980627.61,52896.23,4819071.48,1689857.6107036204
1060,2593228.884,20,51864577.68,228901.73,4695582.76,1311868.451526168
1061,2477239.3776190476,21,52022026.93,14757.7,4792184.49,1338753.0596684287
1062,2495710.5420000004,15,37435658.13,123348.64,4870141.54,1516228.475599839
1064,2434450.496190476,21,51123460.42,246722.54,4856449.85,1554732.1365899853
1065,2529136.2977777775,18,45524453.36,489478.3,4658523.4,1238632.3972740916
1066,2476044.8796,25,61901121.99,192611.63,4615607.17,1376311.6420764423
1067,3404528.1289473684,19,64686034.45,913420.9,4804018.27,1027687.1194856676
1068,2726324.0820833333,24,65431777.97,78233.49,4798551.97,1557902.804212206
1069,2599911.0804761904,21,54598132.69,251651.71,4840561.89,1441748.0403418778
1070,2291600.618125,16,36665609.89,93923.14,4673153.16,1593870.812298833
1071,2735248.431904762,21,57440217.07,613853.63,4922181.4,1530773.201757681
1072,2188166.5355,20,43763330.71,83944.6,4997095.94,1339087.4118179954
1073,2390104.651333333,15,35851569.769999996,784625.87,4822509.25,1454558.8725768034
1074,2265218.4084210526,19,43039149.76,401733.89,4918647.43,1628532.179416733
1075,1982590.009,10,19825900.09,306914.15,4897440.34,1701779.6982519478
1077,2290176.315217391,23,52674055.25,155266.45,4180994.81,1141721.4430700713
1078,2936069.1125,16,46977105.8,144978.22,4966757.26,1646340.4658291845
1079,2385529.61125,16,38168473.78,273636.68,4445413.71,1473721.9476456533
1080,2278332.553333333,18,41009985.96,166935.98,4972103.83,1600280.1981228914
1081,2351722.5704,25,58793064.260000005,400446.01,4886805.82,1434880.5927516902
1082,2590684.5038888888,18,46632321.07,53811.58,4759613.3,1347667.6888047745
1083,1873142.0004166665,24,44955408.01,108527.3,4976010.76,1237725.7467922883
1084,1490974.578125,16,23855593.25,161214.22,3578228.14,1148508.973356082
1085,2807688.5984210526,19,53346083.37,178557.53,4647673.04,1048871.8996478387
1086,2485657.67,25,62141441.75,160292.64,4662317.85,1355766.5515031463
1087,2358233.855,18,42448209.39,506354.4,4697615.7,1484115.9909378767
1088,2311794.074,25,57794851.85,214374.56,4936870.98,1598231.7867140651
1089,2868236.7015789472,19,54496497.33,91315.42,4925255.62,1377386.1529020811
1090,2602548.8889285713,28,72871368.89,37082.13,4859314.76,1542978.9497404557
1091,2136533.179642857,28,59822929.03,5242.42,4889598.35,1490750.2974408583
1092,2509155.9375,20,50183118.75,90927.71,4720186.15,1551897.9224364336
1093,1839290.6800000002,20,36785813.6,317409.7,4196886.25,1103796.0673360534
1094,2591156.1706666667,15,38867342.56,90899.35,4341792.1,1417959.426231839
1095,2185854.026521739,23,50274642.61,176223.67,4827783.57,1314707.1788356039
1096,2431356.6121052634,19,46195775.63,147092.82,4889636.35,1269422.5174856535
1097,2883792.8036363637,22,63443441.68,90303.25,4585643.59,1449030.1200929622
1098,2863570.9933333336,18,51544277.88,259942.4,4982549.69,1350853.4883357908
1099,2772492.392631579,19,52677355.46,227776.99,4992814.5,1433792.7931995653
1100,2492884.038,25,62322100.95,524607.3,4697714.9,1384058.79651938
1101,2808187.768333333,18,50547379.83,70041.75,4813240.8,1532357.1862219598
1103,3461532.061538461,13,44999916.8,1427635.48,4966462.26,956718.140179703
1105,2513251.536842105,19,47751779.199999996,377004.65,4810627.3,1650908.402653205
1106,2070066.2004545452,22,45541456.41,30361.65,4402021.23,1405185.0596837893
1107,2752199.912631579,19,52291798.34,248736.46,4815709.78,1434354.5254843894
1108,2129614.0373333334,15,31944210.56,24168.23,4389173.71,1507598.9033289202
1109,2658045.4852380953,21,55818955.19,72448.07,4686224.42,1617302.442159504
1110,2330785.001,20,46615700.02,106463.28,4687330.98,1484983.4333186708
1111,2691920.30483871,31,83449529.45,117247.43,4915202.2,1479429.5746064885
1112,2497368.3962962963,27,67428946.7,23139.78,4998885.24,1552411.3395089475
1113,2752748.725,22,60560471.95,257249.22,4872788.87,1482017.4862161984
1115,2245850.1616666666,24,53900403.88,25575.45,4885323.3,1540834.9434659365
1116,2254257.9872727273,22,49593675.72,30823.13,4998193.4,1684097.3641698156
1117,2687374.914347826,23,61809623.03,127583.82,4727692.47,1373081.5824445684
1118,2545927.5035,20,50918550.07,142152.48,4981099.45,1692894.1926050668
1119,2109071.0521052633,19,40072349.99,168413.86,4945326.42,1465771.251365409
1123,2222905.5637037037,27,60018450.22,19849.91,4686882.32,1562237.6495473708
1124,2250284.1992,25,56257104.980000004,194658.74,4422254.79,1407833.4009579157
1125,2622659.8789999997,20,52453197.58,208491.02,4905818.79,1579477.634471892
1126,2522152.1742857145,21,52965195.660000004,799233.85,4361273.25,1178250.3636040364
1127,1841783.798888889,9,16576054.19,244883.14,4368441.68,1571781.8410703053
1128,2296547.5593749997,32,73489521.89999999,473924.81,4988112.31,1407343.0380274034
1130,2107086.7056521736,23,48462994.23,132988.87,4003586.45,1207873.7205060748
1131,1901594.21,22,41835072.62,255212.03,4259583.46,1336703.7678533285
1132,2790013.109666667,30,83700393.29,240226.32,4780343.97,1377916.02078969
1133,2427527.8916666666,24,58260669.4,36048.09,4983812.54,1550609.4624587405
1134,2627196.6690476188,21,55171130.05,467550.27,4492777.9,1385626.7487068637
1135,3032915.005652174,23,69757045.13,276730.12,4946736.81,1446242.7543098605
1136,2730895.031724138,29,79195955.92,268071.66,4803387.62,1539326.2052381716
1139,2253477.705,22,49576509.51,244554.52,4176582.45,1272918.92065963
1140,2039321.156470588,17,34668459.66,169151.2,4976154.34,1268264.9576895526
1141,2505127.962105263,19,47597431.28,238782.5,4954805.91,1453493.4332338881
1143,3179894.518666667,15,47698417.78,430166.19,4900532.39,1289907.7676025268
1144,2191733.9358333335,12,26300807.23,281205.02,4455998.4,1429542.0568234348
1145,1414053.3838461537,13,18382693.99,128657.97,4461699.3,1408402.5611076977
1146,2049523.7881818183,22,45089523.34,132362.08,4763155.25,1380170.1246297082
1147,2325794.6166666667,15,34886919.25,61828.87,4982554.68,1635176.321603065
1148,2143841.552285714,35,75034454.33,63308.15,4967280.7,1440438.0212372297
1149,2465134.672142857,28,69023770.82000001,182326.31,4787827.32,1420621.599948553
1150,2253141.755,10,22531417.55,554088.53,4313146.14,1466101.8960785808
1153,2374993.0138095235,21,49874853.29,32440.9,4930875.55,1459774.979979018
1154,3392417.5570588233,17,57671098.47,36980.34,4845849.65,1258868.794237341
1155,2678000.1738095237,21,56238003.65,166992.75,4721298.81,1396454.2931175223
1156,2550470.7611764707,17,43358002.94,1036125.8,4545871.81,966642.0332783811
1157,2564810.8088235296,17,43601783.75,121035.77,4445277.64,1529730.8265374007
1158,2468266.773888889,18,44428801.93,278109.76,4832624.54,1424491.1188116926
1159,2769471.018,10,27694710.18,196495.79,4926473.21,1563828.9072838349
1160,1937310.8225,16,30996973.16,55722.76,4920091.29,1381346.3849900127
1161,2261557.650769231,13,29400249.46,226269.06,4741234.96,1514388.2783322602
1162,2384910.677222222,18,42928392.19,65567.3,4708737.19,1765327.7100905138
1163,1587629.076666667,12,19051548.92,70923.61,3947621.09,1322794.1789948072
1164,2765275.8433333333,24,66366620.24,648596.99,4679726.77,1204284.8712308353
1165,3047329.0039999997,20,60946580.08,301380.19,4666000.37,1199568.4457320133
1166,2580338.611111111,18,46446095.0,401864.86,4926003.86,1439916.6088564266
1167,3002351.114,20,60047022.28,236046.76,4821178.56,1377892.814865386
1168,2307922.6685714284,21,48466376.04,166103.09,4753800.28,1484610.2989655305
1169,2616196.225416667,24,62788709.410000004,27050.28,4725321.17,1404360.1000037098
1170,2987665.8114285716,14,41827321.36,1349880.33,4774218.11,935759.1016820084
1171,2771538.7272222224,18,49887697.09,353591.98,4483042.4,1490683.2274472257
1173,2439094.435909091,22,53660077.59,322148.7,4838496.24,1453475.8480731687
1174,2131955.9126086957,23,49034985.99,364837.69,3974277.66,1179203.0017504436
1175,2805059.7763636364,22,61711315.08,532920.34,4969986.28,1566199.911678704
1176,1946102.3417647057,17,33083739.81,71186.01,4287889.72,1429696.2725849573
1178,2387765.2015789472,19,45367538.83,120205.44,4999719.39,1536148.8765163806
1179,2168666.6186363637,22,47710665.61,301916.0,4998329.49,1655603.4705038778
1180,2501548.5045454544,22,55034067.1,56924.91,4271023.88,1249384.930587094
1181,2151709.3394736843,19,40882477.45,335653.82,4667381.23,1241341.1400985096
1182,1980000.4904347826,23,45540011.28,95482.75,4751050.34,1568807.7038898992
1183,2834989.795909091,22,62369775.51,401689.74,4981357.34,1478137.6702354793
1184,2721480.77,22,59872576.94,38165.43,4813918.08,1471494.2581112876
1185,2456554.8680769233,26,63870426.57,20965.76,4872112.69,1348522.8531278877
1186,2496766.0875,20,49935321.75,559132.34,4980336.96,1304173.274225977
1187,2491402.1784210526,19,47336641.39,215775.35,4545843.06,1458799.8982887275
1188,2507787.4716666667,18,45140174.49,37009.7,4969481.27,1619228.6687775657
1189,2539715.342,25,63492883.550000004,306136.05,4969011.94,1556689.3442409663
1191,2184491.902857143,28,61165773.28,680817.84,4923554.6,1306122.2656124798
1192,2593112.7347999997,25,64827818.37,2136.26,4891632.86,1507120.0596634536
1193,2467560.6075,24,59221454.58,222989.57,4847806.53,1433992.123622018
1194,1826595.6172,25,45664890.43,18227.07,4958544.66,1525530.5229904817
1195,3173934.5305882357,17,53956887.02,459218.34,4683243.91,1150708.5149013314
1196,2616247.435416667,24,62789938.45,74780.81,4615727.17,1511466.74167043
1199,2473861.21,26,64320391.46,61752.3,4827328.42,1512544.1125919204
1200,2932608.159090909,22,64517379.5,276022.43,4891818.56,1646954.3018050182
1201,2822691.723888889,18,50808451.03,397534.53,4919395.47,1505944.917548538
1202,2279697.8842857145,21,47873655.57,65161.53,4577763.48,1429785.1257566507
1203,2522736.497272727,22,55500202.94,54064.17,4982207.07,1650504.1411883163
1204,2287070.3236842104,19,43454336.15,331922.12,4703034.65,1312248.435098738
1205,2828398.439166667,24,67881562.54,127253.93,4858733.41,1309392.4779117645
1206,2882743.6504347827,23,66303103.96,187834.04,4920671.73,1507960.9011451253
1207,2305075.414090909,22,50711659.11,381109.35,4606331.71,1488905.4115902146
1208,2457667.86125,16,39322685.78,34176.22,4925785.53,1628727.1304189977
1209,1900812.0471428572,14,26611368.66,108235.21,3768371.09,1273782.0288619974
1210,2217952.0056,25,55448800.14,125326.5,4984295.58,1375888.949963538
1211,2340286.9252173915,23,53826599.28,125817.51,4604136.1,1540843.9968316038
1212,3068723.897,20,61374477.94,498968.48,4997957.23,1531203.076273235
1213,2916331.4055555556,18,52493965.3,177094.52,4712262.21,1290399.1840438766
1214,2330282.617647059,17,39614804.5,208845.37,4651267.29,1361803.557322631
1215,2942034.3086363636,22,64724754.79,875145.46,4996654.04,1340515.7158081993
1217,2486326.8604761907,21,52212864.07,550352.86,4937058.54,1399174.4630309718
1218,2479379.4111764706,17,42149449.99,44714.34,4709374.32,1565975.5285583714
1219,2301076.8046875,32,73634457.75,189032.13,4882118.85,1517822.9953532016
1221,2157376.6088461536,26,56091791.83,161296.35,4772234.11,1242202.5993072956
1222,2201918.183809524,21,46240281.86,218760.69,4449875.83,1344076.3160796212
1223,2805330.9625,12,33663971.55,755746.15,4820165.64,1470054.5916437295
1224,2439430.530952381,21,51228041.15,461171.98,4907845.57,1297621.0392889723
1225,2773428.4892857145,28,77655997.7,157500.57,4761610.02,1477705.4503917668
1226,2466709.8564285715,14,34533937.99,138682.57,4531473.95,1544170.7673983725
1227,2162726.1052941177,17,36766343.79,353848.94,4911257.04,1590808.8919622584
1229,2435412.5016666665,24,58449900.04,20719.21,4776827.89,1561746.1051156512
1230,2459632.2470588237,17,41813748.2,316496.75,4751265.67,1411933.4023242407
1231,2825333.205882353,17,48030664.5,418137.65,4639118.87,1099921.8662902364
1233,2773432.98,22,61015525.56,235125.48,4696268.98,1560104.3683510525
1234,3061456.7923809523,21,64290592.64,153132.75,4957669.4,1355386.9353823273
1235,2254016.7352173915,23,51842384.910000004,284102.7,4493052.51,1385582.645975711
1236,2533020.057272727,22,55726441.26,5446.28,4428312.41,1228689.820252353
1237,2724948.834444444,18,49049079.019999996,715053.92,4591610.97,1135386.4439165138
1238,2248882.96,13,29235478.48,11326.76,4567592.36,1350947.8074178044
1239,2400590.435714286,28,67216532.2,38975.31,4903302.85,1774898.7653356062
1240,1820709.073076923,13,23669217.95,26169.6,3686284.77,1033535.2039349008
1242,2694509.631304348,23,61973721.52,117654.26,4996722.37,1553583.2542329216
1243,2896572.6435714285,14,40552017.01,610635.64,4115800.57,1145187.4281920295
1244,2426040.47,23,55798930.81,151497.72,4946374.5,1522275.03439594
1246,2604983.6793750003,16,41679738.870000005,664156.68,4593337.67,1341035.6386255464
1247,2512387.5465,20,50247750.93,126433.73,4861166.08,1426393.90855143
1248,2718255.8996774196,31,84265932.89,29354.16,4990690.18,1327810.8012403285
1250,2600146.3704999997,20,52002927.41,35832.3,4619289.72,1462607.7477652277
1251,2674314.6704761903,21,56160608.08,286992.86,4922630.64,1455260.463915309
1252,2083144.9038095237,21,43746042.98,175024.14,4602034.94,1420261.5758669644
1254,2795833.799375,16,44733340.79,638652.69,4646920.48,1299873.3327328977
1256,2544203.700588235,17,43251462.91,364669.12,4565477.76,1410890.292580125
1257,1893462.376842105,19,35975785.16,5086.39,4337061.6,1457416.3537592124
1258,2609435.5142857144,21,54798145.8,27302.96,4798572.92,1538064.2323848056
1259,2390042.6705555557,18,43020768.07,57598.38,4716329.54,1579127.2505377484
1260,2747243.32,19,52197623.08,480002.82,4726655.37,1467867.8309644822
1261,2813247.149090909,22,61891437.28,98225.55,4990765.12,1460578.3027886185
1264,2673615.5928571424,14,37430618.3,245696.38,4642459.99,1381631.0811318427
1265,3308565.2935714284,14,46319914.11,373459.56,4859881.15,1328593.9585060438
1268,2387254.9095652173,23,54906862.92,58567.6,4759721.07,1506901.556445452
1269,2514697.6774999998,20,50293953.55,210082.68,4998078.18,1239521.322569308
1270,3007800.3400000003,22,66171607.480000004,374001.08,4848694.29,1461770.0604242564
1273,2749662.216842105,19,52243582.12,201196.7,4740007.2,1343462.7145829403
1275,2120553.9744,25,53013849.36,127617.87,4894264.26,1527845.326393166
1277,2271647.176923077,13,29531413.3,212290.05,4525603.2,1399485.6080656333
1278,2459010.0566666666,21,51639211.19,173937.7,4704447.14,1541526.6370507684
1279,1770363.9915384615,13,23014731.89,72586.41,4044723.25,1157613.1169877897
1280,2596568.469230769,13,33755390.1,98542.27,4867875.51,1489364.7695693234
1281,2376538.941904762,21,49907317.78,132578.25,4970146.4,1640905.5100967844
1282,2451369.0568181816,22,53930119.25,210386.93,4997189.49,1615389.287284882
1283,2136228.1326086954,23,49133247.05,20759.67,4880110.92,1483663.2368593097
1284,2766853.086470588,17,47036502.47,139794.28,4645876.51,1516297.5699224726
1285,2949092.903809524,21,61930950.980000004,282107.77,4941371.88,1398223.0097443156
1286,2436515.6472222223,18,43857281.65,269747.33,4880600.62,1449190.1732627288
1287,2792106.207368421,19,53050017.94,116649.15,4900821.7,1267045.851543791
1288,2264849.038695652,23,52091527.89,266340.9,4816539.89,1370832.489866428
1290,2222108.578333333,18,39997954.41,91535.63,4573628.12,1586073.9160200418
1291,2527544.392608695,23,58133521.029999994,283154.37,4989752.88,1463553.7030386727
1293,3058911.151818182,22,67296045.34,157549.72,4935549.9,1504058.9417148465
1294,2125433.6729166666,24,51010408.15,62948.81,4951595.21,1411373.6507804529
1295,2788510.3168421052,19,52981696.02,805869.84,4342405.42,1136948.488382548
1297,2878454.240625,16,46055267.85,27561.42,4615618.0,1511882.4756466162
1298,2484100.3516666666,18,44713806.33,221794.55,4896220.6,1525996.5664273489
1299,2532087.022777778,18,45577566.410000004,421752.02,4654102.64,1627741.1114363319
1300,1993982.7046666667,15,29909740.57,332204.48,4202824.22,1080489.4757032874
1301,2836153.2555555557,18,51050758.6,180983.54,4768597.56,1419023.2409950886
1302,2097123.5964285713,14,29359730.349999998,83426.71,4661231.76,1374882.7729150632
1303,2682954.322631579,19,50976132.129999995,440637.58,4897192.3,1695511.7647757542
1304,2664850.5395454546,22,58626711.870000005,419703.09,4830392.0,1481238.6260427698
1305,2995851.7345454544,22,65908738.16,21313.01,4944976.38,1504967.7326193827
1307,2222825.6393333334,15,33342384.59,38071.47,4827099.75,1463344.992551509
1309,2336592.5938095236,21,49068444.47,53397.12,4636031.39,1369113.003865044
1311,2401859.757368421,19,45635335.39,24949.75,4866467.73,1405309.724547865
1312,2458264.209285714,14,34415698.93,86023.94,4803019.62,1619093.7054278292
1313,2117390.668,15,31760860.02,265658.0,4876555.45,1330373.0021947722
1314,2615382.1706250003,16,41846114.730000004,263001.39,4768017.22,1546769.9462560564
1316,2438256.6366666667,21,51203389.37,70168.8,4797517.4,1581209.6132352198
1317,2027863.516923077,26,52724451.44,1582.57,4844071.07,1705555.3062001436
1318,2476545.1183333336,18,44577812.13,177353.55,4657528.99,1430957.071604211
1320,2327108.3715,20,46542167.43,584344.08,4645230.47,1136076.7976506231
1322,2558450.871904762,21,53727468.31,535100.46,4994991.61,1431334.2014626653
1323,2297183.357894737,19,43646483.8,85535.64,4954566.26,1328455.6683807266
1324,2154912.262142857,14,30168771.67,253408.68,4182286.68,1439786.9796624244
1325,3076680.8868421055,19,58456936.85,260238.23,4831695.94,1106515.9908712837
1327,2769930.3204166666,24,66478327.69,547049.87,4793077.83,1339753.2295517642
1328,2716798.96,25,67919974.0,235985.04,4747873.37,1521496.5357764636
1329,2749216.5689999997,20,54984331.379999995,500526.58,4946908.0,1352367.3483897892
1332,2100650.651176471,34,71422122.14,260996.95,4998828.08,1403266.0581228295
1333,2677260.403478261,23,61576989.28,26830.7,4984493.9,1601755.8272590085
1334,1773920.653157895,19,33704492.410000004,25051.25,4576477.08,1577324.9890979677
1335,2109793.351363636,22,46415453.73,62519.69,4995157.66,1322615.830801965
1337,2810769.076923077,13,36539998.0,269511.99,4726056.51,1384211.3756588188
1338,2829189.498235294,17,48096221.47,365329.33,4561632.71,1426783.4584279717
1339,2371651.8000000003,19,45061384.2,188196.72,4960400.65,1305750.4315359513
1340,2250799.896111111,18,40514398.13,145738.55,4046918.19,1153138.4615347271
1341,2608594.4552380955,21,54780483.56,238053.78,4983142.58,1615141.709348853
1343,2482560.1566666667,18,44686082.82,106352.46,4866724.84,1796387.1518464028
1344,2193146.5889473683,19,41669785.19,60249.26,4965682.89,1741256.3634564762
1346,2110365.4195238096,21,44317673.81,268677.69,4931105.67,1545255.8123006595
1347,2379512.7566666664,24,57108306.16,36512.7,4672856.04,1575051.4748662752
1348,2638650.374,25,65966259.35,378616.16,4767541.19,1349128.6157932258
1351,2494544.3608333333,24,59869064.66,14043.18,4541678.52,1448007.3090085995
1352,2340755.1684210524,19,44474348.199999996,34467.33,4671728.99,1710934.050084407
1353,2462486.9359999998,20,49249738.72,133589.98,4182613.75,1065204.3456205523
1354,2459165.2625,16,39346644.2,501938.27,4513665.98,1385656.622168426
1355,2313196.8242857144,21,48577133.31,480994.06,4422804.58,1241585.166921692
1356,1483214.5281818183,11,16315359.81,33882.02,3136387.81,1108464.0850396298
1357,2202953.658333333,24,52870887.8,972107.89,4216164.84,904153.5654284337
1358,2290435.79,16,36646972.64,18976.07,4231743.65,1430867.9478959786
1359,2594393.6133333333,12,31132723.36,329700.58,4767155.79,1657111.1929734366
1360,1883842.2413333333,15,28257633.62,54160.52,4652325.0,1612141.1841506157
1361,2454611.159375,16,39273778.55,233466.23,4709759.26,1264754.244513056
1362,2697687.975,10,26976879.75,607967.95,4351290.82,1336326.2979001666
1363,2924518.7805,20,58490375.61,167267.68,4814850.4,1412890.3901892551
1364,2412927.986111111,18,43432703.75,214057.85,4934392.89,1546862.4457709393
1365,3197266.493571428,14,44761730.91,1477502.61,4678050.91,1010150.0216377696
1366,2599320.7972727274,11,28592528.77,1561309.51,4872408.29,944083.2531927364
1368,2075028.7785714287,21,43575604.35,111215.07,4520594.93,1564830.0849562618
1369,2453319.570384615,26,63786308.83,4477.38,4717001.95,1418229.8125975868
1370,2395579.917096774,31,74262977.42999999,26502.44,4702066.94,1332468.6054155687
1371,1922521.0961538462,13,24992774.25,45417.96,4464292.21,1672261.6414665
1373,2396538.720666667,15,35948080.81,189944.97,4802145.11,1410622.601503543
1374,1795162.0818181818,22,39493565.8,342115.4,3901686.53,1031067.2494850666
1375,2470155.3444827585,29,71634504.99,176247.38,4756556.32,1404601.8291154134
1376,2949286.622352941,17,50137872.58,78924.9,4962285.87,1425500.7722761645
1378,2220806.126,15,33312091.89,479727.51,4718791.45,1351533.4333132
1379,2861762.1078571426,14,40064669.51,359280.38,4838208.66,1465679.7538416034
1380,2615146.445,16,41842343.12,227386.03,4963887.06,1599897.2710307373
1381,2643379.1,30,79301373.0,123201.44,4987359.55,1651047.280161629
1382,2077117.3255555555,18,37388111.86,304569.04,4948159.56,1541620.8215299733
1384,2229537.660833333,12,26754451.93,470392.35,4218573.39,1292840.9120112823
1385,2411642.99,22,53056145.78,243898.08,4566345.0,1382139.2999526996
1386,2468981.3868421055,19,46910646.35,251190.6,4734462.0,1368170.8082102695
1387,3003700.827368421,19,57070315.72,255309.35,4870868.83,1468216.1668491815
1388,1977531.4161111112,18,35595565.49,159361.57,4865257.27,1391649.6808161035
1389,2860670.254761905,21,60074075.35,327720.09,4941274.73,1386162.4272004408
1390,1535037.6588235293,17,26095640.2,24973.39,4629368.35,1212117.2397437266
1391,2801581.5175,16,44825304.28,976246.87,4969980.97,1137664.1903684349
1392,2604265.962,15,39063989.43,30434.96,4776395.12,1449413.8306762746
1393,2800504.242272727,22,61611093.33,115425.28,4945947.4,1611637.2135830508
1394,1969493.8135000002,20,39389876.27,139757.1,4902036.32,1446634.6251700926
1396,3450922.196666667,12,41411066.36,188081.76,4800982.31,1316399.524798283
1397,2042549.905,18,36765898.29,156010.35,4803609.82,1505015.0466344422
1399,2855833.973125,16,45693343.57,494262.5,4927350.55,1636327.6672775096
1400,2539697.9313333333,15,38095468.97,12754.16,4825908.48,1734387.6709603108
1403,2396770.817222222,18,43141874.71,35507.1,3989953.06,1323753.6990895062
1404,2268166.1399999997,19,43095156.66,355078.42,4766018.49,1610882.9974900652
1405,2625596.688461539,26,68265513.9,204083.27,4893345.77,1411426.1574572236
1406,3006698.8539130436,23,69154073.64,274632.39,4886582.61,1355176.2643040733
1407,1962761.4489473684,19,37292467.53,256111.88,4949792.54,1415685.4264747375
1408,1954141.7736842106,19,37128693.7,192632.82,4703019.88,1390289.3074433657
1409,2632872.1754545453,22,57923187.86,38243.2,4876336.44,1445668.998907086
1411,2822986.435,14,39521810.09,39417.79,4921703.97,1526276.4580844308
1412,2642029.60625,16,42272473.7,95432.83,4713129.49,1399244.2646736728
1413,2242112.350909091,22,49326471.72,27401.42,4810540.12,1430320.928110203
1414,1934657.2773684212,19,36758488.27,191278.92,4761331.03,1272066.5010083541
1415,2256571.532857143,21,47388002.19,44540.47,4561544.26,1197616.1083110909
1416,2886813.4726666664,15,43302202.089999996,211624.54,4974686.13,1550345.7695677534
1417,2759988.696190476,21,57959762.62,125324.79,4760084.44,1441433.3935355933
1419,3144049.828125,16,50304797.25,386711.44,4847393.07,1592805.8009607214
1420,2487608.25625,24,59702598.15,214315.78,4955288.83,1516578.8354370783
1422,2834673.7276470587,17,48189453.37,429662.99,4992531.81,1679934.5808500375
1423,2568464.8261904763,21,53937761.35,698111.33,4304084.66,1139999.6778384566
1424,2449454.8839130434,23,56337462.33,27827.82,4792527.92,1498474.6140373738
1425,2219084.738,20,44381694.76,228195.84,4664535.97,1654903.1153087835
1426,2022754.343529412,17,34386823.84,228514.73,4040631.6,1234499.6191644566
1427,2783906.537142857,21,58462037.28,246590.27,4956591.84,1406361.4004702724
1428,2471928.544117647,17,42022785.25,31817.71,4145815.01,1363841.6286465775
1429,2348769.88,20,46975397.6,58658.88,4643553.87,1458031.7418137777
1430,2483789.5813043476,23,57127160.37,28805.08,4907471.69,1504504.2530760795
1431,3039159.492666667,15,45587392.39,477026.26,4901757.81,1405134.3580462104
1433,2430266.4923076923,13,31593464.400000002,121196.57,4381251.78,1334159.5159127833
1434,2840870.6100000003,21,59658282.81,325479.67,4444936.48,1223423.6842712422
1435,2143753.577,20,42875071.54,105192.22,4597916.34,1522193.3864451118
1437,2580329.1753333337,15,38704937.63,367781.02,4870754.78,1419729.7517602271
1438,2441579.751923077,26,63481073.55,79489.81,4967496.63,1416195.8652472629
1439,2522166.337307692,26,65576324.769999996,49974.14,4960700.39,1427347.5665125968
1441,2650408.5376,25,66260213.44,32479.86,4978085.83,1766138.6396789753
1442,2283953.5,21,47963023.5,27109.81,4876837.82,1425702.5340033523
1444,2460067.0547058824,17,41821139.93,5575.99,4949844.26,1484538.794576479
1445,2473445.300625,16,39575124.81,564333.37,4313059.04,1335813.6059993973
1446,2411172.6071428573,21,50634624.75,46832.92,4827097.25,1364571.5180304225
1447,2157086.4663157896,19,40984642.86,342799.35,4883426.24,1482560.1010524076
1448,2514965.61,12,30179587.32,547474.98,4690873.21,1290859.990484034
1449,2905338.601333333,15,43580079.019999996,83927.93,4781481.77,1422525.7356107938
1450,2468404.11875,16,39494465.9,19017.05,4059849.15,1248099.5332979898
1451,2877762.232631579,19,54677482.42,590217.58,4868610.17,1565356.3709063749
1452,2107301.348181818,22,46360629.66,44092.28,4931436.56,1625996.1872123545
1453,2289201.980357143,28,64097655.45,81840.75,4921035.21,1541283.6996308332
1454,2232440.568,15,33486608.52,161604.62,4875263.41,1437691.1564535273
1455,3395995.944736842,19,64523922.95,1045177.76,4801539.24,1279857.5402128936
1456,2308342.2936363635,22,50783530.46,235702.92,4630746.19,1341199.9496749716
1457,1879649.4669565219,23,43231937.74,179235.81,4258611.55,1384442.3527158264
1458,2542931.187307692,26,66116210.87,228834.61,4884380.37,1508759.4601190106
1460,2200620.729375,16,35209931.67,166012.44,4390220.48,1381415.4204400051
1461,2366206.249,20,47324124.98,73038.37,4733075.06,1623614.0182910291
1462,1646894.538125,16,26350312.61,46353.52,4722649.36,1310471.4255572364
1463,2474384.8941666665,24,59385237.46,222871.03,4979342.08,1436412.7825385556
1465,3052055.7836842104,19,57989059.89,144864.22,4907005.92,1699470.8583602388
1467,2398366.439310345,29,69552626.74,27018.61,4927303.79,1519096.7182755056
1468,2449721.4858333333,24,58793315.66,46106.24,4992217.66,1423105.1625964348
1469,2923460.6872222223,18,52622292.370000005,371962.83,4944415.4,1613360.6920739762
1470,2405914.123181818,22,52930110.71,232645.04,4767960.57,1447066.2782763457
1471,2222138.6938095237,21,46664912.57,448707.09,4462524.96,1230042.6509435081
1472,2688568.6509999996,20,53771373.019999996,46359.38,4797894.0,1476897.572187945
1473,2435688.9078947366,19,46278089.25,321240.39,4944447.55,1540234.2874281462
1475,1922586.105652174,23,44219480.43,5089.17,4691652.74,1611083.4031888826
1476,2876057.6389473686,19,54645095.14,63941.27,4972863.28,1310501.5722749042
1477,2420788.0829629633,27,65361278.24,203962.68,4866837.92,1378687.4793702285
1478,2231078.5604000003,25,55776964.010000005,179121.14,4591581.83,1338265.1733080065
1479,2475199.4987096773,31,76731184.46,26770.03,4638275.07,1522390.8116031408
1480,2106890.86,18,37924035.48,56044.01,4313465.87,1667568.7659032214
1481,2417804.632,20,48356092.64,469404.71,4166547.09,1122970.4444171428
1482,2077827.0075,16,33245232.12,162611.1,4862367.95,1518116.780463412
1483,2841711.322352941,17,48309092.48,405563.73,4935322.05,1434578.654501269
1485,2645828.715714286,14,37041602.02,59654.77,4992309.49,1900337.8604298995
1486,2543249.193103448,29,73754226.6,314428.41,4876154.66,1568609.568788709
1487,1987384.6905555555,18,35772924.43,403192.13,4551594.39,1282566.11690293
1489,2519947.4040909093,22,55438842.89,17471.47,4712935.68,1465258.5788354655
1490,2819880.515,14,39478327.21,429136.56,4667238.83,1407257.119216067
1491,1958043.086666667,18,35244775.56,248961.77,3813059.37,1238367.5405230455
1492,2125376.6862068963,29,61635923.9,39826.42,4914351.77,1559992.593084532
1493,2832067.8546153847,26,73633764.22,348133.52,4826918.3,1568796.129893475
1494,2414233.4769565216,23,55527369.97,185124.96,4940511.11,1331733.7329031688
1496,2490100.3786363634,22,54782208.33,319622.5,4840882.45,1410518.9899828823
1498,2283547.2738461536,26,59372229.12,344174.06,4629292.79,1188823.0751678937
1499,2684279.5455,20,53685590.910000004,52309.69,4726470.72,1333498.782304678
1500,2406660.7394444444,18,43319893.31,52048.01,4698893.3,1401240.1451949321
1501,2485307.0488,25,62132676.22,148518.71,4938861.97,1561404.775518626
1502,1827912.9013333332,15,27418693.52,150116.1,2889924.56,911578.9548877322
1503,2572777.7275,20,51455554.55,73153.03,4715775.3,1391672.3554706164
1504,2751714.91,19,52282583.29,929676.44,4793993.81,1328376.7287194715
1505,2242611.1112,25,56065277.78,484738.9,4457372.58,1293985.6028021076
1506,2657262.9245454543,22,58459784.339999996,436610.89,4902785.42,1423120.0916771372
1508,2786833.8483333336,18,50163009.27,44893.97,4984231.13,1810994.295538844
1509,3031041.322608696,23,69713950.42,62857.18,4940798.23,1610954.3540816952
1510,2513904.723157895,19,47764189.74,961297.95,4524732.59,1076622.5635043397
1511,2709937.989090909,22,59618635.76,494647.38,4939587.93,1524020.1104562127
1512,2319553.5570588233,17,39432410.47,123161.38,4974771.37,1318297.780785494
1513,2306397.7993103447,29,66885536.18,77161.68,4994414.78,1595364.024067827
1514,2586170.8054166664,24,62068099.33,382364.31,4696949.03,1410807.341471764
1515,2192277.137142857,14,30691879.92,350241.22,4878016.89,1383499.0931568283
1516,2405386.3855555556,18,43296954.94,16600.66,4772762.85,1514621.1451523558
