"date","total_transactions","total_amount","fraud_cases","fraud_amount"
2015-09-18,1,4234315.9,1,4234315.9
2015-10-13,1,4962670.41,0,0
2015-10-14,1,58797.01,1,58797.01
2015-10-21,1,1476722.88,0,0
2015-11-22,1,4905818.79,0,0
2015-11-28,1,2608168.02,0,0
2015-12-09,1,922612.9,0,0
2016-04-26,1,3127736.09,1,3127736.09
2016-05-22,1,4097538.44,0,0
2016-06-01,1,2436902.62,0,0
2016-06-22,1,3675222.76,1,3675222.76
2016-07-03,1,3297319.32,1,3297319.32
2016-08-19,1,1015992.43,0,0
2016-08-20,1,2944724.28,1,2944724.28
2016-08-26,1,2196417.52,0,0
2016-09-21,1,1540760.04,0,0
2016-09-28,1,4421913.51,1,4421913.51
2016-10-04,1,650046.24,0,0
2016-10-06,1,149611.31,0,0
2016-11-03,1,4069996.76,1,4069996.76
2016-11-27,1,2071839.8,1,2071839.8
2016-12-08,1,2752491.46,0,0
2016-12-09,1,4694189.3,1,4694189.3
2016-12-21,1,493877.48,0,0
2017-01-12,1,302649.22,0,0
2017-01-23,1,231619.88,0,0
2017-02-03,1,3325167.27,1,3325167.27
2017-02-09,1,309920.66,0,0
2017-02-17,1,2625609.69,1,2625609.69
2017-02-21,1,4041750.84,1,4041750.84
2017-02-26,1,1072644.39,0,0
2017-03-08,1,4319208.49,1,4319208.49
2017-03-16,1,1094819.16,0,0
2017-03-17,1,139170,1,139170
2017-03-30,1,4575068.06,1,4575068.06
2017-04-06,1,2440885.96,1,2440885.96
2017-04-10,1,2796777.19,1,2796777.19
2017-04-27,1,592219.59,1,592219.59
2017-05-02,1,1708815.92,0,0
2017-05-06,1,2978194.02,0,0
2017-05-08,1,2063215.28,1,2063215.28
2017-05-09,1,410199.47,0,0
2017-05-10,1,67669.13,1,67669.13
2017-05-24,1,3661593.68,0,0
2017-05-28,1,2008865,0,0
2017-06-12,1,2487792.32,1,2487792.32
2017-06-18,1,82083.76,1,82083.76
2017-06-20,1,3703456.06,1,3703456.06
2017-06-21,1,3251059.72,1,3251059.72
2017-06-23,1,4459012.28,0,0
2017-06-24,1,3904661.91,1,3904661.91
2017-07-27,1,2098328.23,0,0
2017-08-08,1,1348357.55,1,1348357.55
2017-08-10,1,2271492.67,1,2271492.67
2017-09-13,1,2606147.83,0,0
2017-09-20,1,3095789.75,1,3095789.75
2017-09-28,1,503562.95,0,0
2017-10-06,1,4258943.45,1,4258943.45
2017-10-09,1,1121634.56,1,1121634.56
2017-10-24,1,785813.76,0,0
2017-11-04,1,2180231.96,0,0
2017-11-08,1,4696949.03,0,0
2017-11-15,1,1201495.78,1,1201495.78
2017-11-18,1,2884444.57,1,2884444.57
2017-11-19,1,440945.79,1,440945.79
2017-11-21,1,3774889.98,1,3774889.98
2017-11-26,1,936008.79,1,936008.79
2017-12-05,1,3284446.66,0,0
2017-12-14,1,3445129.48,1,3445129.48
2017-12-18,1,4619988.69,1,4619988.69
2017-12-20,1,1262907.37,1,1262907.37
2017-12-21,1,272434.6,1,272434.6
2017-12-22,1,346247.49,1,346247.49
2017-12-23,1,4989752.88,0,0
2017-12-27,1,4820165.64,0,0
2018-01-03,1,360875.35,1,360875.35
2018-01-06,1,2001673.6,0,0
2018-01-08,1,3067234,0,0
2018-01-13,1,2962332.62,1,2962332.62
2018-01-15,2,6240200.76,1,4551726.52
2018-01-16,1,2042765.49,1,2042765.49
2018-01-21,1,819545.59,1,819545.59
2018-01-22,1,1148183.88,1,1148183.88
2018-01-30,2,7264454.06,0,0
2018-01-31,1,2373592.53,0,0
2018-02-04,1,3018940.68,0,0
2018-02-10,1,3960899.48,0,0
2018-02-11,1,2617459.35,1,2617459.35
2018-02-12,1,3647008.11,0,0
2018-02-13,1,4026968.5,0,0
2018-02-14,2,3663184.67,1,2050253.53
2018-02-18,1,2213523.34,0,0
2018-02-28,1,4439667.09,0,0
2018-03-01,1,74650.12,0,0
2018-03-03,1,4511272.74,0,0
2018-03-08,2,6481108.35,1,4159459.14
2018-03-14,1,3984604.17,1,3984604.17
2018-03-18,1,4585750.84,1,4585750.84
2018-03-20,1,4097083.5,1,4097083.5
2018-03-22,1,2924286.45,0,0
2018-03-26,1,375462.46,1,375462.46
2018-03-27,1,511934.82,0,0
2018-03-28,1,3220493.15,0,0
2018-03-29,1,1436640.23,1,1436640.23
2018-03-31,1,1996679.46,1,1996679.46
2018-04-02,1,4827328.42,1,4827328.42
2018-04-03,2,7308060.65,1,3739007.32
2018-04-06,1,4435387.05,0,0
2018-04-08,2,4894538.2,1,2212674.97
2018-04-14,1,2497457.4,0,0
2018-04-16,1,2133584.24,0,0
2018-04-20,1,2104408.76,1,2104408.76
2018-04-22,1,3671621.21,0,0
2018-04-28,1,4223695.75,0,0
2018-05-01,2,2637802.17,1,222149.36
2018-05-02,1,2069414.76,0,0
2018-05-05,1,1304864.63,1,1304864.63
2018-05-08,1,4060681.37,0,0
2018-05-10,1,1438088.88,0,0
2018-05-14,1,4639670.77,0,0
2018-05-15,1,3804023.56,0,0
2018-05-16,2,4414112.55,2,4414112.55
2018-05-17,1,61752.3,1,61752.3
2018-05-18,2,2273380.35,0,0
2018-05-23,2,6781175.66,1,2291080.99
2018-05-24,1,3512574.33,0,0
2018-05-26,1,414824.61,1,414824.61
2018-05-30,2,2764511.33,1,132063.24
2018-05-31,1,2895020.37,0,0
2018-06-02,1,4724394.87,1,4724394.87
2018-06-04,1,24654.59,1,24654.59
2018-06-06,1,1252078.75,1,1252078.75
2018-06-07,1,508053.43,0,0
2018-06-09,1,4019827.36,0,0
2018-06-12,1,3995893.4,1,3995893.4
2018-06-25,1,2471307.65,1,2471307.65
2018-06-26,1,4328296.48,0,0
2018-06-29,1,2166576.14,0,0
2018-06-30,2,3072865.12,0,0
2018-07-01,1,4130240.47,0,0
2018-07-06,1,3192253.44,0,0
2018-07-07,1,4448925.58,0,0
2018-07-11,1,1100161.88,0,0
2018-07-12,1,3880764.21,0,0
2018-07-16,1,7911.45,1,7911.45
2018-07-19,1,900568.2,0,0
2018-07-20,1,3506486.06,0,0
2018-07-21,1,149382.65,0,0
2018-07-23,1,302055.98,1,302055.98
2018-07-26,1,3149747.87,0,0
2018-07-27,1,3560293.44,1,3560293.44
2018-07-30,1,3013038.29,1,3013038.29
2018-08-01,1,3236736.73,1,3236736.73
2018-08-03,1,1827091.17,0,0
2018-08-06,1,2319710.13,0,0
2018-08-10,1,3892040.31,1,3892040.31
2018-08-11,1,4937843.51,1,4937843.51
2018-08-13,1,3056987.9,0,0
2018-08-14,2,6986246.49,1,2925688.08
2018-08-15,1,4259010.21,0,0
2018-08-17,1,4548226.27,0,0
2018-08-20,1,3426636.98,0,0
2018-08-22,1,1740783.9,1,1740783.9
2018-08-23,2,2356553.93,1,1900456.51
2018-08-24,1,4510698.61,1,4510698.61
2018-08-25,1,1588542.77,0,0
2018-08-29,1,125817.51,1,125817.51
2018-08-30,1,3992284.07,1,3992284.07
2018-08-31,3,8136834.88,1,3476219.7
2018-09-01,1,758825.32,0,0
2018-09-02,1,367569.25,1,367569.25
2018-09-04,1,3408395.85,1,3408395.85
2018-09-06,1,941855.76,1,941855.76
2018-09-08,1,4724758.65,1,4724758.65
2018-09-09,1,586214.56,1,586214.56
2018-09-10,1,2101912.93,0,0
2018-09-12,1,3825698.41,0,0
2018-09-13,2,9194141.68,0,0
2018-09-14,1,143032.78,1,143032.78
2018-09-15,2,4215797.3,2,4215797.3
2018-09-17,1,4886036.61,0,0
2018-09-19,1,3536400.02,0,0
2018-09-20,1,3143418.74,1,3143418.74
2018-09-21,1,1273965.57,0,0
2018-09-24,1,4322274.91,0,0
2018-09-25,1,1905545.75,1,1905545.75
2018-09-29,1,4774068.25,1,4774068.25
2018-10-01,1,699152.22,1,699152.22
2018-10-02,1,2936713.46,1,2936713.46
2018-10-03,1,2395868.22,0,0
2018-10-07,1,533008.62,0,0
2018-10-09,1,3426553.96,0,0
2018-10-10,1,2491637.29,0,0
2018-10-12,1,2369701.21,1,2369701.21
2018-10-13,2,2972756.52,2,2972756.52
2018-10-19,1,1953194.11,0,0
2018-10-21,1,498200.24,0,0
2018-10-23,1,549551.65,1,549551.65
2018-10-24,1,3496094.06,1,3496094.06
2018-10-26,1,204938.58,0,0
2018-10-29,1,2080554.21,1,2080554.21
2018-10-31,2,6299519.41,0,0
2018-11-01,1,2547388.22,1,2547388.22
2018-11-02,1,4231012.34,1,4231012.34
2018-11-03,1,1477045.48,1,1477045.48
2018-11-04,1,3988399.95,1,3988399.95
2018-11-05,1,2379509.28,0,0
2018-11-10,1,2166410.86,1,2166410.86
2018-11-12,1,420235.72,0,0
2018-11-15,1,1419488.94,1,1419488.94
2018-11-20,1,963684.06,0,0
2018-11-22,1,812298.36,1,812298.36
2018-11-23,1,3731270.35,0,0
2018-11-25,1,1015328.3,1,1015328.3
2018-11-26,1,4974686.13,0,0
2018-11-27,1,2589871.12,1,2589871.12
2018-11-28,1,2711156.63,0,0
2018-11-29,1,1303254.5,0,0
2018-12-02,1,1461973.34,0,0
2018-12-04,2,5210754.23,0,0
2018-12-05,1,1055542.36,1,1055542.36
2018-12-12,1,2775237.25,1,2775237.25
2018-12-13,3,8172378.61,0,0
2018-12-15,1,63308.15,1,63308.15
2018-12-16,1,1352968.99,1,1352968.99
2018-12-18,1,3824396.07,0,0
2018-12-20,1,1212010.01,0,0
2018-12-22,1,1996341.45,0,0
2018-12-23,1,4085877.18,0,0
2018-12-25,1,310047.17,1,310047.17
2018-12-26,1,986667.52,1,986667.52
2018-12-28,1,2160785.95,0,0
2018-12-29,1,3952708.78,1,3952708.78
2018-12-31,1,1706857.39,0,0
2019-01-01,2,3718388.71,1,1689267.08
2019-01-02,1,476295.17,0,0
2019-01-03,3,9866508.72,2,5959824.26
2019-01-06,1,2268720.15,0,0
2019-01-07,2,6730810.02,0,0
2019-01-08,1,3113115.12,1,3113115.12
2019-01-09,1,3015750.48,0,0
2019-01-11,2,6624121.34,1,2812168.05
2019-01-13,2,5362046.44,1,4835915.36
2019-01-17,1,1758866.95,1,1758866.95
2019-01-19,1,4503355.16,1,4503355.16
2019-01-21,1,1585982.14,1,1585982.14
2019-01-23,1,4859881.15,1,4859881.15
2019-01-25,1,3555554.58,1,3555554.58
2019-01-29,3,4876942.27,3,4876942.27
2019-01-31,2,8432106.91,1,3856994.74
2019-02-01,1,248736.46,0,0
2019-02-05,2,6001157.63,0,0
2019-02-07,1,4487336.73,1,4487336.73
2019-02-09,2,4845159.8,1,2811198.48
2019-02-14,2,5511093.86,1,2765712.16
2019-02-15,1,1224231.17,0,0
2019-02-18,1,2444548.99,0,0
2019-02-19,1,1714154.32,0,0
2019-02-22,2,5403424.92,0,0
2019-02-23,2,3534470.55,1,3114979.49
2019-02-24,4,6471375.89,2,4118736.18
2019-02-27,2,6750944.9,1,4417919.25
2019-02-28,1,684445.44,1,684445.44
2019-03-01,2,2802329.35,1,2762329.11
2019-03-02,2,6169854.52,0,0
2019-03-04,2,2532906.3,0,0
2019-03-05,1,2412855.58,1,2412855.58
2019-03-06,4,5247586.57,2,4171644.97
2019-03-07,2,2639506.07,2,2639506.07
2019-03-08,1,3567004.79,0,0
2019-03-09,1,2918039.66,0,0
2019-03-13,2,8020393.08,1,3923525.46
2019-03-14,1,3991229.52,0,0
2019-03-16,2,2583368.42,1,1131240.91
2019-03-18,2,2682155.53,0,0
2019-03-19,1,3150352.72,1,3150352.72
2019-03-22,1,1723018.9,0,0
2019-03-23,2,5180899.96,1,3413927.1
2019-03-24,1,3364314.52,1,3364314.52
2019-03-28,1,4535714.89,0,0
2019-03-30,2,4435305.85,1,756616.08
2019-03-31,1,597607.7,0,0
2019-04-02,2,3117932.48,0,0
2019-04-03,1,459236.89,0,0
2019-04-04,1,3964801.69,0,0
2019-04-08,1,4957178.29,0,0
2019-04-11,1,4235353.13,0,0
2019-04-15,1,3629029.99,0,0
2019-04-18,1,3067208.54,0,0
2019-04-19,2,2842001.18,1,1857595.82
2019-04-20,1,928777.59,0,0
2019-04-21,2,5787820.72,1,4010111.32
2019-04-23,2,5604247.57,2,5604247.57
2019-04-24,2,7001214.05,1,3405588.88
2019-04-25,1,1417504.19,1,1417504.19
2019-04-27,2,5494086.07,1,4232556.32
2019-04-28,1,815512.81,1,815512.81
2019-05-02,1,4786686.93,1,4786686.93
2019-05-04,1,2074966.98,0,0
2019-05-06,3,11946774.65,0,0
2019-05-09,1,3720087.07,0,0
2019-05-12,1,4858733.41,1,4858733.41
2019-05-15,2,4436785.4,1,3053762.38
2019-05-18,3,4284667.55,1,2310754.62
2019-05-19,1,775740.27,0,0
2019-05-22,2,1575240.05,2,1575240.05
2019-05-23,2,2843003.55,0,0
2019-05-24,2,4928911.18,1,4519275.95
2019-05-25,2,2168776.98,2,2168776.98
2019-05-28,2,4863324.03,0,0
2019-05-29,2,3626037.92,0,0
2019-05-31,1,2549646.16,0,0
2019-06-01,1,2077623.87,1,2077623.87
2019-06-02,1,2344552.77,1,2344552.77
2019-06-04,1,368940.36,1,368940.36
2019-06-05,1,2103201.47,0,0
2019-06-06,2,231528.15,1,11790.23
2019-06-09,1,1750902.62,1,1750902.62
2019-06-11,1,4774273.04,0,0
2019-06-13,1,2152917.76,1,2152917.76
2019-06-14,2,2046166.65,2,2046166.65
2019-06-15,2,6843548.86,0,0
2019-06-20,1,3526764.48,0,0
2019-06-23,1,3086042.26,0,0
2019-06-26,1,3310141.06,1,3310141.06
2019-06-27,5,13402609.29,2,3375303.17
2019-06-28,1,1557842.98,0,0
2019-07-04,1,655561.31,0,0
2019-07-08,1,4456666.38,0,0
2019-07-12,1,4326353.69,0,0
2019-07-13,3,8749857.49,2,8027224.1
2019-07-14,2,1483643.48,1,19017.05
2019-07-16,1,2062501.84,1,2062501.84
2019-07-17,1,2354984.49,0,0
2019-07-18,1,3525087.23,1,3525087.23
2019-07-19,1,2724528.11,0,0
2019-07-21,2,9627323.51,1,4813918.08
2019-07-23,2,5065734.55,1,1875204.77
2019-07-24,2,5040682.05,1,1918730.22
2019-07-25,2,5266052.88,0,0
2019-07-27,1,449145.73,0,0
2019-07-28,1,1682445.71,0,0
2019-07-29,1,1855223.59,0,0
2019-07-30,1,2758544.43,1,2758544.43
2019-08-02,1,3062165.38,1,3062165.38
2019-08-03,1,1832888.04,1,1832888.04
2019-08-04,1,710145.13,1,710145.13
2019-08-06,2,5351150.93,0,0
2019-08-07,1,69362.77,0,0
2019-08-08,1,3171047.27,0,0
2019-08-09,2,7075804.46,1,2709571.88
2019-08-10,2,7043395.48,1,4521861.55
2019-08-11,1,2384298.7,0,0
2019-08-12,3,6894662.69,0,0
2019-08-13,1,4031211.49,1,4031211.49
2019-08-16,2,5705237.55,0,0
2019-08-18,1,1273153.5,1,1273153.5
2019-08-19,3,7601008.72,1,1328679.88
2019-08-20,1,2724267.68,0,0
2019-08-22,1,3519078.32,1,3519078.32
2019-08-23,1,537827.16,1,537827.16
2019-08-24,3,7718152.1,0,0
2019-08-25,1,817456.29,1,817456.29
2019-08-27,3,8661237.12,2,4634738.14
2019-08-28,1,1725295.69,0,0
2019-08-29,1,4238214.39,1,4238214.39
2019-08-30,1,895534.99,0,0
2019-08-31,3,5724962.38,1,3828520.05
2019-09-01,1,2309228.12,0,0
2019-09-02,2,6390629.99,1,4775429.87
2019-09-03,2,5170527.38,1,3847281.83
2019-09-05,1,11326.76,1,11326.76
2019-09-06,1,1534049.04,1,1534049.04
2019-09-07,1,3270962,0,0
2019-09-08,1,1527242.95,1,1527242.95
2019-09-09,1,297521.08,0,0
2019-09-10,3,5113148,1,3221016.86
2019-09-12,1,3314885.35,0,0
2019-09-13,1,542665.98,0,0
2019-09-14,1,4539386.96,1,4539386.96
2019-09-15,1,4179062.85,0,0
2019-09-20,1,2470967.52,0,0
2019-09-21,1,3442038.84,0,0
2019-09-23,2,5348470.67,1,3181916.88
2019-09-26,1,3152667.17,1,3152667.17
2019-09-28,2,4417693.62,0,0
2019-09-29,2,7387949.78,0,0
2019-09-30,2,7145740.67,2,7145740.67
2019-10-01,3,7888783.03,2,7712559.36
2019-10-02,2,5834785.42,0,0
2019-10-03,1,656994.21,1,656994.21
2019-10-07,2,8668708.79,2,8668708.79
2019-10-08,3,6555846.25,2,2998065.68
2019-10-13,1,3554373.05,0,0
2019-10-15,4,5617117.85,2,2431614.72
2019-10-18,1,3373488.76,1,3373488.76
2019-10-20,2,5322170.85,1,4749960.69
2019-10-22,1,4209865.07,1,4209865.07
2019-10-23,2,6323123.18,2,6323123.18
2019-10-26,1,4031623.45,1,4031623.45
2019-10-27,1,1726945.88,0,0
2019-10-28,1,2139890.4,0,0
2019-10-29,3,5448519.86,1,480278.76
2019-10-31,3,13749805.43,1,3833375.49
2019-11-02,2,2901414.08,0,0
2019-11-04,1,1124880.27,1,1124880.27
2019-11-06,1,1538944.04,0,0
2019-11-08,1,2346244.4,1,2346244.4
2019-11-09,1,2341361.13,1,2341361.13
2019-11-10,2,6667991.94,1,4129562.07
2019-11-11,2,6214395.29,1,3328960.84
2019-11-12,2,7819553.65,1,4077474.82
2019-11-15,1,780242.43,0,0
2019-11-18,1,2695474.01,0,0
2019-11-19,4,7711780.71,0,0
2019-11-22,2,7946198.01,1,4561924.73
2019-11-23,1,786398.87,0,0
2019-11-24,4,6380801.64,2,3356231.55
2019-11-25,1,4969909.88,0,0
2019-11-26,3,9935832.23,0,0
2019-11-27,3,8359697.11,2,3863703.58
2019-11-29,1,2369983.4,1,2369983.4
2019-11-30,2,3251764.75,1,1444638.35
2019-12-01,1,1792233.06,0,0
2019-12-03,1,802450.19,1,802450.19
2019-12-04,1,1377858.47,0,0
2019-12-05,1,3204687.8,0,0
2019-12-06,1,2679954.64,1,2679954.64
2019-12-07,2,5023243.56,2,5023243.56
2019-12-08,1,1450265.74,1,1450265.74
2019-12-10,2,9696385.1,1,4873574.57
2019-12-12,2,7385053.9,1,3608230.14
2019-12-13,2,4476823.3,2,4476823.3
2019-12-14,1,214684.25,0,0
2019-12-15,2,3508440.46,0,0
2019-12-16,3,10919327.44,1,4369653.1
2019-12-17,1,4450985.39,1,4450985.39
2019-12-18,1,2597666.53,0,0
2019-12-19,3,12190773.03,1,4681803.4
2019-12-20,3,8602110.85,3,8602110.85
2019-12-21,3,8792773.65,0,0
2019-12-22,2,4078379.91,1,1005378.27
2019-12-23,1,188081.76,1,188081.76
2019-12-24,3,8608072.85,1,2656019.09
2019-12-27,3,11886760.55,1,4742187.55
2019-12-28,1,2625200.96,1,2625200.96
2019-12-29,1,3073809.17,0,0
2019-12-30,1,1238622.23,1,1238622.23
2019-12-31,1,683335.76,1,683335.76
2020-01-01,2,4981325.15,0,0
2020-01-02,1,3702130.77,0,0
2020-01-03,2,8487058.81,2,8487058.81
2020-01-05,1,1580869.44,1,1580869.44
2020-01-06,1,1648837.46,0,0
2020-01-07,3,8779058.8,1,80234.3
2020-01-08,2,6507645.8,2,6507645.8
2020-01-11,4,14545799.22,1,4321974.89
2020-01-12,3,6117981.05,0,0
2020-01-13,3,9528259.76,1,1821664.3
2020-01-14,3,12911226.88,2,8502429.33
2020-01-15,3,8397371.58,0,0
2020-01-16,2,6993044.91,1,4705886.41
2020-01-17,3,6503588.35,0,0
2020-01-18,2,4026116.98,2,4026116.98
2020-01-19,3,11094659.92,0,0
2020-01-20,2,5358527.21,0,0
2020-01-21,6,13959297.92,4,7314944.27
2020-01-22,1,759022.19,0,0
2020-01-23,1,975506.9,0,0
2020-01-24,1,4466449.79,0,0
2020-01-25,2,4186888.14,0,0
2020-01-27,1,3323200.68,1,3323200.68
2020-01-28,1,2814773.5,1,2814773.5
2020-01-29,2,2760726.19,2,2760726.19
2020-01-30,1,3659420.36,0,0
2020-02-01,2,6455203.39,2,6455203.39
2020-02-02,5,12759636.47,2,7088367.64
2020-02-04,1,4284900.71,1,4284900.71
2020-02-05,2,7093404.85,1,4324646.19
2020-02-06,1,1497386.74,1,1497386.74
2020-02-07,1,3391444.77,1,3391444.77
2020-02-08,1,1746917.49,0,0
2020-02-09,2,5124225.97,0,0
2020-02-11,1,4395464.72,0,0
2020-02-12,3,8926785.09,2,6288223.97
2020-02-15,1,1539780.61,1,1539780.61
2020-02-16,4,10855860.5,0,0
2020-02-18,1,1805671.64,0,0
2020-02-20,1,2349664.35,0,0
2020-02-21,2,5133484.12,0,0
2020-02-22,1,1120495.23,0,0
2020-02-23,1,1997548.02,0,0
2020-02-24,3,4306324.95,1,1658966.85
2020-02-27,5,10865467.29,2,5887234.69
2020-02-28,2,1105833.58,0,0
2020-02-29,1,4449039.38,0,0
2020-03-02,3,2019518.64,2,1809186.1
2020-03-05,3,6585402.03,1,2227803.59
2020-03-07,1,1441446.8,1,1441446.8
2020-03-08,2,1635519.46,1,604504.42
2020-03-09,4,15654848.54,1,4004066.04
2020-03-10,1,4590842.33,0,0
2020-03-12,1,1149224.08,1,1149224.08
2020-03-13,5,17190359.32,2,5467123.86
2020-03-14,4,7009574.37,2,2957899.16
2020-03-15,2,5068707.86,0,0
2020-03-16,2,6315663.07,1,4559404.72
2020-03-17,3,4641712.63,2,3606454.46
2020-03-18,3,11020049.41,0,0
2020-03-19,1,602691.73,0,0
2020-03-20,1,1205786.41,0,0
2020-03-23,2,6488149.5,1,1807447.56
2020-03-24,1,3042351.83,0,0
2020-03-25,2,7940502.16,2,7940502.16
2020-03-26,1,88666.8,1,88666.8
2020-03-27,1,4518545.15,1,4518545.15
2020-03-28,1,704673.11,0,0
2020-03-29,2,7969890.38,0,0
2020-03-30,4,9520368.84,1,604752.67
2020-03-31,1,4864853.16,0,0
2020-04-01,1,3507253.58,0,0
2020-04-03,1,3216194.91,0,0
2020-04-04,2,5874442.46,1,2568344.73
2020-04-05,3,6341885.63,2,2629148.05
2020-04-06,1,4231423.83,0,0
2020-04-07,2,9309931.55,1,4501928.43
2020-04-08,2,5578037.21,2,5578037.21
2020-04-09,1,4820754.99,1,4820754.99
2020-04-10,2,1096111.57,1,424849.27
2020-04-11,1,1765151.66,0,0
2020-04-14,3,5597529.97,0,0
2020-04-15,2,3970934.28,1,10221.22
2020-04-17,1,2517081.7,1,2517081.7
2020-04-18,2,4590963.85,1,2756740.31
2020-04-20,2,7893581.16,1,4431217.12
2020-04-21,2,4373232.34,1,1432423.6
2020-04-22,1,4392596.33,0,0
2020-04-23,1,133487.06,0,0
2020-04-24,1,3024250.35,0,0
2020-04-25,5,15747807.72,4,12085776.62
2020-04-26,2,4969481.41,2,4969481.41
2020-04-27,2,7021687.33,0,0
2020-04-28,1,3984069.35,0,0
2020-04-29,2,6885950.23,1,4676245.33
2020-04-30,2,7130091.48,1,4139499.49
2020-05-01,1,4895340.61,1,4895340.61
2020-05-02,1,3267453.85,0,0
2020-05-03,2,3001299.99,2,3001299.99
2020-05-04,2,2881884.02,1,450574.93
2020-05-05,3,4527457.32,2,1937698.49
2020-05-06,1,2002996.83,0,0
2020-05-08,2,3035682.22,2,3035682.22
2020-05-10,1,1233173.61,1,1233173.61
2020-05-13,1,262684.73,0,0
2020-05-14,1,1398088.68,0,0
2020-05-15,2,3673894.34,1,3409544
2020-05-17,3,10721104.47,2,6107822.1
2020-05-18,1,2022078.72,0,0
2020-05-19,2,8153081.94,1,3959718.67
2020-05-20,1,1480968.55,0,0
2020-05-21,1,3552625.04,0,0
2020-05-22,2,1490771.79,0,0
2020-05-23,2,6391939.99,1,4324502.01
2020-05-24,3,6771272.12,0,0
2020-05-26,2,4320098.25,1,4040542.22
2020-05-28,1,828373.47,1,828373.47
2020-05-29,1,2887496.12,1,2887496.12
2020-05-30,1,3470354.87,0,0
2020-05-31,1,2378051.03,0,0
2020-06-01,1,284102.7,0,0
2020-06-02,1,4329070.43,0,0
2020-06-03,4,7840082.47,2,6017845.46
2020-06-04,1,3107539.05,1,3107539.05
2020-06-05,4,6360162.99,2,3836280.94
2020-06-06,2,3801042.13,1,2327516.54
2020-06-07,2,2442875.91,2,2442875.91
2020-06-10,3,9520991.21,2,7129257.06
2020-06-14,1,3025803.44,0,0
2020-06-15,2,6558824.73,1,4013278.42
2020-06-16,5,9923177.49,1,1204160.68
2020-06-17,1,1545381.71,0,0
2020-06-18,2,5048051.95,1,2500053.84
2020-06-19,1,3353377.79,1,3353377.79
2020-06-21,1,4599466.94,1,4599466.94
2020-06-22,3,4943568.82,1,254030.25
2020-06-23,4,7954381.58,2,3691796.54
2020-06-24,3,7550442.03,2,3573638.81
2020-06-25,1,1636744.67,1,1636744.67
2020-06-26,1,2360972.88,1,2360972.88
2020-06-27,2,6894821.87,0,0
2020-06-28,2,4877051.79,0,0
2020-06-29,3,6935029.93,0,0
2020-06-30,5,8709483.25,1,4445867.77
2020-07-01,3,7860565.46,2,3207315.5
2020-07-02,1,1492502.46,0,0
2020-07-04,5,15582053.38,1,1034665.38
2020-07-05,4,13376861.83,2,4846513.18
2020-07-06,1,2183814.8,0,0
2020-07-07,1,2113399.67,0,0
2020-07-08,4,6266091.8,1,1989390.16
2020-07-10,2,3131144.08,2,3131144.08
2020-07-11,1,4860117.99,0,0
2020-07-12,2,5462106.02,1,3318121.76
2020-07-13,1,609525.8,0,0
2020-07-15,1,1680206.72,1,1680206.72
2020-07-16,2,4395872.76,1,3301116.28
2020-07-18,2,4429856.78,2,4429856.78
2020-07-19,1,1266685.58,1,1266685.58
2020-07-21,1,3825321.92,0,0
2020-07-22,3,9448839.42,2,5046857.31
2020-07-23,2,3495238.86,1,498415.51
2020-07-24,1,3044581.24,1,3044581.24
2020-07-25,6,15157257.09,3,7609304.02
2020-07-26,3,8899832.34,2,4025209.43
2020-07-27,2,2285684.13,2,2285684.13
2020-07-28,3,1624357.04,2,1570680.46
2020-07-29,1,3794045.38,0,0
2020-07-30,3,6942655.92,1,2909047.7
2020-07-31,5,10726362.27,0,0
2020-08-01,3,7943508.94,1,4393329.83
2020-08-02,1,1837864.69,1,1837864.69
2020-08-03,4,15846503.79,1,3635809.19
2020-08-04,2,4469244.84,2,4469244.84
2020-08-05,2,4110865.52,1,3351.87
2020-08-06,1,1453555.73,0,0
2020-08-07,1,3028397.41,0,0
2020-08-08,1,4134056.64,0,0
2020-08-09,1,1196796.33,1,1196796.33
2020-08-10,1,631577,1,631577
2020-08-11,1,4931100.65,0,0
2020-08-12,1,4160079.03,0,0
2020-08-13,2,4287859.13,1,244141.17
2020-08-14,1,2667702.04,0,0
2020-08-15,4,9650442.63,0,0
2020-08-16,3,4432045.04,1,1015264.84
2020-08-17,4,10733088.83,1,3359745.02
2020-08-18,3,5065262.91,1,116258.66
2020-08-20,3,7325696.17,0,0
2020-08-21,1,1045683.14,1,1045683.14
2020-08-22,3,6786052.37,0,0
2020-08-23,2,6288743.03,0,0
2020-08-24,4,9303617.82,2,7388640.24
2020-08-25,2,5244467.99,1,4265432.84
2020-08-27,3,8177596.91,1,3141285.09
2020-08-28,2,6455209.2,0,0
2020-08-29,2,5820090.86,1,2163977.81
2020-08-31,2,3627024.41,1,691750.56
2020-09-01,1,104637.39,1,104637.39
2020-09-02,1,1659340.4,0,0
2020-09-03,2,5964157.51,0,0
2020-09-04,2,6194096.94,0,0
2020-09-05,2,7877452.79,0,0
2020-09-06,3,11659766.07,1,3475481.03
2020-09-09,3,4628171.19,1,736427.82
2020-09-10,3,7849120.31,1,2502813.05
2020-09-11,3,9459100.18,2,5915481.13
2020-09-12,3,7927525.72,1,3319893.76
2020-09-13,3,7248644.17,1,3822995.25
2020-09-14,1,2944374.91,1,2944374.91
2020-09-15,1,838347.45,0,0
2020-09-16,3,5023843.41,2,3887258.61
2020-09-17,2,2741511.13,1,647450.57
2020-09-18,2,4126533.84,0,0
2020-09-19,2,6138273.03,2,6138273.03
2020-09-20,4,7065590.1,1,1435010.39
2020-09-21,5,16220369.9,3,7709151.02
2020-09-22,2,3206240.11,1,1872463.19
2020-09-23,2,3408814.92,2,3408814.92
2020-09-24,1,3951573.02,0,0
2020-09-25,1,4804755.36,1,4804755.36
2020-09-27,2,7953929.55,0,0
2020-09-28,1,1768229.3,0,0
2020-09-30,4,12094234.25,1,4376637.44
2020-10-02,2,5947571.08,1,3416387.5
2020-10-03,1,4099513.46,0,0
2020-10-04,1,2838784.66,0,0
2020-10-05,1,3065888.68,0,0
2020-10-06,1,3843716.05,1,3843716.05
2020-10-07,4,7848131.23,3,4512285.54
2020-10-09,3,4700401.68,1,2151126.08
2020-10-10,3,9514654.01,2,5214772.15
2020-10-11,2,6794720.44,1,2501614.38
2020-10-12,4,7708304.02,2,6831835.21
2020-10-13,2,8163372.76,0,0
2020-10-14,2,7926326.17,1,4163272.33
2020-10-15,5,11873698.32,4,11192399.61
2020-10-16,4,5630334.19,1,1066013.31
2020-10-17,2,4970862.8,0,0
2020-10-18,1,1691965.6,1,1691965.6
2020-10-19,2,3601685.98,1,1754717.53
2020-10-20,1,1110098.17,1,1110098.17
2020-10-21,1,3198632.86,0,0
2020-10-22,9,25908595.06,4,8863166.51
2020-10-23,3,8987800.78,1,1285481.82
2020-10-26,2,3613840.3,1,1679949.33
2020-10-27,2,3409542.14,2,3409542.14
2020-10-28,1,4461660.62,0,0
2020-10-30,1,2443210.01,1,2443210.01
2020-10-31,2,4348185.99,1,752828.87
2020-11-01,1,4123957.88,0,0
2020-11-02,3,7934520.6,3,7934520.6
2020-11-03,4,10134184.16,0,0
2020-11-04,2,1649807.78,2,1649807.78
2020-11-05,1,4168788.26,0,0
2020-11-07,5,12946772.82,1,1119128.41
2020-11-08,4,10064510.75,2,5273309.24
2020-11-09,3,4517086,1,351966.23
2020-11-10,1,859776.97,1,859776.97
2020-11-11,3,8465405.63,0,0
2020-11-12,2,1281972.6,1,476780.86
2020-11-14,2,3067903.15,2,3067903.15
2020-11-15,1,3621049.7,1,3621049.7
2020-11-16,2,4654326.61,0,0
2020-11-17,5,14607842.82,3,9778427.51
2020-11-18,1,3153949.42,1,3153949.42
2020-11-19,4,5794321.95,1,494647.38
2020-11-20,1,1432494.65,1,1432494.65
2020-11-22,2,6139556.96,0,0
2020-11-23,2,3203975.83,0,0
2020-11-24,3,8617673.75,1,4118423.98
2020-11-25,5,8012912.62,1,753365.74
2020-11-27,2,5966096.08,0,0
2020-11-28,2,5178157.2,1,4285261.8
2020-11-29,3,2451698.82,1,457933.63
2020-11-30,1,4172376.38,0,0
2020-12-01,5,17998426.83,3,11840894.88
2020-12-02,1,1681750.15,0,0
2020-12-04,5,16735116.04,2,5065391.82
2020-12-05,1,4808420.25,1,4808420.25
2020-12-06,2,4593355.11,1,4386191.44
2020-12-08,1,2225858.01,0,0
2020-12-09,3,13868904.87,2,9531843.27
2020-12-10,1,3199015.76,0,0
2020-12-11,5,10652692,1,3570156.41
2020-12-12,2,3644003.88,1,3106803.19
2020-12-13,2,2854830.21,1,745099.92
2020-12-14,1,314118.41,0,0
2020-12-15,2,6871860.33,1,2410869.7
2020-12-16,1,3738135.27,1,3738135.27
2020-12-17,3,7124944.1,1,1419986.04
2020-12-18,3,4495395.45,1,3342205.85
2020-12-20,1,260308.23,1,260308.23
2020-12-21,1,1345071.69,1,1345071.69
2020-12-22,4,10409302.44,2,7906344.49
2020-12-23,1,1446302.94,0,0
2020-12-24,5,6103863.59,4,5251081.88
2020-12-25,2,3558652.11,0,0
2020-12-26,2,9114077.74,0,0
2020-12-27,4,10535167.18,2,6398857.86
2020-12-28,4,12859147.48,1,597036.26
2020-12-29,4,8912714.46,3,6888311.97
2020-12-30,4,9092286.26,4,9092286.26
2020-12-31,3,5573555.62,2,4940892.66
2021-01-01,2,2700339.93,2,2700339.93
2021-01-02,4,7687942.14,1,2689181.9
2021-01-03,3,10405467.33,1,4356914.21
2021-01-04,2,7743941.97,0,0
2021-01-05,3,7900366.93,1,1004045.84
2021-01-07,2,3821904.84,0,0
2021-01-08,3,7657867.31,2,4610333.31
2021-01-09,3,3925467.06,2,1884719.57
2021-01-10,3,9577755.25,0,0
2021-01-11,2,3798912.27,0,0
2021-01-12,3,7530965.42,0,0
2021-01-13,4,12630942.31,4,12630942.31
2021-01-14,6,18362317.85,1,4794084.84
2021-01-15,4,8198127.55,3,6363901.5
2021-01-16,3,8103754.14,1,3247611.8
2021-01-17,3,5872721.47,0,0
2021-01-18,1,4640464.76,0,0
2021-01-19,3,8306377.06,1,85985.61
2021-01-20,2,5006961.41,0,0
2021-01-21,4,11880393.39,1,4541790.26
2021-01-22,2,5056721.67,1,3587019.13
2021-01-24,1,4868610.17,1,4868610.17
2021-01-25,1,954674.06,0,0
2021-01-26,4,12085267.03,0,0
2021-01-27,1,1948032.83,0,0
2021-01-28,8,20831493.35,5,13191859.94
2021-01-29,1,1929405.17,1,1929405.17
2021-01-30,4,8717974.42,4,8717974.42
2021-01-31,3,3740948.82,1,2326797.26
2021-02-01,1,2685906.93,1,2685906.93
2021-02-02,5,5746412.43,3,1377602.98
2021-02-03,3,8031898.21,1,1824458.16
2021-02-04,3,5303643.52,1,2047154.94
2021-02-05,1,208225.05,1,208225.05
2021-02-06,2,5095619.7,0,0
2021-02-07,2,6828666.16,0,0
2021-02-08,4,7544353.85,1,540251.49
2021-02-09,1,4092440.02,1,4092440.02
2021-02-11,1,3449257.02,0,0
2021-02-12,5,9102898.78,2,3467900.62
2021-02-13,3,12290284.69,2,8740062.2
2021-02-14,2,906937.96,0,0
2021-02-15,2,2042720.81,1,1574659.28
2021-02-16,2,3539675.91,2,3539675.91
2021-02-17,4,7464291.73,2,4466422.72
2021-02-18,3,9796875.65,1,2949009.22
2021-02-19,4,9428357.6,2,6008341.02
2021-02-20,1,1360616.21,1,1360616.21
2021-02-21,3,7342281.43,2,3105231.59
2021-02-23,1,442213.15,0,0
2021-02-24,2,4932392.53,1,3258960.17
2021-02-25,1,2097473.66,0,0
2021-02-26,4,16512078.12,1,4797032.11
2021-02-27,3,2582857.17,1,934340.45
2021-02-28,2,4628921.12,0,0
2021-03-01,4,7249065.52,1,417819.65
2021-03-02,3,7339820.88,2,2694666.42
2021-03-03,3,8406727.57,1,385535.93
2021-03-04,2,2321752.5,1,2249443.1
2021-03-05,4,9364538.49,3,8391074.25
2021-03-06,4,11468680.02,2,7092807.99
2021-03-07,2,6139426.07,0,0
2021-03-08,4,14928401.17,2,7936475.35
2021-03-09,2,5890413.93,1,1415192.95
2021-03-10,2,420896.51,1,4158.72
2021-03-11,1,399304.78,0,0
2021-03-13,5,13599154.04,1,4184609.35
2021-03-14,2,6296127.38,1,4556996.2
2021-03-15,5,10631340.21,2,4293594.16
2021-03-16,2,7728266.1,1,3070194.71
2021-03-17,2,5647088.39,1,964544.55
2021-03-18,2,5084411.28,1,4722649.36
2021-03-19,7,16007661.58,4,8267791.13
2021-03-20,3,7265620.34,3,7265620.34
2021-03-21,2,4544078.76,2,4544078.76
2021-03-22,1,268635.67,0,0
2021-03-23,3,5378308.82,1,65229.85
2021-03-24,3,7803739.38,2,6518944.67
2021-03-25,4,13738790.88,2,5607337.25
2021-03-27,3,6656413.78,2,3540249.78
2021-03-28,2,5824284.08,2,5824284.08
2021-03-29,3,10351541.88,1,4279490.5
2021-03-30,4,10858167.21,2,6296428
2021-03-31,2,8966437.46,0,0
2021-04-01,1,4802925.93,0,0
2021-04-02,3,6761188.33,3,6761188.33
2021-04-03,4,13192070.95,2,7178829.69
2021-04-04,4,10241964.65,2,8833229.24
2021-04-05,2,2075787.71,0,0
2021-04-06,3,6480017.44,3,6480017.44
2021-04-07,3,10392549.68,2,5659474.62
2021-04-08,3,1441743.44,0,0
2021-04-09,6,11423811.45,1,50964.98
2021-04-10,4,15032316.88,1,3750324.75
2021-04-11,5,8687861.99,1,1717745
2021-04-12,3,9768182.7,1,4575530.68
2021-04-13,1,227776.99,1,227776.99
2021-04-14,2,2507444.2,0,0
2021-04-16,1,3455485.64,1,3455485.64
2021-04-19,5,11828168.17,2,2892542.98
2021-04-20,3,7503625.33,3,7503625.33
2021-04-21,2,6495643.76,1,3820388.99
2021-04-22,2,1658943.86,0,0
2021-04-23,6,10123766.16,2,2094763.26
2021-04-24,4,8850539.85,3,6902047.04
2021-04-25,3,11052621.92,1,1999601.1
2021-04-26,5,9635404.19,3,4560130.65
2021-04-27,5,15570691.79,2,8683288.65
2021-04-28,3,8700413.96,1,2914566.48
2021-04-29,3,7618855.59,0,0
2021-04-30,6,9425632.75,1,588896.39
2021-05-01,2,2958626.58,1,2913912.24
2021-05-02,4,13848141.05,2,7351818.42
2021-05-03,3,7741923.2,2,6921346.74
2021-05-04,5,8033103.37,2,894381.15
2021-05-05,6,14735494.28,5,13497204.58
2021-05-06,7,11802009.22,2,2496945.11
2021-05-07,5,11570901.68,2,2016259.27
2021-05-08,6,16310349.54,5,13563637.81
2021-05-09,2,8200581.16,0,0
2021-05-10,2,8681889.32,0,0
2021-05-11,1,1004435.55,0,0
2021-05-12,5,11253677.45,2,5050563.5
2021-05-13,3,6801164.83,1,435656.46
2021-05-14,3,8050275.37,0,0
2021-05-15,4,15141840.81,1,2117000.73
2021-05-16,1,3976048.72,0,0
2021-05-17,2,6175740.43,0,0
2021-05-18,2,6652844.38,1,1793069.95
2021-05-19,4,7460217.77,0,0
2021-05-20,4,7270392.27,0,0
2021-05-21,3,5669122.34,1,27561.42
2021-05-22,5,5116973.91,2,1096490.43
2021-05-24,1,3324945.86,0,0
2021-05-25,5,10592968.77,3,5055831.89
2021-05-26,6,9031331.65,3,4299410.83
2021-05-27,5,16862810.42,2,8489608.99
2021-05-28,6,22929496.17,3,11106735.2
2021-05-29,7,13458694.96,1,2731958.72
2021-05-30,3,6082631.55,1,491113.45
2021-05-31,2,6341936.29,0,0
2021-06-01,2,1625845.67,1,89721.84
2021-06-02,4,13234121.96,1,2361411.2
2021-06-03,5,17824022.73,2,6866601.77
2021-06-04,2,4877219.67,1,325307.64
2021-06-05,3,6637070.87,2,4319868.86
2021-06-06,3,4714230.47,0,0
2021-06-07,2,3560269.25,1,29381.31
2021-06-08,3,12029266.53,2,8106770.82
2021-06-09,2,3388957.89,0,0
2021-06-10,4,9962491.13,1,4249099.55
2021-06-11,2,1801195.8,1,1575759.54
2021-06-13,2,4336051.57,1,2424489.36
2021-06-14,2,6647228.52,1,4756440.63
2021-06-15,2,5792794.96,1,2993753.44
2021-06-16,4,11057739.2,4,11057739.2
2021-06-17,4,12669287.26,3,8717490.56
2021-06-18,3,5377825.37,1,3694373.04
2021-06-19,4,10661036.14,2,5386034.02
2021-06-20,4,11183608.74,3,8795032.95
2021-06-21,4,7200187.31,2,3275221.14
2021-06-22,1,1771555.47,0,0
2021-06-23,5,17226193.98,4,13832573.98
2021-06-24,3,9483318.66,1,1579995.04
2021-06-25,2,3800548.48,1,729352.21
2021-06-26,3,10037368.44,1,2683095.92
2021-06-27,2,443423.21,1,71368.57
2021-06-28,2,5260177.01,1,334896.26
2021-06-29,1,3147825.75,1,3147825.75
2021-06-30,2,2652179.41,0,0
2021-07-01,2,7724066.53,0,0
2021-07-03,3,5731814.9,2,3537100.6
2021-07-04,6,8882263.5,1,1397317.34
2021-07-05,5,14388726.85,2,6070393.8
2021-07-06,2,5972507.39,0,0
2021-07-07,4,12725005.36,4,12725005.36
2021-07-09,4,12894860.37,2,6712793.2
2021-07-10,7,15295464.59,0,0
2021-07-11,3,4985371.35,2,1927700.47
2021-07-12,4,8925484.76,2,5681010.08
2021-07-14,5,15009848.88,1,3721889.93
2021-07-15,4,13746058.24,1,1169676.15
2021-07-16,6,18593472.11,1,4442994.85
2021-07-17,4,6733753.74,1,1168664.06
2021-07-18,1,409479.72,0,0
2021-07-19,3,6981314.56,2,4680605.04
2021-07-20,4,10822830.92,1,3312639.09
2021-07-21,4,11587982.33,3,8432496.4
2021-07-22,3,8299500.01,1,3639440.05
2021-07-23,2,5124525.97,0,0
2021-07-24,4,12847623.98,0,0
2021-07-25,5,17327174.32,2,6469854.03
2021-07-26,2,3902616.14,1,3370081.92
2021-07-27,1,4719909.63,0,0
2021-07-28,7,16332015.47,3,6607152.42
2021-07-29,3,6518294.9,3,6518294.9
2021-07-30,7,10366423.14,2,1939923.39
2021-07-31,2,2714366.51,1,1512451.29
2021-08-01,1,2138475.82,0,0
2021-08-02,2,6129044.19,0,0
2021-08-03,5,12313806.78,4,10193178.12
2021-08-04,1,1474632.74,1,1474632.74
2021-08-05,1,2726439.77,1,2726439.77
2021-08-06,4,9172194.03,4,9172194.03
2021-08-07,5,17132835.13,2,4625735.76
2021-08-08,7,16641632.77,3,5712897.11
2021-08-09,2,3276262.14,1,1228708.08
2021-08-10,3,6490753.9,2,6110610.23
2021-08-11,3,8762982.43,0,0
2021-08-12,3,1547058.45,2,1184557.11
2021-08-13,2,8358811.71,0,0
2021-08-14,3,8299993.63,3,8299993.63
2021-08-15,2,2452079.12,1,1154279.57
2021-08-16,1,1846279.45,0,0
2021-08-17,2,5962048.4,0,0
2021-08-18,4,13565372.14,3,8956784.28
2021-08-19,6,10734388.18,3,4972365.62
2021-08-20,4,11281567.13,2,7694572.34
2021-08-21,1,3913463.05,0,0
2021-08-22,4,6258663.85,2,3327263.75
2021-08-23,3,10341510.81,0,0
2021-08-24,4,11020024.46,1,2215940.99
2021-08-25,7,19337786.56,6,17599126.84
2021-08-26,6,13726049.96,3,9718082.92
2021-08-27,2,6942480.19,1,3433581.52
2021-08-28,3,7144620.88,2,5061954.21
2021-08-29,1,3448255.77,0,0
2021-08-30,4,12615948.77,2,5730680.72
2021-08-31,2,5370726.96,0,0
2021-09-01,4,10828459.4,2,4053129.11
2021-09-02,3,2983781.56,3,2983781.56
2021-09-03,2,3876934.22,1,3164895.28
2021-09-04,3,6270379.29,2,6051303.74
2021-09-05,1,2262647.02,0,0
2021-09-06,1,3391094.13,0,0
2021-09-07,3,8490863.31,1,2595112.05
2021-09-08,3,7849778.02,0,0
2021-09-09,3,9350061.96,1,2742899.87
2021-09-10,8,18843606.1,3,7418907.91
2021-09-11,3,7749706.46,1,125204.89
2021-09-12,5,14335413.48,2,7263402.38
2021-09-13,2,5466714.57,0,0
2021-09-14,6,10878511.64,2,4533725.3
2021-09-15,4,7751778,1,1273304.7
2021-09-16,1,281927.02,0,0
2021-09-17,4,6436359.56,3,6243396.26
2021-09-18,4,10474223.08,2,2755084.49
2021-09-19,1,3515315.87,0,0
2021-09-20,4,17991028.67,2,9300076.52
2021-09-21,5,5229102.57,1,1481308.8
2021-09-22,4,6447319.16,2,837710.51
2021-09-23,2,2207843.53,2,2207843.53
2021-09-24,1,4752001.66,0,0
2021-09-25,3,10648451.91,1,4455155.58
2021-09-26,3,9557623.04,1,2392472.49
2021-09-27,7,18530425.85,4,12492551.25
2021-09-28,7,13568799.3,2,1037780.51
2021-09-29,5,16769770.5,2,5569695.58
2021-09-30,3,8626308.69,1,589225.17
2021-10-01,4,8955994.05,2,5592627.95
2021-10-02,1,2528316.16,0,0
2021-10-03,2,7108648.28,2,7108648.28
2021-10-04,4,11456593.07,3,9498874.42
2021-10-05,5,13078468.52,4,11121907.47
2021-10-06,6,10176707.74,2,6318484.23
2021-10-07,8,19070547.47,4,8346603.54
2021-10-08,9,34534774.69,4,15567205.64
2021-10-09,7,15053004.3,3,4599729.38
2021-10-10,4,13394221.6,2,6850668.69
2021-10-11,4,12431737.04,1,4539780.27
2021-10-12,4,7356508.66,1,34525.7
2021-10-13,4,4448599.44,0,0
2021-10-14,1,639771.66,0,0
2021-10-15,2,6148682.48,1,4226503.64
2021-10-16,4,10018355.48,1,307745.21
2021-10-17,2,5108080.7,1,960613.57
2021-10-18,3,8166291.34,0,0
2021-10-19,7,18243021.23,5,12794094.15
2021-10-20,5,13208446.14,3,8784690.46
2021-10-21,5,13693554.71,1,3821300.26
2021-10-22,3,10679706.2,1,3109928.94
2021-10-23,3,9294820.15,0,0
2021-10-24,2,5607494.64,1,4816539.89
2021-10-25,3,8650342.21,1,3520474.63
2021-10-26,6,14558443.13,4,11667907.37
2021-10-27,3,4489233.92,1,3584428.99
2021-10-28,3,9755107.78,1,3774775.04
2021-10-29,4,6439814.54,2,2787199.18
2021-10-30,4,6386063.74,0,0
2021-10-31,5,12273485.77,2,6840012.54
2021-11-01,4,13656797.87,2,6582218.42
2021-11-02,3,3828789.93,0,0
2021-11-03,5,12345661.41,3,7690623.21
2021-11-04,2,6506455.34,0,0
2021-11-05,3,7809155.86,0,0
2021-11-06,3,7226733.84,2,3835791
2021-11-07,3,10338363.91,0,0
2021-11-08,6,21577797.55,2,7774087.2
2021-11-09,5,15834319.2,1,4532825.88
2021-11-10,9,23589589.16,6,17221045.37
2021-11-11,3,8303500.18,2,3664032.61
2021-11-12,4,12035071.94,3,8001469.19
2021-11-13,5,15406037.61,2,5237826.95
2021-11-14,6,14986881.61,2,1072410.74
2021-11-15,5,13427789.49,3,6811334.82
2021-11-16,6,12203310.94,1,3523448.88
2021-11-17,2,8138115.58,0,0
2021-11-18,3,6465978.07,2,6066506.81
2021-11-19,2,3099380.44,1,374184.11
2021-11-20,6,14541058.75,3,8359919.47
2021-11-21,4,7619325,2,5178601.47
2021-11-22,1,3291751.16,0,0
2021-11-23,3,11843020.34,0,0
2021-11-24,6,18848369.17,2,7127777.19
2021-11-25,6,19484481.86,0,0
2021-11-26,6,16069196.04,4,10420319.41
2021-11-27,3,8048650.82,2,6164073.83
2021-11-28,7,18095047.94,3,9132063.55
2021-11-29,2,3135818.84,1,2906205.22
2021-11-30,2,3418701.85,1,1668070.48
2021-12-01,4,5966476.02,3,4077799
2021-12-02,3,11701700.61,1,4302390.55
2021-12-03,5,11709087.34,2,5119980.39
2021-12-04,4,14748225.24,2,8308591.18
2021-12-05,7,15175238.25,4,7219072.04
2021-12-06,2,8267064.05,2,8267064.05
2021-12-07,7,13719845.56,3,1124386.54
2021-12-08,3,12714491.63,1,4179817.57
2021-12-09,1,4352155.32,0,0
2021-12-10,2,8994801.05,1,4807426.13
2021-12-11,6,12143303.05,0,0
2021-12-12,6,16104303.14,1,2375050.43
2021-12-13,4,12093691.37,1,2952704.67
2021-12-14,5,10957541.69,3,5309910.62
2021-12-15,6,15351055.62,2,1387271.83
2021-12-16,2,4238812.68,0,0
2021-12-17,2,2987690.63,2,2987690.63
2021-12-18,5,16773602.06,2,4378802.57
2021-12-19,5,13127516.72,1,696887.33
2021-12-20,6,11832938.3,0,0
2021-12-21,3,12538966.35,0,0
2021-12-22,4,11302325.48,3,8667806.86
2021-12-23,6,12794754.37,2,5737217.97
2021-12-24,3,7158609.62,2,6006644.54
2021-12-25,4,5096658.54,1,1108982.03
2021-12-26,4,8042600.98,2,3801708.34
2021-12-27,4,14119351.1,2,7054009.69
2021-12-28,9,16453360.64,5,7258621.06
2021-12-29,11,27373651.66,5,11397524.28
2021-12-30,5,6221917.09,2,1811200.42
2021-12-31,7,13464308.13,3,3926305.18
2022-01-01,10,24606030.66,5,13539791.45
2022-01-02,3,2383516.98,1,568821.2
2022-01-03,5,13949130.09,1,848915.32
2022-01-04,7,20369340.3,1,4203657.49
2022-01-05,1,972277.67,1,972277.67
2022-01-06,4,11550951.85,2,8560512.73
2022-01-07,1,903110.6,0,0
2022-01-08,4,9467114.78,2,5288528.77
2022-01-09,5,9861561.54,2,6827105.44
2022-01-10,1,3865924.69,1,3865924.69
2022-01-11,7,18775607.74,2,7664900.28
2022-01-12,3,7767215.61,3,7767215.61
2022-01-13,4,8464305.75,2,4771862.02
2022-01-14,5,8771888.18,3,4109866.16
2022-01-15,5,5364682.9,2,3407115.62
2022-01-16,5,16094724.25,1,2237782.24
2022-01-17,3,5177613.9,1,2008644.54
2022-01-18,3,12350405.38,1,4127015.55
2022-01-19,4,6376017.28,2,3386986.63
2022-01-20,6,16140324.51,1,3733791.2
2022-01-21,5,15468919.69,3,9433572.71
2022-01-22,4,12131506.52,0,0
2022-01-23,1,3702256.61,0,0
2022-01-24,4,4147511.88,2,603192.41
2022-01-25,4,14499874,1,4424962.18
2022-01-26,3,11894641.18,1,4822451.27
2022-01-27,1,2850287.11,1,2850287.11
2022-01-28,7,16492839.89,4,9136438.07
2022-01-29,6,12531642.91,4,10043608.75
2022-01-30,1,3655840.56,1,3655840.56
2022-01-31,6,16388546.9,2,5505931.75
2022-02-01,4,17356078.69,1,4098155.92
2022-02-02,4,7755123.33,1,609683.36
2022-02-03,9,18479074.64,4,8756567.61
2022-02-04,3,8239044.3,2,5164780.01
2022-02-05,5,12377060.25,2,1677485.18
2022-02-06,3,6052407.37,3,6052407.37
2022-02-07,2,7326457.93,0,0
2022-02-08,4,8112692.51,2,2938019.36
2022-02-09,4,4585780.64,1,423802.33
2022-02-10,8,19879841.01,4,13194227.2
2022-02-11,3,10054327.34,0,0
2022-02-12,3,5335157.69,1,9642.77
2022-02-13,7,18607450.14,2,1909690.45
2022-02-14,7,23543052.48,3,10726923.1
2022-02-15,5,11627113.78,2,6850122.24
2022-02-16,6,17684307.15,4,11292825.17
2022-02-17,5,10330605.51,3,6564839.95
2022-02-18,5,9747126.37,3,7929971.45
2022-02-19,6,15199405.64,3,8837088
2022-02-20,5,18521237.5,1,1897397.8
2022-02-21,7,11527745.21,2,2734071.76
2022-02-22,9,24245187.03,1,3603640.83
2022-02-23,1,1623096.58,0,0
2022-02-24,2,6017553.1,1,3018558.66
2022-02-25,3,11227458.82,1,4406562.39
2022-02-26,6,12119943.01,5,8838806.57
2022-02-27,5,9194859.25,1,465017.2
2022-02-28,10,17881524.62,4,6172497.77
2022-03-01,8,18732256.03,3,9821673.24
2022-03-02,8,19332706,2,3777924.62
2022-03-03,4,10895790.98,2,6568088.95
2022-03-04,7,14779201.27,5,7424679.2
2022-03-05,5,14353355.6,2,4114943.91
2022-03-06,5,14544074.72,1,4078651.06
2022-03-07,7,20894832.14,3,7081510.55
2022-03-08,5,14275047.84,1,2163530.85
2022-03-09,8,21980472.61,2,8257216.18
2022-03-10,3,8583966.2,0,0
2022-03-11,3,6415780.58,2,2934245.02
2022-03-12,6,16826281.89,3,6824762.39
2022-03-13,4,12937743.44,3,8106047.5
2022-03-14,3,5772252.41,0,0
2022-03-15,3,8232134.44,0,0
2022-03-16,5,13067497.81,2,806974.17
2022-03-17,6,21395891.33,2,4942327.93
2022-03-18,3,7643366.58,1,139981.12
2022-03-19,2,4749754.88,2,4749754.88
2022-03-20,4,4872092.17,0,0
2022-03-21,7,17871948.76,2,8497424.17
2022-03-22,4,8772755.76,1,2467533.88
2022-03-23,3,2380760.8,1,628397.76
2022-03-24,9,22724233.34,4,9238575.29
2022-03-25,8,17153363.02,4,7591542.06
2022-03-26,3,7107033.35,2,6425716.23
2022-03-27,6,11004013.76,3,5759993.5
2022-03-28,3,4219694.82,0,0
2022-03-29,4,7494226.39,2,6291094.22
2022-03-30,6,10118545.59,3,4084971.2
2022-03-31,4,12022228.26,2,6029141.97
2022-04-01,8,21362937.16,5,14955582.67
2022-04-02,5,13827995.67,3,9927146.46
2022-04-03,3,6933660.22,0,0
2022-04-04,1,1486437.69,0,0
2022-04-05,3,6760460.68,1,3998257.49
2022-04-06,9,21360212.43,3,7134009.37
2022-04-07,6,19076552.94,0,0
2022-04-08,2,6128566.11,0,0
2022-04-09,10,18150950.85,4,7324368.26
2022-04-10,4,8408513.49,2,3964899.25
2022-04-11,3,8247744.16,2,4869497.18
2022-04-12,13,25799391.51,6,13680368.06
2022-04-13,6,21723474.62,4,13113762.56
2022-04-14,3,7538133.85,2,3630579.71
2022-04-15,4,14568161.6,2,6298488.67
2022-04-16,4,12706832.79,3,10586063.01
2022-04-17,9,13227002.16,6,7262342.9
2022-04-18,5,11260143.11,2,7187410.66
2022-04-19,3,12468554.75,1,3791972.75
2022-04-20,3,6623613.8,1,1256791.54
2022-04-21,4,9112248.67,1,3240864.99
2022-04-22,1,4899377.48,1,4899377.48
2022-04-23,7,17697389.29,1,4803506.02
2022-04-24,5,14579231.96,3,8360055.34
2022-04-25,4,10990611.91,3,8184208.02
2022-04-26,5,8200636.75,1,2148841.13
2022-04-27,9,21175726.56,2,2690661.55
2022-04-28,5,13948587.4,0,0
2022-04-29,3,8249771.1,0,0
2022-04-30,7,14941262.88,4,10263909.38
2022-05-01,6,16236414.76,3,8982678.49
2022-05-02,5,10468177.75,3,4217395.85
2022-05-03,6,21133746.24,2,5479299.39
2022-05-04,4,11277964.69,2,8556948.74
2022-05-05,6,15846548.96,0,0
2022-05-06,5,14393618.32,2,4636693.45
2022-05-07,3,10545105.82,2,6439271.73
2022-05-08,2,6527103.52,1,2488757.6
2022-05-09,5,15387193.28,1,2652728.76
2022-05-10,6,20508067.15,2,6507066.51
2022-05-11,8,19048357.92,4,8830623.35
2022-05-12,3,7101934.8,1,3834169.24
2022-05-13,6,13507653.56,2,6071998.15
2022-05-14,2,3991548.96,0,0
2022-05-15,5,13417831.73,2,4472868.06
2022-05-16,5,10499115.35,1,387954.79
2022-05-17,5,13461229.26,2,4998930.09
2022-05-18,4,10161138.18,4,10161138.18
2022-05-19,4,10724772.6,4,10724772.6
2022-05-20,9,14829936.65,5,8693181.48
2022-05-21,7,15324587.87,2,5348134.97
2022-05-22,7,21702827.48,1,3188012.6
2022-05-23,6,10413804.79,4,8037149.97
2022-05-24,10,29597629.56,1,2963107.02
2022-05-25,3,7446716.63,0,0
2022-05-26,7,15450058.47,2,3159755.66
2022-05-27,2,6113152.9,2,6113152.9
2022-05-28,9,21366554.83,4,3079524.33
2022-05-29,9,23599842.27,4,7831349.67
2022-05-30,3,6697482.53,2,5157769.05
2022-05-31,3,11271702.41,2,8213306.99
2022-06-01,5,13008927.93,2,8164159.6
2022-06-02,5,12778972.65,2,4981752.45
2022-06-03,5,9341897.29,2,1211899.1
2022-06-04,6,13770130.15,1,286797.93
2022-06-05,6,23546044.22,1,3544588.01
2022-06-06,4,11820743.61,0,0
2022-06-08,2,6910361.43,1,3187538.33
2022-06-09,9,25850950.86,0,0
2022-06-10,6,13443214.19,1,4862320.6
2022-06-11,6,17490556.16,0,0
2022-06-12,5,11434850.99,2,2743878.79
2022-06-13,2,2666698.03,1,1440981.03
2022-06-14,9,21263582.87,4,10773219.9
2022-06-15,7,14828269.73,3,3610670.94
2022-06-16,6,10959399.1,2,5772214.8
2022-06-17,4,11015623.78,0,0
2022-06-18,1,614128.97,1,614128.97
2022-06-19,7,16894595.79,1,2287887.37
2022-06-20,5,18382822.59,5,18382822.59
2022-06-21,8,18951555.16,3,7045206.87
2022-06-22,10,27014454.27,3,6031221.02
2022-06-23,2,4181373.57,1,3814073.91
2022-06-24,2,2168075.88,0,0
2022-06-25,4,9494143.26,2,4432245.75
2022-06-26,4,10114618.14,2,4854784.11
2022-06-27,6,16456173.15,4,8902918.03
2022-06-28,9,21524489.95,4,7423867.65
2022-06-29,6,16081212.15,1,3474249.06
2022-06-30,4,5939066.64,0,0
2022-07-01,5,13488775.7,2,4606117.48
2022-07-02,4,7925765.09,1,1879610.54
2022-07-03,6,6713361.19,2,863044.92
2022-07-04,5,13018488,1,4394219.84
2022-07-05,3,6152600.9,1,1639373.63
2022-07-06,7,13043890.34,4,8172774.72
2022-07-07,8,19570055.45,1,534430.78
2022-07-08,8,24213985,2,2164360.85
2022-07-09,9,12910541.06,4,5524670.33
2022-07-10,2,7456907.83,1,2496207.44
2022-07-11,6,15038998.78,1,3713548.43
2022-07-12,7,15494480.6,2,3327790.24
2022-07-13,3,5795609.1,2,5092685.9
2022-07-14,6,19528755.1,1,2810081.09
2022-07-15,2,3983470.42,1,1577028.39
2022-07-16,5,8899548.54,2,4869159.58
2022-07-17,11,29095130.44,1,2952502.95
2022-07-18,7,22243973.13,2,8255842.35
2022-07-19,10,21462603.93,3,11869652.35
2022-07-20,4,12276935.44,2,4850572.31
2022-07-21,9,24729876.31,4,11875014.07
2022-07-22,6,14786055.07,2,7165578.65
2022-07-23,8,23327697.01,3,10781479.28
2022-07-24,5,10211011.25,2,6306581.93
2022-07-25,3,4937252.51,1,923207.16
2022-07-26,3,5115623.61,0,0
2022-07-27,7,18427104.11,4,7825300.05
2022-07-28,9,30832665.69,6,18629567.39
2022-07-29,8,21333903.52,3,8538855.39
2022-07-30,4,9965825.66,1,2145735.65
2022-07-31,5,9914165.03,3,6293209.15
2022-08-01,5,16575497.89,2,6207061.32
2022-08-02,6,12362472.31,2,2990513.25
2022-08-03,8,14578032.82,6,10235052.86
2022-08-04,6,14430340.43,1,399032.64
2022-08-05,5,10313644.96,1,260238.23
2022-08-06,4,5265531.19,3,4445467.54
2022-08-07,4,11920588.95,2,5307192.8
2022-08-08,6,10195414.24,1,854374.34
2022-08-09,9,14513232.9,3,3905179.38
2022-08-10,7,16090921.5,3,5670966.22
2022-08-11,5,8518776.5,1,506275.67
2022-08-12,5,14668756.89,3,7593121.33
2022-08-13,3,4143962.63,1,336212.4
2022-08-14,8,19175518.84,2,4042388.86
2022-08-15,8,21996438.01,1,430387.17
2022-08-16,4,6317981.38,2,5164597.26
2022-08-17,6,14520919.42,1,153602.51
2022-08-18,4,12115057.98,2,5249088.44
2022-08-19,4,5114030.59,2,2772767.62
2022-08-20,8,21989328.85,2,6041494.89
2022-08-21,5,17407511.09,3,9304973.97
2022-08-22,4,7898934.54,0,0
2022-08-23,5,5880767.25,3,2231824.8
2022-08-24,9,21635308.74,4,8264453.79
2022-08-25,5,12210532.73,4,11426993.9
2022-08-26,6,13666951.15,1,4842440.7
2022-08-27,5,7382234.24,3,2712410.64
2022-08-28,8,18922744.32,2,3257950.42
2022-08-29,8,19506935.39,1,1616490.87
2022-08-30,7,14927648.23,2,5075880.9
2022-08-31,3,7611238.16,1,3348277.46
2022-09-01,4,13303656.36,1,3896463.26
2022-09-02,5,13363575.28,1,3068389.95
2022-09-03,11,25502755.08,6,12694133.63
2022-09-04,9,23089346.87,4,14558600.6
2022-09-05,8,24764059.81,3,9950258.49
2022-09-06,8,17619753.66,1,2566037.77
2022-09-07,3,7621492.19,2,2661091.54
2022-09-08,5,10707666.04,4,9438907.66
2022-09-09,4,11668767.96,0,0
2022-09-10,4,7290869.71,1,1911034.07
2022-09-11,4,11480093.87,0,0
2022-09-12,5,15336266.5,3,8113302.64
2022-09-13,5,12492699,1,3216326.8
2022-09-14,7,24292939.03,4,14602975.95
2022-09-15,7,13707741.3,5,8643666.08
2022-09-16,5,13562350.21,1,3679265.08
2022-09-17,9,27543384.46,8,22836424.32
2022-09-18,6,17179011.08,1,2795748.72
2022-09-19,6,15597910.46,3,9120281.81
2022-09-20,4,7035581.2,2,4780482.59
2022-09-21,5,12463557.65,1,1221874.43
2022-09-22,7,20482663.04,2,5744917.97
2022-09-23,9,28133085.5,6,18945199.64
2022-09-24,9,22618512.01,2,3464811.71
2022-09-25,5,16087604.38,2,8011306.4
2022-09-26,5,14090346.83,2,5345973.69
2022-09-27,8,18951049.02,6,11481366.63
2022-09-28,5,10458338.42,4,9135949.57
2022-09-29,8,12540261.8,3,7250227.9
2022-09-30,9,24614820.26,6,18379722.35
2022-10-01,11,27449157.32,6,17362635.67
2022-10-02,8,26047312.8,3,11451431.83
2022-10-03,6,11427101.81,2,2196099.21
2022-10-04,8,20404278.12,5,11676027.9
2022-10-05,4,8689260.66,2,4203555.34
2022-10-06,6,9956389.55,1,4064485.87
2022-10-07,7,16678800.78,1,4697615.7
2022-10-08,10,28609097.35,5,16140326.49
2022-10-09,9,18068899.93,5,8444140.49
2022-10-10,9,22236219.93,3,6794019.36
2022-10-11,9,22676743.32,7,16612331.24
2022-10-12,4,8683058.34,1,242340.81
2022-10-13,10,22547340.99,3,8200915.4
2022-10-14,8,13579054.9,0,0
2022-10-15,7,23076150.59,3,11715055.48
2022-10-16,4,9016351.28,1,4171605.14
2022-10-17,9,17158171.2,5,7588127.6
2022-10-18,8,14120624.71,3,2973385.79
2022-10-19,4,7734041.58,2,4782848.02
2022-10-20,9,18849363.05,5,7685220.26
2022-10-21,4,13651781.56,1,4162158.09
2022-10-22,12,26949522.6,7,13978621.86
2022-10-23,5,19034281.97,2,9026039.02
2022-10-24,10,26800291.96,5,11668343.86
2022-10-25,3,5551821.33,2,1277151.19
2022-10-26,7,19409933.12,3,9877427.76
2022-10-27,3,6259288.03,1,3062049.62
2022-10-28,9,19030429.64,3,10328072.43
2022-10-29,13,27368834.1,4,5943795.16
2022-10-30,11,24048217.97,8,15570420.2
2022-10-31,6,20174825.66,2,4454338.62
2022-11-01,9,17892684.64,4,11332682.61
2022-11-02,11,28152520.61,5,14310147.25
2022-11-03,6,17454953.14,2,4806321.02
2022-11-04,8,15096160.65,2,3157030.35
2022-11-05,5,13297228.99,2,6881074.51
2022-11-06,14,29556253.68,9,20489631.78
2022-11-07,4,10038208.65,2,3320374.78
2022-11-08,4,14390125.57,1,4647959.16
2022-11-09,6,21286342.96,2,7257887.54
2022-11-10,7,22409825.79,1,2749340.1
2022-11-11,4,9008076.53,2,584993.85
2022-11-12,9,20968137.54,3,5196164.74
2022-11-13,8,20676998.37,2,7659755.27
2022-11-14,9,21009110.04,5,10784811.38
2022-11-15,4,14388876.04,1,2481357.51
2022-11-17,14,36857958.67,8,19920364.43
2022-11-18,7,21545568.79,2,5993555.81
2022-11-19,10,22774888.32,3,7373411.61
2022-11-20,7,16430624.98,6,15272664.13
2022-11-21,7,17722765.55,2,4431205.45
2022-11-22,6,22700030.66,5,18882412.71
2022-11-23,5,11569541.49,1,3449224.56
2022-11-24,13,39278431.72,6,16759502.09
2022-11-25,6,19807912.59,2,5023783.2
2022-11-26,9,26792339.67,5,12433340.7
2022-11-27,13,31202902.84,4,5594921.21
2022-11-28,8,21199974.45,3,8805768.07
2022-11-29,8,19346900.67,6,15978063.48
2022-11-30,9,24609226.54,3,9318305.26
2022-12-01,2,5842005.64,1,3958419.45
2022-12-02,8,19788451.52,2,5065894.14
2022-12-03,4,2880333.87,1,1916803.41
2022-12-04,7,17687545.51,3,5050407.95
2022-12-05,7,15644961.4,3,4038101.2
2022-12-06,8,17314141.52,4,8534799.74
2022-12-07,7,13261764.89,1,669063.92
2022-12-08,10,22876743.19,2,5372679.31
2022-12-09,6,15467560.44,4,8999758.66
2022-12-10,8,19127830.7,3,3755199.62
2022-12-11,8,21150159.68,5,13570801.16
2022-12-12,6,13639105.32,4,6781957.13
2022-12-13,6,19786855.34,3,7915937.71
2022-12-14,8,20180031.31,6,17281235.01
2022-12-15,7,25759760.64,2,8741733.22
2022-12-16,9,21797460.15,4,8574537.45
2022-12-17,7,12072534.33,4,4872214.81
2022-12-18,7,17315687.59,4,9586459.47
2022-12-19,3,8284612.39,2,5343374.26
2022-12-20,11,30741029.98,4,9222881.38
2022-12-21,11,28085090.29,3,5689379.57
2022-12-22,9,25339145.87,6,18212035.51
2022-12-23,5,8006723.06,4,7687084.35
2022-12-24,7,20229090.48,2,3466094.96
2022-12-25,11,30057493.62,4,10799853.04
2022-12-26,8,19897871.87,6,15694265.28
2022-12-27,6,11736970.1,0,0
2022-12-28,14,41987925.41,3,12087514.2
2022-12-29,8,22601461.76,2,7482197.53
2022-12-30,5,9966897.45,0,0
2022-12-31,4,9984416.36,1,28872.29
2023-01-01,8,25000781.63,2,6056977.63
2023-01-02,4,9765078.09,2,3801157.62
2023-01-03,4,8480726.46,1,2704783.83
2023-01-04,2,9014346.53,2,9014346.53
2023-01-05,11,19259469.01,2,1800585.52
2023-01-06,11,29336598.7,4,13186114.92
2023-01-07,2,5124094.55,1,4807604.11
2023-01-08,7,19708055.2,1,3141788.65
2023-01-09,13,34709538.88,4,15224800.04
2023-01-10,5,15222644.91,4,10352932.51
2023-01-11,14,32169891.87,5,12062386.28
2023-01-12,16,45175663.73,8,21696650.77
2023-01-13,6,15454170.04,2,6870718.66
2023-01-14,5,8915483.01,1,801001.91
2023-01-15,9,17522953.91,8,15835786.91
2023-01-16,3,8273556.33,2,5130880.39
2023-01-17,10,26376283.19,3,8013753.12
2023-01-18,8,17346008.39,3,744002.95
2023-01-19,7,19563316.54,5,12744735.87
2023-01-20,6,12502686.09,1,2674356.25
2023-01-21,9,23957330.24,3,7737023.72
2023-01-22,8,15932306.98,3,3743001.45
2023-01-23,6,17254423.27,3,8982480.66
2023-01-24,7,18749307.19,6,16620892.96
2023-01-25,12,17685234.94,6,10642337.81
2023-01-26,12,27562053.38,3,4696455.4
2023-01-27,4,15144352.71,1,3266201.31
2023-01-28,9,31527516.27,4,12707181.56
2023-01-29,7,15850516.47,4,8960394.4
2023-01-30,9,15900412.19,3,6871977.77
2023-01-31,12,19963537.09,5,8763962.17
2023-02-01,8,19841789.19,3,7711134.24
2023-02-02,4,10421666.53,0,0
2023-02-03,11,25446321.27,6,11746777.9
2023-02-04,9,25005979.66,4,9386792.12
2023-02-05,10,18537959.32,6,14704697.05
2023-02-06,14,32187313.37,6,12962406.67
2023-02-07,8,21200924.81,4,12361493.68
2023-02-08,8,25987425.66,3,8572181.83
2023-02-09,9,30742024.98,3,12349431.92
2023-02-10,7,18413178.13,3,9778991.22
2023-02-11,5,16503147.87,3,8250484.61
2023-02-12,8,13630495.32,4,7656106.35
2023-02-13,6,12695419.65,3,6839457.43
2023-02-14,12,24155549.3,7,13974877.24
2023-02-15,8,24203322.02,1,3313299.18
2023-02-16,11,33439090.79,5,13421475.94
2023-02-17,6,12528471.02,2,3286079.12
2023-02-18,15,22205269.5,7,6120864.99
2023-02-19,13,29171443.6,5,12547611.11
2023-02-20,7,14880598.72,3,2471916.52
2023-02-21,10,24539374.1,6,15634727.55
2023-02-22,10,19635285.76,4,7324038.55
2023-02-23,4,7364720.27,1,1180523.91
2023-02-24,7,23125998.58,4,12129854.98
2023-02-25,7,22445514.24,3,8983175.01
2023-02-26,11,20974365.13,5,12390425.89
2023-02-27,9,17706003.96,2,3019387.59
2023-02-28,4,12158740.1,1,667090.03
2023-03-01,4,8618621.41,3,5463639.82
2023-03-02,8,25835039.67,2,7862829.57
2023-03-03,11,28701225.99,5,9359411.39
2023-03-04,5,12306233.96,2,4199748.98
2023-03-05,7,13891630.26,4,10754261.32
2023-03-06,10,15044627.83,4,7398562.12
2023-03-07,6,14144852.99,3,8702842.81
2023-03-08,6,6737633.48,3,2911227.6
2023-03-09,11,27613282.87,5,16212063.77
2023-03-10,10,21196853.49,3,6818548.75
2023-03-11,8,22464342.32,3,9897743.48
2023-03-12,5,10935960.18,2,4185796.04
2023-03-13,10,32622333.37,3,11148574.76
2023-03-14,16,58273193.18,6,22074444.5
2023-03-15,13,29559253.72,7,16207107.71
2023-03-16,11,27012330.58,4,12928396.88
2023-03-17,11,24180792.07,5,10173176.88
2023-03-18,10,25858049.61,3,6989606.38
2023-03-19,8,25139369.22,6,18064773.54
2023-03-20,10,18848288.06,3,3727391.49
2023-03-21,7,22630469.79,3,11626444.39
2023-03-22,7,16575931.89,3,6635136.09
2023-03-23,8,24954619.9,3,12061296.29
2023-03-24,4,11723544.34,0,0
2023-03-25,6,16300527.04,3,11474730.12
2023-03-26,12,19481738.42,4,3721688.76
2023-03-27,3,9935242.26,1,4900468.98
2023-03-28,11,31699322.08,3,10536903.32
2023-03-29,10,25763036.68,7,19203236.27
2023-03-30,9,27159886.98,5,15630904.98
2023-03-31,7,18126580.54,4,11575781.16
2023-04-01,11,26887014.36,8,18842885.65
2023-04-02,10,20525776.86,5,10828809.15
2023-04-03,9,25149691.43,4,13192185.92
2023-04-04,6,13574527.19,5,10543814.37
2023-04-05,14,32786851.74,6,11865341.17
2023-04-06,10,24872475.33,3,7033432.38
2023-04-07,11,25364464.23,9,22347256.92
2023-04-08,5,11021919.9,2,4686626.68
2023-04-09,11,19157069.54,3,4483908.73
2023-04-10,8,21161626.1,2,3922073.01
2023-04-11,14,39606622.1,8,22710641.21
2023-04-12,15,39715294.13,11,27044044.96
2023-04-13,10,17159194.85,2,3410716.51
2023-04-14,11,26713342.4,3,9307536.03
2023-04-15,13,27777172.21,3,5050735.91
2023-04-16,19,54927257.11,9,18694540.78
2023-04-17,14,27837733.14,7,18013066.07
2023-04-18,6,17735372.06,4,9549987.82
2023-04-19,4,13387922.86,2,8038627.04
2023-04-20,12,25087508.28,5,11041214.68
2023-04-21,9,18171307.2,5,12868044.14
2023-04-22,8,23051425.82,2,6843379.07
2023-04-23,5,12399599.6,2,5755615.76
2023-04-24,5,6986553.25,0,0
2023-04-25,7,22794180.05,2,4601534.98
2023-04-26,13,17183416.96,4,4505787.42
2023-04-27,11,33154627.68,6,19966703.44
2023-04-28,11,21316685.71,4,8469924.09
2023-04-29,9,22179335.73,5,17547116.62
2023-04-30,9,32043155.14,6,19058800.04
2023-05-01,9,20623661.45,4,7147701.73
2023-05-02,6,19898300.72,0,0
2023-05-03,14,33143102.04,4,11164125.85
2023-05-04,5,15833863.09,2,5569103.76
2023-05-05,3,9843411.11,2,8703348.35
2023-05-06,16,37010805.32,9,22993203.09
2023-05-07,14,35558271.39,6,17797131.12
2023-05-08,15,32371845.76,9,21404587.81
2023-05-09,10,25337413.11,7,20807730.02
2023-05-10,14,31486601.81,2,4701604.95
2023-05-11,11,26386325.87,7,16299759.7
2023-05-12,6,12224674.51,2,5145332.41
2023-05-13,10,25561261.16,3,10350556.16
2023-05-14,4,9116794.05,3,4573749.08
2023-05-15,12,36254720.59,5,10902495.41
2023-05-16,11,31802650.96,3,8335810.52
2023-05-17,10,20152749.33,4,11059712.64
2023-05-18,9,18287895.89,4,6877913.18
2023-05-19,7,11357254.67,3,4260881.75
2023-05-20,19,56966709.54,5,17399706.59
2023-05-21,8,19104486.04,2,5220737.55
2023-05-22,20,58001942.29,7,19953929.68
2023-05-23,17,38228676.34,8,19901409.05
2023-05-24,15,27426380.31,10,16126559.45
2023-05-25,10,28434250.07,5,16421095.97
2023-05-26,9,23740464.83,4,11210610.54
2023-05-27,12,31167474.3,6,14844093.55
2023-05-28,7,12612112.58,3,7820425.01
2023-05-29,7,20572838.73,5,13140212.14
2023-05-30,9,20696160.83,3,4471183.5
2023-05-31,7,15796469.63,4,9961826.16
2023-06-01,10,29153267.63,4,12008124.37
2023-06-02,10,25708244.87,4,13050267.64
2023-06-03,12,24307235.4,4,12724466.72
2023-06-04,4,9526653.99,1,1606908.26
2023-06-05,8,20580555.93,3,5444043.47
2023-06-06,13,35713902.99,7,18450790.24
2023-06-07,9,19960250.32,6,12251289.31
2023-06-08,8,22236965.05,2,3197530.06
2023-06-09,10,31306299.92,5,15126341.28
2023-06-10,12,34616736.94,7,21587627
2023-06-11,11,23877745.87,5,13307899.34
2023-06-12,13,38506282.97,4,12635623.84
2023-06-13,12,26943450.88,4,1522716.46
2023-06-14,8,22046555.68,4,11727558.69
2023-06-15,8,21430335.56,5,11097502.14
2023-06-16,6,20298941.46,1,659450.85
2023-06-17,9,32219304.98,8,30189596.9
2023-06-18,9,18429158.14,3,7533225.83
2023-06-19,5,16138838.92,2,5080633.79
2023-06-20,9,23528498.51,3,9644391.36
2023-06-21,10,27906217.94,2,2863278.52
2023-06-22,10,20472069.93,5,14063477.56
2023-06-23,12,33876566.72,5,15717519.52
2023-06-24,8,16533350.82,4,7072731.78
2023-06-25,12,27793813.99,2,4434188.77
2023-06-26,9,16867503.71,5,6509033.63
2023-06-27,10,26535411.27,5,15305884.5
2023-06-28,11,30947792.36,5,14843281.53
2023-06-29,7,14504203.04,4,10599649.6
2023-06-30,7,14932448.48,2,2197944.99
2023-07-01,12,32243877.96,6,13301099.95
2023-07-02,10,27711917.09,6,17828321.4
2023-07-03,9,14399251.93,4,7493626.47
2023-07-04,13,24612450.44,7,15639402.67
2023-07-05,19,41909159.66,7,16433742.72
2023-07-06,8,15622914.42,6,11893397.35
2023-07-07,13,33506250.02,4,5487325.36
2023-07-08,11,25343207,3,5480515.48
2023-07-09,11,28721744.15,4,8079963.66
2023-07-10,5,9669864.39,1,3468738.09
2023-07-11,9,28494358.73,3,10027367.13
2023-07-12,7,21015711.6,3,8312905.75
2023-07-13,19,42177625.84,12,23247255.44
2023-07-14,13,31065121.65,5,8373754.16
2023-07-15,10,25483769.32,4,5327486.69
2023-07-16,8,15942206.42,0,0
2023-07-17,15,44505325.23,4,15395925.76
2023-07-18,10,23539141.91,5,12958946.72
2023-07-19,13,25786242.16,3,5720340.16
2023-07-20,9,25747100.39,2,5908282.19
2023-07-21,9,25783073.84,2,8890487.38
2023-07-22,14,37793081.38,5,15182249.03
2023-07-23,8,18132356.03,3,7980772.15
2023-07-24,9,24642288.13,4,10008557.62
2023-07-25,14,26099263.59,6,10435861.49
2023-07-26,24,64396044.29,13,38095612.15
2023-07-27,11,21840112.68,2,3365312.8
2023-07-28,10,18317150.1,2,3675101.93
2023-07-29,9,24944224.1,2,5772516.7
2023-07-30,5,13946686.48,2,5437472.73
2023-07-31,7,18603321.91,2,6631611.63
2023-08-01,10,20091076.43,3,6850216.65
2023-08-02,18,55040671.9,8,25272518.85
2023-08-03,13,31210503.2,7,14487172.58
2023-08-04,7,9116972.62,4,5875830.15
2023-08-05,10,25452752.36,4,13059786.46
2023-08-06,12,28623655.87,7,15193401.45
2023-08-07,13,31138625.01,7,13452709.11
2023-08-08,16,31612010.41,7,19378478.49
2023-08-09,11,29469705.83,4,13364351.14
2023-08-10,10,20292285.42,2,5536740.34
2023-08-11,6,12455566.77,3,8004509.71
2023-08-12,8,17329535.46,2,5686834.64
2023-08-13,14,39347140.69,6,23200161.5
2023-08-14,11,28108166.41,5,12323626.6
2023-08-15,10,25027414.57,3,10392882.05
2023-08-16,13,31753931.58,5,11584069.41
2023-08-17,9,24162360.71,1,3234064.11
2023-08-18,12,30807987.53,4,15316632.94
2023-08-19,8,26212423.69,6,20576021.84
2023-08-20,8,11585386.51,5,6799783.95
2023-08-21,11,28012721.56,7,15376887.6
2023-08-22,9,21236285.22,4,9222164.26
2023-08-23,13,30047534.07,6,15678664.65
2023-08-24,10,18842195.3,4,5895333.19
2023-08-25,7,16749258.35,3,4200435.46
2023-08-26,6,13148432.04,1,1211149.3
2023-08-27,14,22690120.6,8,11255759.63
2023-08-28,4,13140183.23,3,9752924.43
2023-08-29,15,36316372.21,4,12227533.44
2023-08-30,11,29091007.18,4,7620403.21
2023-08-31,15,42883581.29,11,31074087.74
2023-09-01,14,31454078.63,7,13970064.78
2023-09-02,5,16666300.53,1,2824915.53
2023-09-03,10,22581264.91,4,11538125.28
2023-09-04,11,23626694.61,5,5777732.5
2023-09-05,8,13100605.72,4,9241167.3
2023-09-06,10,38324747.13,3,9076475.25
2023-09-07,12,23737826.31,6,12402536.7
2023-09-08,16,44550857.49,9,21948633.24
2023-09-09,18,43573364.7,7,22069352.03
2023-09-10,13,35638116.62,5,15381982.81
2023-09-11,14,50123646.88,9,31609421.06
2023-09-12,9,18775023.55,4,10635392.17
2023-09-13,18,53557399.99,12,33891485.35
2023-09-14,6,15204900.48,3,8881201.95
2023-09-15,11,30714935.73,2,3637327.55
2023-09-16,14,31550696.5,8,15461474.66
2023-09-17,12,25982291.72,4,8891439.31
2023-09-18,10,21566344.2,4,7560341.98
2023-09-19,5,13587462.02,2,4766012.72
2023-09-20,17,43304642.9,9,30124374.04
2023-09-21,11,21778737.22,7,13709729.96
2023-09-22,14,38123284.06,4,9311242.21
2023-09-23,11,34832730.64,3,8016308.58
2023-09-24,13,28774216.9,5,11117288.42
2023-09-25,12,22337054.34,5,11191853.82
2023-09-26,5,14028600.3,4,9597793.54
2023-09-27,12,29297743.59,5,12496817.43
2023-09-28,9,21703641.54,5,13169003.6
2023-09-29,6,21373559.08,3,8788114.13
2023-09-30,6,14965792.48,2,2513442.56
2023-10-01,14,37302030.88,4,7952001.58
2023-10-02,15,44199285.25,5,15782679.67
2023-10-03,8,12992136.47,3,2396510.6
2023-10-04,14,31568700.85,8,13863701.49
2023-10-05,10,21733850.41,2,5791790.53
2023-10-06,8,22005575.52,1,2104049.67
2023-10-07,9,18475151.11,4,7866585.52
2023-10-08,11,35727255.75,6,20172149
2023-10-09,15,37024522.61,9,19945114.91
2023-10-10,13,35679138.29,6,13643382.05
2023-10-11,14,31823635.76,2,3812279.12
2023-10-12,9,15674340.39,5,14436054.77
2023-10-13,16,32796907.7,1,8926.64
2023-10-14,7,21470248.41,1,2559908.42
2023-10-15,15,39417427.57,9,25335290.66
2023-10-16,6,8889334.95,3,3434798.17
2023-10-17,11,33956093.89,5,18994741.33
2023-10-18,11,27149179.82,5,11818046.43
2023-10-19,12,39766011.02,4,11098143.65
2023-10-20,10,15795437.15,6,14582567.25
2023-10-21,9,28343087.73,3,6865648.38
2023-10-22,16,30654413.04,7,14557546.61
2023-10-23,16,35033299.32,11,24639567.63
2023-10-24,13,31172009.36,7,16744311.65
2023-10-25,12,25689932.44,2,4182356.99
2023-10-26,11,26531861.62,4,9716335.92
2023-10-27,12,32571396.03,3,6636765.79
2023-10-28,13,34614352.06,8,21479941.28
2023-10-29,12,25907247.47,2,5670435.78
2023-10-30,14,28888747.49,6,11581310.12
2023-10-31,7,17047262.64,2,3354442.58
2023-11-01,14,24892771.16,6,10858469.03
2023-11-02,13,32931053.25,9,22597876.43
2023-11-03,17,41379830.36,12,29241792.99
2023-11-04,13,29827097.74,3,6302313.77
2023-11-05,19,48708547.34,6,12794640
2023-11-06,9,26791763.05,3,9079767
2023-11-07,11,30986741.55,5,12280488.5
2023-11-08,7,18878553.58,4,11380117.23
2023-11-09,9,16067073.14,4,5152089.82
2023-11-10,18,47953067.51,13,33005152.21
2023-11-11,15,40199054.23,7,15982710.52
2023-11-12,13,28661737.34,7,14314615.26
2023-11-13,20,43323200.33,9,21446029.05
2023-11-14,13,30885227.11,5,8924538.8
2023-11-15,17,46602021.79,5,14198286.65
2023-11-16,15,45775033.74,5,14608015.99
2023-11-17,18,42344205.22,8,22259743.04
2023-11-18,16,40728294.22,9,22928785.71
2023-11-19,10,27217037.77,6,16520287.17
2023-11-20,9,23567714.32,4,9690897.24
2023-11-21,8,14644420.19,1,484252.17
2023-11-22,14,32611467.49,7,12824652.57
2023-11-23,14,30542461.91,6,11819361.43
2023-11-24,16,38250494.74,6,14895871.1
2023-11-25,16,48271215.58,8,24803008.51
2023-11-26,10,29109338.78,4,8701038.87
2023-11-27,10,31917641.51,5,16275112.64
2023-11-28,11,23261234.99,6,11217583.18
2023-11-29,15,37893684.27,9,17835695.32
2023-11-30,17,47718248.19,8,21804969.36
2023-12-01,13,22815859.72,5,9380872.34
2023-12-02,11,25929083.03,6,16320939.14
2023-12-03,26,59048345.34,13,34523453.1
2023-12-04,15,37580357.98,9,21762162.74
2023-12-05,15,47250028.92,7,23714380.15
2023-12-06,9,22653654.1,2,7232566.26
2023-12-07,13,26695506.76,3,4680546.46
2023-12-08,12,25004568.27,5,7916519.72
2023-12-09,14,39835476.11,6,18318661.9
2023-12-10,15,45836307.99,10,31941221.92
2023-12-11,13,35586440.62,3,9258746.08
2023-12-12,15,41964195.35,6,18896303.33
2023-12-13,16,37073901.34,6,16054654.84
2023-12-14,15,36655655.7,5,13449130.3
2023-12-15,11,29131659.83,6,17046231.36
2023-12-16,12,29386528.82,5,10842585.11
2023-12-17,19,48982635.42,8,16305753.64
2023-12-18,22,49407819.82,9,19634204.79
2023-12-19,25,67362553.79,10,29147599.47
2023-12-20,20,46218309.74,8,12849766.58
2023-12-21,17,40113828.41,5,17632068.4
2023-12-22,19,40685234.06,13,28456268.74
2023-12-23,20,56047507.51,9,24422535.15
2023-12-24,13,30170381.23,10,22944745.94
2023-12-25,16,36548968.38,6,15602046.54
2023-12-26,5,12073110.23,1,1577895.22
2023-12-27,14,27929183.35,5,12350645.36
2023-12-28,13,32269889.76,7,13648202.32
2023-12-29,15,31956705.9,1,1615489.4
2023-12-30,15,41341816.34,7,14976276.79
2023-12-31,12,36652116.58,4,13575877.94
2024-01-01,7,20553128.75,4,11133343.04
2024-01-02,20,41971520.01,10,18743812.81
2024-01-03,14,40142386.51,8,21860416.59
2024-01-04,20,52913504.84,8,21961801.32
2024-01-05,14,34306332.15,9,24148018.94
2024-01-06,15,42179561.97,9,24097856.69
2024-01-07,13,27093374.63,6,15726600.21
2024-01-08,11,28794450.68,2,6596887.04
2024-01-09,12,37288466.25,5,19436640.75
2024-01-10,13,36934744.91,5,17377669.94
2024-01-11,16,36719086.76,9,20371554.24
2024-01-12,10,27534003.87,6,18020899.05
2024-01-13,14,33940181.96,5,9927883.49
2024-01-14,20,45973946.35,8,18180029.78
2024-01-15,20,40261713.92,11,20255343.93
2024-01-16,18,44387833.14,4,13414254.48
2024-01-17,25,61812909.63,12,25921277.67
2024-01-18,18,37946981.22,8,15587223.12
2024-01-19,12,20767961.3,4,3425001.44
2024-01-20,16,43034526.64,7,15048014.27
2024-01-21,16,43614125.82,3,7709177.01
2024-01-22,14,19959516.59,10,15579062
2024-01-23,18,45838896.32,9,19663986.31
2024-01-24,12,32734122.51,6,17813288.57
2024-01-25,13,29665971.26,8,20165888.07
2024-01-26,15,41915001.38,5,12212922.16
2024-01-27,17,36381993.46,8,12015736.3
2024-01-28,16,43072018.98,8,23812889.22
2024-01-29,14,36781340.76,5,14704048.73
2024-01-30,16,38130387.07,9,20666742.94
2024-01-31,14,35457893.74,3,7113611.15
2024-02-01,19,62711413.21,7,20820216.83
2024-02-02,19,40575423.84,6,8259522.83
2024-02-03,15,43331697.74,10,29640120.27
2024-02-04,14,22911446.66,5,10377309.71
2024-02-05,19,54745296.21,9,27487257.24
2024-02-06,16,45879979.83,8,27310505.95
2024-02-07,21,49828467.07,9,18019084.94
2024-02-08,15,43679765.06,5,18624858.87
2024-02-09,19,61723545.28,8,29992982.99
2024-02-10,15,37613063.2,9,19519811.54
2024-02-11,14,35186437.75,3,4240333.13
2024-02-12,24,58043665.19,9,21841939.27
2024-02-13,10,23273259.77,3,5794737.54
2024-02-14,11,31444418.84,5,16021175.48
2024-02-15,23,60252497.69,15,42468226.51
2024-02-16,24,55003971.32,7,12340140.24
2024-02-17,9,26126657.95,6,17368055.82
2024-02-18,20,59999522.92,10,34440312.6
2024-02-19,25,58718323.13,14,35966790.79
2024-02-20,17,51159950.72,6,19008020.25
2024-02-21,12,29307135.77,5,16884809.22
2024-02-22,10,24534309.24,1,4398682.15
2024-02-23,22,53424130.91,8,14182158.51
2024-02-24,20,50673320.76,9,23296081.21
2024-02-25,17,51540936.55,8,25287102.26
2024-02-26,16,31773949.31,6,8401306.38
2024-02-27,13,28550287.39,7,18424407.11
2024-02-28,24,53837365.89,9,13440067.79
2024-02-29,12,33408598,4,12941579.69
2024-03-01,21,49920659.82,8,14508418.48
2024-03-02,22,50337350.07,10,24605228.8
2024-03-03,18,50103390.67,7,17501921.8
2024-03-04,9,26816885.31,6,17051289.27
2024-03-05,20,47982348.28,8,14683522.87
2024-03-06,19,49986422.71,7,23641875.1
2024-03-07,16,33235581.76,5,9788405.09
2024-03-08,12,28373987.99,6,12766428.85
2024-03-09,12,28119614.71,7,18372090.96
2024-03-10,24,56117128.31,9,20034577.55
2024-03-11,12,23562203.36,4,6305631.31
2024-03-12,24,74234213.63,13,41809425.59
2024-03-13,12,31965315.48,3,5054054.75
2024-03-14,13,31570098.49,5,11233124.1
2024-03-15,18,43302239.07,6,9160929.51
2024-03-16,13,32235390.51,7,15800241.38
2024-03-17,13,35904938.8,9,24908590.9
2024-03-18,23,57759772.27,4,6855345.23
2024-03-19,13,36847780.98,6,15434344.54
2024-03-20,15,35260521.99,6,11239481.59
2024-03-21,19,40481752.13,8,16736725.96
2024-03-22,16,36768889.71,10,20245323.56
2024-03-23,13,38076330.23,8,22047717.57
2024-03-24,12,35747677.49,5,13804194.59
2024-03-25,16,41977810.16,6,13710176.24
2024-03-26,20,52056393.83,10,29503791.94
2024-03-27,14,29285240.83,6,10409625.45
2024-03-28,12,30143172.72,6,14881002.53
2024-03-29,19,50004729.33,8,16613203.52
2024-03-30,18,42673272.36,7,18556036.45
2024-03-31,19,48064172.88,12,28633753.35
2024-04-01,18,39085257.72,8,13683379.85
2024-04-02,21,51742750.79,10,24169097.73
2024-04-03,18,40936737.59,8,23899827.17
2024-04-04,20,54568450.06,12,34779525.4
2024-04-05,11,22976712.6,4,7960326.8
2024-04-06,20,54564895.55,11,28083088.11
2024-04-07,16,38621088.27,7,15567301.91
2024-04-08,20,59879949.32,11,33539537.37
2024-04-09,17,43053066.16,9,23080113.05
2024-04-10,24,59478063.4,12,23241103.06
2024-04-11,24,55979581.68,12,31182880.01
2024-04-12,17,44004330,4,9801329.05
2024-04-13,13,27101436.67,5,14047116.86
2024-04-14,20,49264845.19,5,14597368.83
2024-04-15,28,79238453.79,8,27414712.87
2024-04-16,18,46125314.44,7,17662299.04
2024-04-17,23,66741779.54,9,29006378.97
2024-04-18,21,48060271.05,11,26367025.32
2024-04-19,20,58045537.21,11,26241856.79
2024-04-20,22,61071312.66,9,22640197.75
2024-04-21,14,34241584.1,8,17312016.84
2024-04-22,22,46035316.78,11,18448849.89
2024-04-23,20,56792184.8,9,25775814.44
2024-04-24,20,45361785.49,10,25946283.92
2024-04-25,16,33879470.62,10,20734607.21
2024-04-26,18,39739377.59,5,10326161.38
2024-04-27,19,40700134.21,7,16509780.54
2024-04-28,18,54134460.72,9,26728059.1
2024-04-29,24,51404236.09,5,16217237.84
2024-04-30,18,39355556.18,9,21220523.94
2024-05-01,23,60492573.69,7,17204992.63
2024-05-02,19,52426758.13,10,34659153.51
2024-05-03,24,54466602.48,9,24536249.71
2024-05-04,16,46892004.25,6,17071090.12
2024-05-05,28,75626379.54,15,40566198.45
2024-05-06,13,24247684.3,3,6618768.37
2024-05-07,21,50916343.38,9,13509598.81
2024-05-08,21,60604847.95,9,27176263.12
2024-05-09,17,51659035.32,9,29575932.61
2024-05-10,20,38472464.84,8,14545383.77
2024-05-11,26,60100677.37,12,24258290.61
2024-05-12,10,28141402.35,5,13787253.77
2024-05-13,20,63980793.74,8,31484613.31
2024-05-14,17,39342588.96,9,16800097.27
2024-05-15,20,44927123.93,8,22713675.98
2024-05-16,20,45736615.13,15,36686662.23
2024-05-17,22,52703415.01,10,18931813.01
2024-05-18,30,71092013.38,15,40521897.91
2024-05-19,14,34086340.15,8,18174848.99
2024-05-20,27,79279194.44,12,39876551.06
2024-05-21,23,52708902.49,10,19913418
2024-05-22,13,47673502.6,1,1104955.06
2024-05-23,17,45264030.61,7,16239499.5
2024-05-24,25,63404352.93,11,28684242.56
2024-05-25,24,51858343.34,11,20570668.18
2024-05-26,29,67664003.56,10,21277506.58
2024-05-27,11,31660427.9,5,19440583.89
2024-05-28,26,61432511.43,10,24602386.31
2024-05-29,17,45778318.62,8,18427916.7
2024-05-30,23,54334649.32,8,19268802.79
2024-05-31,17,54144929.45,8,28365301.47
2024-06-01,26,70884777.55,14,36312918.98
2024-06-02,18,48166518.46,11,31735630.06
2024-06-03,20,53911700.87,8,22405400.42
2024-06-04,22,52824459,13,26283550.77
2024-06-05,21,38108956.44,7,18226142.93
2024-06-06,22,61507723.27,6,21341282.22
2024-06-07,21,57082234.72,6,15748595.84
2024-06-08,19,55497379,8,20584272.43
2024-06-09,19,48364699.38,3,6216135.55
2024-06-10,23,60930444.48,9,24918341.81
2024-06-11,13,32591282.3,2,9148983.9
2024-06-12,19,44046876.19,6,11649187.25
2024-06-13,23,61621316.15,10,19226806.04
2024-06-14,12,26068974.65,3,6553680.5
2024-06-15,22,50511644.45,13,23409662.49
2024-06-16,17,34441070.83,5,6818217.44
2024-06-17,13,32335204.35,6,9893912.58
2024-06-18,22,64266582.56,8,19986349.34
2024-06-19,22,61561963.13,10,29528691.03
2024-06-20,19,55250850.1,8,23176737.44
2024-06-21,21,52469204.16,13,31614561.54
2024-06-22,23,62332069.93,11,27941895.08
2024-06-23,14,36230882.93,6,13182260.11
2024-06-24,25,62586329.09,11,29324414.26
2024-06-25,26,74651457.9,9,22740427.49
2024-06-26,17,45167161.95,7,14115825.54
2024-06-27,22,65834791.42,11,36760369.79
2024-06-28,16,37451051.69,13,27940509.99
2024-06-29,26,55741818.95,14,25045126.9
2024-06-30,17,29228909.56,8,10322023.33
2024-07-01,25,57346738.29,11,25265433.22
2024-07-02,28,80453101.8,11,32545587.13
2024-07-03,24,45217869.27,9,13135681.46
2024-07-04,20,55010154.38,10,32213740.22
2024-07-05,25,65035949.64,11,28035267.37
2024-07-06,22,57570610.85,9,29137857.45
2024-07-07,21,47031377.31,9,16247322.2
2024-07-08,28,68282396.79,12,25075548.09
2024-07-09,22,51973223.97,11,28368148.75
2024-07-10,26,58132131.55,16,35341187.35
2024-07-11,33,80995999.8,12,20623307.61
2024-07-12,20,51344962.1,8,23787340.06
2024-07-13,20,49786082.7,11,25484772.35
2024-07-14,22,50167781.97,16,38921589
2024-07-15,26,71886028.39,8,23089578.03
2024-07-16,24,63021112.3,10,29454971.75
2024-07-17,21,50842876.91,10,18346047.33
2024-07-18,24,62670841.16,9,19250286.93
2024-07-19,28,72689150.79,13,29412555.21
2024-07-20,28,60154976.07,9,19563980.16
2024-07-21,19,53468979.08,10,28272780.95
2024-07-22,28,69964221.06,10,23355637.75
2024-07-23,26,66385981.25,10,26754084.77
2024-07-24,26,52367765.04,11,26168044.39
2024-07-25,33,71305730.21,13,25100897.85
2024-07-26,26,72699772.1,11,30646300.49
2024-07-27,22,57930470.17,8,22308133.28
2024-07-28,24,47782514.54,10,13189388.9
2024-07-29,25,61281163.71,6,18935759.34
2024-07-30,15,33899601.78,3,4346811.72
2024-07-31,28,66510608.12,9,22910017.47
2024-08-01,26,72582686.97,11,29975325.05
2024-08-02,21,36304439.85,7,13784346.72
2024-08-03,23,53405335.88,8,19734214.03
2024-08-04,32,67886334.1,15,26142158.27
2024-08-05,32,83075894.37,13,36671349.97
2024-08-06,22,59450675.75,9,30634626.42
2024-08-07,24,44684276.44,9,15050120.45
2024-08-08,25,51659233.88,9,21841674.44
2024-08-09,26,58389570.29,12,25113281.21
2024-08-10,29,72984993.6,15,44653755.39
2024-08-11,24,65408281.87,13,31938666.4
2024-08-12,28,59733837.39,15,32659658.62
2024-08-13,29,78413321.76,14,34626466.46
2024-08-14,33,80395493.21,12,28613908.72
2024-08-15,32,84908381.74,15,45364461.83
2024-08-16,32,89991308.83,12,27085475.32
2024-08-17,30,81982751.22,10,31428095.39
2024-08-18,30,83747347.21,19,50284381.04
2024-08-19,26,62357726.82,8,17332708.73
2024-08-20,14,41515113.41,7,15605959.26
2024-08-21,20,52291944.56,5,12315468.92
2024-08-22,22,48888125.68,7,12705668.04
2024-08-23,24,63817477.61,8,22825581.11
2024-08-24,32,77478350.26,10,15965529.31
2024-08-25,23,49077376.39,11,24502086.54
2024-08-26,22,51842231.88,9,26230034.34
2024-08-27,27,69134646.33,8,16550493.33
2024-08-28,32,81155109.49,13,36857239.44
2024-08-29,26,58314658.35,5,12454708.62
2024-08-30,27,73512093.75,7,21987540.4
2024-08-31,28,69409330.47,11,25378842.28
2024-09-01,33,74849148.17,21,49250523.16
2024-09-02,28,76909281.06,9,24162548.05
2024-09-03,33,81539397.17,14,36424943.41
2024-09-04,37,86810867.5,13,25071401.28
2024-09-05,36,88209618.95,16,33538451.78
2024-09-06,42,130661291.55,11,29986260.93
2024-09-07,23,59039196.24,12,29561009.19
2024-09-08,31,86072834.14,15,33887741.15
2024-09-09,33,81524914.85,14,40588105.17
2024-09-10,29,60697152.74,11,24786570.54
2024-09-11,34,85981697.48,14,34833963.27
2024-09-12,26,65618627.31,7,19326078.67
2024-09-13,21,48381336.34,4,7919666.54
2024-09-14,20,39988380.41,10,15070465.87
2024-09-15,28,66473813.32,16,31599188.44
2024-09-16,28,66147018.79,14,32305400.12
2024-09-17,31,56230206.62,15,31016010.83
2024-09-18,25,67979876.32,9,18692528.99
2024-09-19,27,61102401.96,11,18684948.99
2024-09-20,24,72277798.58,11,35008163.89
2024-09-21,40,114838269.98,11,39720525.57
2024-09-22,20,49727233.15,6,12606136.13
2024-09-23,30,79077331.41,17,45597134
2024-09-24,24,54657190.07,8,16284846.79
2024-09-25,23,49979447.62,12,18877616.3
2024-09-26,30,72438652.27,10,23668537.83
2024-09-27,46,117670557.06,25,66556907.74
2024-09-28,38,102860933.22,14,35388886.65
2024-09-29,37,118962473.67,18,62844697.9
2024-09-30,30,67774230.14,15,34155803.41
2024-10-01,32,61720933.14,14,33646414.76
2024-10-02,30,57901484.06,14,28117806.66
2024-10-03,31,73314341.53,12,31324234.64
2024-10-04,29,76922990.24,9,26291833.44
2024-10-05,27,73056265.39,10,24158762.64
2024-10-06,31,65885195.47,11,24335906.05
2024-10-07,28,71400272.4,11,20929864.24
2024-10-08,31,73785536.49,14,31704302.87
2024-10-09,24,71554501.17,8,24879728.62
2024-10-10,32,82615282.98,14,43897879.56
2024-10-11,34,80681245.4,14,30500213.97
2024-10-12,33,84415534.58,17,41848377.42
2024-10-13,31,78968082.84,12,23389835.6
2024-10-14,24,55406137.43,10,23030756.95
2024-10-15,32,64537487.23,9,24373978.54
2024-10-16,39,104015887,17,40516603.41
2024-10-17,29,81816166.02,10,30555543.09
2024-10-18,29,63726529.04,15,32836941.52
2024-10-19,27,61847472.06,12,24494426.2
2024-10-20,35,75309753.57,12,16437653.19
2024-10-21,47,96401879.21,28,62731159.92
2024-10-22,42,136127881.53,13,38014455.8
2024-10-23,42,112074358.1,17,47800152.11
2024-10-24,33,84178775.03,13,35864037.18
2024-10-25,37,92395979.03,18,43097956.43
2024-10-26,41,96293471.48,23,52411778.6
2024-10-27,34,83486355.64,16,29335424.84
2024-10-28,23,48631308.8,7,9867920.06
2024-10-29,33,76439981.69,9,18792126.46
2024-10-30,40,92686555.8,17,35481753.85
2024-10-31,27,53367963.25,7,14369129.73
2024-11-01,47,118294796.47,18,44485671.12
2024-11-02,38,100014829.53,16,39762787.87
2024-11-03,44,118402660.39,20,52872060.21
2024-11-04,33,77315924.58,15,43974040.08
2024-11-05,30,79088322.02,12,25765135.87
2024-11-06,29,68162002.78,10,18674636.78
2024-11-07,35,90757352.41,12,27560976.52
2024-11-08,23,62094071.81,8,20415203.56
2024-11-09,31,81337716.01,10,31988111.93
2024-11-10,38,98708340.94,15,39985480.54
2024-11-11,30,69333055.47,12,26307064.85
2024-11-12,46,112806500.29,19,50007617.49
2024-11-13,46,107689969.63,13,24006655.28
2024-11-14,34,70850809.41,12,21335122.9
2024-11-15,33,64166199.79,17,28185464.85
2024-11-16,30,90113360.63,10,28328123.45
2024-11-17,43,111666751.5,19,48127386.31
2024-11-18,39,96902798.46,21,55246194.84
2024-11-19,41,116341282.28,14,46650158.97
2024-11-20,37,83647021.35,13,30238906.12
2024-11-21,39,98026296.08,14,37330529.22
2024-11-22,42,115363693.17,9,24270868.22
2024-11-23,38,93319067.44,17,40803683.42
2024-11-24,38,107940650.13,18,50804672.93
2024-11-25,35,67168305.7,16,31213905.62
2024-11-26,40,104825739.84,17,42465364.47
2024-11-27,38,97281933.44,15,36526374.48
2024-11-28,49,120113462.04,23,53894734.14
2024-11-29,40,120248596.64,15,46685437.05
2024-11-30,38,94550309.98,20,50154589.27
2024-12-01,41,94594863.26,24,62546206.35
2024-12-02,40,107640962.19,18,51550448.06
2024-12-03,38,98522704.29,13,32066406.89
2024-12-04,39,95722556.3,22,48040379.79
2024-12-05,39,78353787.58,16,35197165.2
2024-12-06,44,109432937.72,19,44301262.02
2024-12-07,45,114607433.72,24,58757772.29
2024-12-08,33,92552138.74,13,31193574.81
2024-12-09,51,123801123.27,23,49852008.37
2024-12-10,40,89476512.99,22,49325487.44
2024-12-11,42,102501674.8,22,62830886.67
2024-12-12,35,95717824.58,18,53525062.53
2024-12-13,42,100598799.82,18,44003548.45
2024-12-14,48,115147158.73,22,39890847.7
2024-12-15,42,111304874.55,19,51326121.58
2024-12-16,44,106583644.58,19,45422294.86
2024-12-17,38,109959553.34,17,45457654.23
2024-12-18,36,94313252.72,15,35875762.6
2024-12-19,33,77476815.41,13,30911569.66
2024-12-20,44,123412647,19,52066921.71
2024-12-21,55,149146311.24,18,54116355.41
2024-12-22,35,79256019.13,18,37031600.4
2024-12-23,49,128704277.78,20,55101444.91
2024-12-24,33,67886919.83,14,35109270.14
2024-12-25,38,104967583.71,19,50450064.94
2024-12-26,37,90824031.09,20,50059489.22
2024-12-27,46,138310253.94,19,66991364.2
2024-12-28,46,121790162.06,20,52290283.77
2024-12-29,41,97824030.74,18,41324262.6
2024-12-30,40,102878016.41,12,30596094.64
2024-12-31,53,134219017.65,24,61773925.81
2025-01-01,51,121663574.49,23,49901981.46
2025-01-02,37,101398177.21,17,51179804.61
2025-01-03,44,109130378.63,17,44464347.14
2025-01-04,47,128747047.5,21,57543519.19
2025-01-05,35,81158453.56,8,18640087.43
2025-01-06,32,64836871.37,14,28378983.53
2025-01-07,41,100138560.97,21,46810702.83
2025-01-08,40,98652053.9,11,25989299.83
2025-01-09,50,149826992.19,21,66520547.09
2025-01-10,37,86873079.47,17,41638493.03
2025-01-11,37,94534564.02,19,44451355.06
2025-01-12,56,130231075.09,23,58354865.75
2025-01-13,56,150689315.22,23,60293156.56
2025-01-14,46,119199752.72,15,40249328.76
2025-01-15,41,123250823.88,18,58308874.42
2025-01-16,51,106235037.26,23,53648964.02
2025-01-17,32,91639909.1,12,33048085.19
2025-01-18,63,132105063.08,26,55115831.38
2025-01-19,44,88677977.17,21,38617006.66
2025-01-20,52,115749717.85,27,65451676.85
2025-01-21,51,109053602.86,20,43345874.78
2025-01-22,53,146037530.5,24,63834239.52
2025-01-23,59,143792966.35,21,53869438.84
2025-01-24,47,113541364.69,23,53871240.33
2025-01-25,43,108432079.73,14,36393779.56
2025-01-26,49,123547712.74,17,41055853.59
2025-01-27,41,97923951.41,18,38126786.97
2025-01-28,54,132094220.59,17,34053223.19
2025-01-29,44,99832698.09,17,36367130.72
2025-01-30,46,98265970.83,19,38524078.87
2025-01-31,42,104539476.3,21,49001033.85
2025-02-01,49,126425102.91,21,50895828.37
2025-02-02,45,111639191.02,25,59648444.84
2025-02-03,62,157234091.08,21,54689774.87
2025-02-04,50,125093752.83,24,63654626.35
2025-02-05,54,124077655.64,23,48123250.23
2025-02-06,38,92473261.08,17,41954827.23
2025-02-07,49,105551889.44,23,51275852.4
2025-02-08,47,118790846.76,17,45841256.85
2025-02-09,47,130008251.01,21,53150736.05
2025-02-10,51,104682375.42,22,45343460.49
2025-02-11,44,110468787.16,20,49453986.12
2025-02-12,54,139822419.22,21,47446516.13
2025-02-13,64,165616074.71,20,45676038.43
2025-02-14,53,128569651.81,18,42327851.05
2025-02-15,74,188967112.37,25,54223958.78
2025-02-16,56,136452319.29,25,54201793.75
2025-02-17,66,163400784.65,27,63413739.23
2025-02-18,57,158229760.02,31,87614860.16
2025-02-19,72,201513237,29,87729588.75
2025-02-20,60,146002323.28,23,50993017.64
2025-02-21,75,178747771.12,32,77772772.35
2025-02-22,69,158663593.53,31,62212151.73
2025-02-23,79,205944711.7,33,86981376.07
2025-02-24,70,174404579.32,36,93336894.97
2025-02-25,66,164991659.46,26,55356992.25
2025-02-26,70,168310814.89,33,72213361.83
2025-02-27,61,147649534.04,22,38281368.86
2025-02-28,74,183572164.4,27,57922728.1
2025-03-01,82,178997739.57,40,94762140.59
2025-03-02,59,139512884.88,24,56714213.39
2025-03-03,78,199835656.06,34,96619684.21
2025-03-04,63,150126050.3,25,54076309.61
2025-03-05,62,153181342.01,29,59367020.45
2025-03-06,57,142277017.99,22,53471827.64
2025-03-07,82,197179110.94,38,84641460.32
2025-03-08,74,177547897.09,32,76536385.67
2025-03-09,69,150569106.88,29,61682253.13
2025-03-10,69,181090009.46,32,79055916.89
2025-03-11,81,202432050.72,23,64465999.05
2025-03-12,69,170721989.26,27,63897340.27
2025-03-13,88,225639358.72,40,97348649.86
2025-03-14,78,196970032.45,24,67608408.7
2025-03-15,75,194915767.48,27,70001026.11
2025-03-16,79,194039457.2,34,82632082.72
2025-03-17,83,228192161.5,33,87643493.5
2025-03-18,84,207268619.97,31,87649329.21
2025-03-19,87,232956792.32,33,78452366.12
2025-03-20,99,232143442.27,42,112939686.1
2025-03-21,86,238848777.06,28,81254301.23
2025-03-22,96,254489973.09,39,92020577.37
2025-03-23,100,261021688.89,38,107453609.57
2025-03-24,93,227511757.86,31,75241128.76
2025-03-25,90,199198429.88,48,105697242.21
2025-03-26,116,298775123.97,40,103514503.45
2025-03-27,102,228792813.62,43,101220673.04
2025-03-28,109,262860096.94,36,83342110.19
2025-03-29,119,294045834.19,57,138241749.06
2025-03-30,115,298214751.61,56,142344901.34
2025-03-31,113,292950395.94,41,104507373.5
2025-04-01,146,403291887.5,56,163088561.22
2025-04-02,116,281069480.88,42,93859213.7
2025-04-03,141,348505566.14,61,139873154.22
2025-04-04,144,348157287.34,58,153166815.39
2025-04-05,172,420325765.74,66,182689996.82
2025-04-06,190,474772937.05,83,206829360.47
2025-04-07,178,457162325.25,76,193589228.19
2025-04-08,208,543158147.46,85,237796832.87
2025-04-09,246,569393149.89,101,254042439.46
2025-04-10,279,677619157.35,122,307394107.68
2025-04-11,198,492633487.06,70,153568206.77
