"account_id","total_transactions","fraud_count","fraud_ratio","total_amount","fraud_amount"
223,19,14,0.736842105263158,49345206.22,32838948.24
203,11,8,0.727272727272727,35096574.66,25886490.59
252,14,10,0.714285714285714,42915537.43,32147817.55
917,21,15,0.714285714285714,59518588.32,39056724.18
620,24,17,0.708333333333333,52703846.51,35683510.12
532,10,7,0.7,31353135.56,21344450.38
210,13,9,0.692307692307692,37210320.64,23995442.32
302,13,9,0.692307692307692,31126071.03,23871068.31
1279,13,9,0.692307692307692,23014731.89,15002357.74
1386,19,13,0.684210526315789,46910646.35,31794249.62
469,24,16,0.666666666666667,59399285.78,39502253.34
538,18,12,0.666666666666667,38803128.16,26622562.99
550,18,12,0.666666666666667,36617127.8,22924124.97
563,18,12,0.666666666666667,38412461.78,26446591.51
968,15,10,0.666666666666667,38404845.13,23614366.14
1437,15,10,0.666666666666667,38704937.63,26421189.55
1442,21,14,0.666666666666667,47963023.5,32428701.85
748,23,15,0.652173913043478,57000144.01,39578553.56
587,20,13,0.65,46297242.5,37239847.06
781,20,13,0.65,44789278.55,26267226.5
1481,20,13,0.65,48356092.64,33619107.69
583,17,11,0.647058823529412,45500379.4,29785512.65
264,11,7,0.636363636363636,35250662.03,19001181.02
879,11,7,0.636363636363636,36575941.69,24576767.89
1413,22,14,0.636363636363636,49326471.72,31441601.56
235,27,17,0.62962962962963,51630239.62,34934659.45
531,24,15,0.625,57712928.44,34083267.69
1297,16,10,0.625,46055267.85,34178960.87
71,21,13,0.619047619047619,54909339.34,38630307.64
194,21,13,0.619047619047619,57472257.21,37932824.68
357,21,13,0.619047619047619,58981192.53,32401359.07
976,21,13,0.619047619047619,67090615.09,45297785.1
290,26,16,0.615384615384615,53822068.55,36202329.5
1171,18,11,0.611111111111111,49887697.09,27044106.11
1340,18,11,0.611111111111111,40514398.13,26533960.13
1343,18,11,0.611111111111111,44686082.82,31585911.6
309,23,14,0.608695652173913,60938488.29,39558922.5
570,23,14,0.608695652173913,54234208.73,28968893.13
656,23,14,0.608695652173913,66059338.23,38616221.11
1244,23,14,0.608695652173913,55798930.81,30772507.35
61,20,12,0.6,58027866.75,36827132.92
335,25,15,0.6,65417797.39,41575734.85
593,20,12,0.6,53470360.84,32213024.05
843,20,12,0.6,65369640.06,35523872.02
1056,20,12,0.6,44980627.61,24221604.84
1360,15,9,0.6,28257633.62,15423410.73
1416,15,9,0.6,43302202.09,23410390.94
1461,20,12,0.6,47324124.98,25334026.4
1499,20,12,0.6,53685590.91,32144352.61
13,32,19,0.59375,68483042.77,39781685.79
558,32,19,0.59375,83421761.22,53161186.89
387,27,16,0.592592592592593,59832759.2,27026196.26
578,22,13,0.590909090909091,57182980.25,34605157.15
761,22,13,0.590909090909091,47532190.8,26815604.64
4,17,10,0.588235294117647,37896225.58,21512897.21
68,17,10,0.588235294117647,44951685.49,27779003.58
92,17,10,0.588235294117647,54131168.25,30092847.93
170,17,10,0.588235294117647,36333001.02,22486369.17
236,17,10,0.588235294117647,45875484.46,26847388.5
313,17,10,0.588235294117647,39148621.58,20048745.67
392,17,10,0.588235294117647,46053643.57,27269436.32
552,17,10,0.588235294117647,36322725.17,18502760.14
614,17,10,0.588235294117647,44950920.31,27765249.07
664,12,7,0.583333333333333,29351509.03,14226411.61
925,12,7,0.583333333333333,27520975.38,12247705.46
936,12,7,0.583333333333333,34587827.8,16824282
952,12,7,0.583333333333333,22404649.57,11135150.44
1068,24,14,0.583333333333333,65431777.97,36524002.08
1359,12,7,0.583333333333333,31132723.36,14678811.25
1396,12,7,0.583333333333333,41411066.36,22378713.49
111,31,18,0.580645161290323,69376949.67,38409756.61
600,31,18,0.580645161290323,78949827.85,52176098.86
226,19,11,0.578947368421053,53037567.55,25667509.49
455,19,11,0.578947368421053,37820533.14,21309808.37
657,19,11,0.578947368421053,57274499.01,34206775.51
686,19,11,0.578947368421053,46838254.99,26838459.93
714,19,11,0.578947368421053,41546808.26,27461484.98
766,19,11,0.578947368421053,49618238.71,26493830.48
964,19,11,0.578947368421053,52940203.36,33336462.25
1323,19,11,0.578947368421053,43646483.8,23112705.4
1334,19,11,0.578947368421053,33704492.41,18389578.91
1414,19,11,0.578947368421053,36758488.27,21232637.34
1455,19,11,0.578947368421053,64523922.95,37813203.43
1185,26,15,0.576923076923077,63870426.57,36412315.46
240,7,4,0.571428571428571,10502641.55,3528189.44
257,21,12,0.571428571428571,55055444.17,36294558.73
618,14,8,0.571428571428571,31111278.06,14269604.59
712,14,8,0.571428571428571,30954615.84,21771198.61
726,21,12,0.571428571428571,48832471.46,32413570.86
1153,21,12,0.571428571428571,49874853.29,28731005.23
1264,14,8,0.571428571428571,37430618.3,20722211.6
1302,14,8,0.571428571428571,29359730.35,17920710.04
1415,21,12,0.571428571428571,47388002.19,26970701.83
1427,21,12,0.571428571428571,58462037.28,30593708.71
1485,14,8,0.571428571428571,37041602.02,16939371.9
727,30,17,0.566666666666667,86489246.91,46909941.2
362,23,13,0.565217391304348,64632825.45,35621964.16
475,23,13,0.565217391304348,50775166.11,24443910.43
546,23,13,0.565217391304348,65985959.44,42574469.31
675,23,13,0.565217391304348,50788675.91,32124609.16
729,23,13,0.565217391304348,46839954.59,24167992.31
1130,23,13,0.565217391304348,48462994.23,29898361.81
1182,23,13,0.565217391304348,45540011.28,31070394.13
1288,23,13,0.565217391304348,52091527.89,35358060.64
1333,23,13,0.565217391304348,61576989.28,38959469.77
277,16,9,0.5625,38155558.15,22357612.19
500,16,9,0.5625,30242685.5,19356241.18
1254,16,9,0.5625,44733340.79,23226613.16
1314,16,9,0.5625,41846114.73,22411344.45
1354,16,9,0.5625,39346644.2,21564879.18
1399,16,9,0.5625,45693343.57,20259617.97
22,25,14,0.56,75353769.36,41070898.27
1024,25,14,0.56,49961205.98,29234580.64
77,18,10,0.555555555555556,43993439.48,29035157.96
90,18,10,0.555555555555556,42380047.55,26419756.33
737,27,15,0.555555555555556,81954075.89,35699776.62
838,18,10,0.555555555555556,43434305.53,24054198.59
943,18,10,0.555555555555556,40280252.86,26435729.02
1006,18,10,0.555555555555556,48578331.41,26464151.41
1080,18,10,0.555555555555556,41009985.96,25421291.16
1162,18,10,0.555555555555556,42928392.19,24277898.87
1298,18,10,0.555555555555556,44713806.33,23406878.23
1487,18,10,0.555555555555556,35772924.43,18203614.5
1467,29,16,0.551724137931034,69552626.74,35481134.44
360,20,11,0.55,47049106.32,24772278.74
435,20,11,0.55,53135358.44,28619827.17
557,20,11,0.55,54922420.96,28106413.05
819,20,11,0.55,40965011.75,18977977.43
1110,20,11,0.55,46615700.02,24044017.74
1186,20,11,0.55,49935321.75,27810901.93
1370,31,17,0.548387096774194,74262977.43,41361382.57
94,22,12,0.545454545454545,41500631.19,18136231.53
137,22,12,0.545454545454545,57616259.24,33160841.34
239,11,6,0.545454545454545,24442656.03,20509584.2
698,22,12,0.545454545454545,61562232.27,40409952.09
705,11,6,0.545454545454545,27408068.25,18292290.77
903,22,12,0.545454545454545,58171018.66,27031360.45
926,22,12,0.545454545454545,49371619.55,29245421.6
1049,22,12,0.545454545454545,65831112.19,32681072.86
1146,22,12,0.545454545454545,45089523.34,27464123.61
1173,22,12,0.545454545454545,53660077.59,22471683.98
1179,22,12,0.545454545454545,47710665.61,27633638.79
1183,22,12,0.545454545454545,62369775.51,33362011.45
1236,22,12,0.545454545454545,55726441.26,29726133.73
1293,22,12,0.545454545454545,67296045.34,35385698.37
78,24,13,0.541666666666667,54128539.89,29470223.09
280,24,13,0.541666666666667,56375141.74,31775484.02
848,24,13,0.541666666666667,44816737.52,25213126.34
888,24,13,0.541666666666667,47620746.4,20629749.33
1294,24,13,0.541666666666667,51010408.15,26533322.53
1514,24,13,0.541666666666667,62068099.33,38630317.2
70,13,7,0.538461538461538,25162716.18,11401207.89
551,13,7,0.538461538461538,30245567.81,19419323.07
629,13,7,0.538461538461538,33498150.8,16747105.96
1238,13,7,0.538461538461538,29235478.48,11626701.67
1439,26,14,0.538461538461538,65576324.77,33926244.33
677,28,15,0.535714285714286,63268508.14,30191952.21
998,28,15,0.535714285714286,69795338.6,29971304.29
15,30,16,0.533333333333333,82365155.96,40424758.19
86,15,8,0.533333333333333,37528892.75,22542087.48
1300,15,8,0.533333333333333,29909740.57,14889296.3
1502,15,8,0.533333333333333,27418693.52,15000034.45
41,17,9,0.529411764705882,47372164.78,18396734.85
135,17,9,0.529411764705882,41403273.58,24306119.13
340,17,9,0.529411764705882,42455932.63,22545851.84
353,17,9,0.529411764705882,48785842.46,25567902.77
420,17,9,0.529411764705882,35295340.53,18588113.38
477,17,9,0.529411764705882,44742747.95,25849013.08
520,17,9,0.529411764705882,36163070.52,16696705.75
669,17,9,0.529411764705882,30534150.65,15267663.11
738,17,9,0.529411764705882,60206448.59,32365564.8
872,17,9,0.529411764705882,39382458.31,29222094.01
999,17,9,0.529411764705882,45689212.97,26319248.41
1338,17,9,0.529411764705882,48096221.47,25522635.46
1444,17,9,0.529411764705882,41821139.93,20331617.63
247,19,10,0.526315789473684,44255516.77,24183911.61
474,19,10,0.526315789473684,55549433.73,26181183.56
598,19,10,0.526315789473684,44027688.99,19019733.83
826,19,10,0.526315789473684,53286803.64,28601731.04
914,19,10,0.526315789473684,31434825.19,18079041.65
1085,19,10,0.526315789473684,53346083.37,26909190.12
1287,19,10,0.526315789473684,53050017.94,29140018.34
1387,19,10,0.526315789473684,57070315.72,30014674.13
32,21,11,0.523809523809524,55052019.15,23268587.66
441,21,11,0.523809523809524,58570617.64,26348113.42
544,21,11,0.523809523809524,53063314.53,31172603.71
579,21,11,0.523809523809524,42713043.76,19305196.33
596,21,11,0.523809523809524,62878772.14,33692335.87
786,21,11,0.523809523809524,47406135.3,25854223.64
835,21,11,0.523809523809524,55338844.26,30636990.86
845,21,11,0.523809523809524,60905383.35,34853005.8
956,21,11,0.523809523809524,49309329.47,23429822.29
988,21,11,0.523809523809524,41667426.76,25969315.31
1061,21,11,0.523809523809524,52022026.93,31623844.34
1234,21,11,0.523809523809524,64290592.64,30190421.93
1258,21,11,0.523809523809524,54798145.8,29045130.08
1281,21,11,0.523809523809524,49907317.78,26221309.35
1285,21,11,0.523809523809524,61930950.98,27349669.03
1316,21,11,0.523809523809524,51203389.37,24230613.84
1471,21,11,0.523809523809524,46664912.57,25662252.53
120,23,12,0.521739130434783,62860346.82,34472616.46
514,23,12,0.521739130434783,65613777.03,31080194.39
588,23,12,0.521739130434783,50341365.78,28171631.3
699,23,12,0.521739130434783,53748005.26,27969329.07
709,23,12,0.521739130434783,69578251.84,35146749.7
744,23,12,0.521739130434783,53076390.79,29178215.97
880,23,12,0.521739130434783,60154151.23,29458602.61
1014,23,12,0.521739130434783,43372993.67,21136054.1
1135,23,12,0.521739130434783,69757045.13,33389419.13
1283,23,12,0.521739130434783,49133247.05,28856866.95
1424,23,12,0.521739130434783,56337462.33,34119049.54
1509,23,12,0.521739130434783,69713950.42,39106018.65
102,25,13,0.52,58687396.85,28603911.6
159,25,13,0.52,68697270.1,34623952.7
215,25,13,0.52,58711527.98,29729781.85
276,25,13,0.52,61756640.93,29174792.68
473,25,13,0.52,72067366.23,29809302.37
522,25,13,0.52,70663755.04,44742827.95
599,25,13,0.52,52904997.79,28921651.75
915,25,13,0.52,64537004.12,38433546.32
984,25,13,0.52,48332119.47,21335107.38
1066,25,13,0.52,61901121.99,33235593.35
1189,25,13,0.52,63492883.55,36205406.23
344,27,14,0.518518518518518,68701191.25,32381489.11
694,27,14,0.518518518518518,78620532.77,34864322.27
828,27,14,0.518518518518518,69109809.67,40244955.23
1477,27,14,0.518518518518518,65361278.24,27092096.25
571,29,15,0.517241379310345,65863186.09,40823566.28
905,29,15,0.517241379310345,73212737.55,41102613.99
1492,29,15,0.517241379310345,61635923.9,35204294.94
183,31,16,0.516129032258065,87723587.74,51609074.95
918,31,16,0.516129032258065,84230593.9,46098848.77
5,24,12,0.5,49890001.46,19243541.73
17,16,8,0.5,47211128.91,24947779.67
21,24,12,0.5,64085800.65,31685543.86
44,12,6,0.5,24610841,16237863.9
45,12,6,0.5,18773205.42,9591230.95
49,18,9,0.5,43446039.68,22098832.94
62,20,10,0.5,52713182.25,28116723.22
76,14,7,0.5,22311458.89,11681988.92
99,14,7,0.5,37299638.44,17226516.47
109,24,12,0.5,59831322.48,37843998.9
110,20,10,0.5,50064945.81,23092348.49
117,18,9,0.5,37984942.21,23925748.06
132,22,11,0.5,66882206.89,36446822.23
151,14,7,0.5,36444265.2,19861451.24
152,26,13,0.5,55703711.95,25711816.56
160,24,12,0.5,54946008.07,23881853.21
180,24,12,0.5,64916829.36,34658388.24
206,24,12,0.5,46802409.8,24805726.76
242,20,10,0.5,45675166.8,24570624.66
270,16,8,0.5,40909506.47,21584341.04
288,24,12,0.5,57818493.39,23011153.99
289,22,11,0.5,59003678.51,28938632.8
303,14,7,0.5,34544356.5,17040706
308,22,11,0.5,51522217.45,26028180.63
319,22,11,0.5,49074604.66,22423089.6
345,12,6,0.5,32319846.35,18956956.28
364,16,8,0.5,34948679.59,16657905
370,16,8,0.5,45715425.6,19866001.87
373,20,10,0.5,48011762.18,25674094.25
400,12,6,0.5,33842469.6,16948334.35
402,22,11,0.5,70130577.27,33552067.97
415,22,11,0.5,59422532.14,28827264.24
452,20,10,0.5,51337067.39,20739874.11
472,16,8,0.5,47247569.41,27254320.61
479,22,11,0.5,57052525.79,28097821.05
491,20,10,0.5,57834767.4,29540862.96
508,16,8,0.5,45945216.39,23210976.84
554,14,7,0.5,40808816.33,19162977.21
559,22,11,0.5,62969274.98,33207692.41
561,14,7,0.5,31956155.11,15000938.88
566,24,12,0.5,66129861.16,32523878.09
595,24,12,0.5,51112223.94,24849752.97
604,12,6,0.5,30652038.8,16295694.25
612,28,14,0.5,68417600.03,37196762.65
613,22,11,0.5,49413319.73,19820237.68
628,22,11,0.5,53992804.94,17268706.91
632,26,13,0.5,80972935.92,37731682.77
642,18,9,0.5,56627020.5,27497484.91
644,20,10,0.5,45721399.44,22887923.83
660,18,9,0.5,32683642.65,15890374.94
661,24,12,0.5,51599749.6,30198584.33
683,24,12,0.5,61913526.78,32940023.67
695,22,11,0.5,56476117.78,28397233.55
716,16,8,0.5,41442316.45,19917075.71
755,20,10,0.5,49957940.32,21346519.75
770,24,12,0.5,58062372.45,35064361.51
797,12,6,0.5,25013074.78,11505092.56
800,20,10,0.5,54555928.63,24302056.5
802,16,8,0.5,39811137.63,19590038.11
821,16,8,0.5,32495108.46,17058108.91
836,16,8,0.5,45183272.31,22393966.01
877,26,13,0.5,57117171.08,29503799.48
878,16,8,0.5,31394768.49,14965776.51
885,16,8,0.5,36465943.19,21500914.52
899,24,12,0.5,68094818.19,30639355.36
924,18,9,0.5,36225844.51,16849756.43
945,16,8,0.5,40516374.35,17473840.8
948,16,8,0.5,44278619.85,22487123.73
978,16,8,0.5,41926270.29,16473294.26
989,24,12,0.5,59153397.1,26305861.95
993,16,8,0.5,42714052.91,16362969.09
994,24,12,0.5,48419153.84,28043260.94
1009,10,5,0.5,18670018.75,10917857.1
1022,28,14,0.5,82971574.4,38492015.57
1026,24,12,0.5,68584704.1,27044097.64
1075,10,5,0.5,19825900.09,8939471.82
1128,32,16,0.5,73489521.9,42037891.82
1144,12,6,0.5,26300807.23,11197910.59
1208,16,8,0.5,39322685.78,17509734.73
1221,26,13,0.5,56091791.83,28869534.7
1223,12,6,0.5,33663971.55,17448728.85
1239,28,14,0.5,67216532.2,35802219.25
1243,14,7,0.5,40552017.01,20850007.16
1282,22,11,0.5,53930119.25,22842526.99
1317,26,13,0.5,52724451.44,23514600.64
1329,20,10,0.5,54984331.38,26841990.7
1365,14,7,0.5,44761730.91,20703512.23
1403,18,9,0.5,43141874.71,19437752.01
1419,16,8,0.5,50304797.25,26771083.33
1425,20,10,0.5,44381694.76,15816303.21
1438,26,13,0.5,63481073.55,30681539.79
1452,22,11,0.5,46360629.66,25324681.3
1462,16,8,0.5,26350312.61,15677975.98
1480,18,9,0.5,37924035.48,20482885.63
1490,14,7,0.5,39478327.21,18816527.55
1500,18,9,0.5,43319893.31,21824754.64
1515,14,7,0.5,30691879.92,13312879.71
534,31,15,0.483870967741935,71383251.51,36259911.57
1479,31,15,0.483870967741935,76731184.46,42416537.44
401,29,14,0.482758620689655,56851375.55,26974172.98
764,29,14,0.482758620689655,66238503.67,31803243.21
867,29,14,0.482758620689655,67526763.85,27907808.9
241,27,13,0.481481481481481,77332754.94,39507273.43
281,27,13,0.481481481481481,69040235.33,30135126.21
637,27,13,0.481481481481481,67444448.56,33217743.43
261,25,12,0.48,65755379.87,32475658.55
390,25,12,0.48,51894071.63,31160091.14
674,25,12,0.48,63576414.91,31551013.41
890,25,12,0.48,61639353.96,19066478.17
1005,25,12,0.48,53335351.22,21878605.54
1194,25,12,0.48,45664890.43,20719862.35
1328,25,12,0.48,67919974,32004090.86
1501,25,12,0.48,62132676.22,25764352.06
116,23,11,0.478260869565217,53258206.39,27426981.58
297,23,11,0.478260869565217,49134442.1,25560538.11
314,23,11,0.478260869565217,60712983.3,25615695.47
338,23,11,0.478260869565217,55264201.18,23306363.09
434,23,11,0.478260869565217,57063864.91,22461345.46
476,23,11,0.478260869565217,54387556.31,20293393.01
483,23,11,0.478260869565217,50655106.14,26743001.07
548,23,11,0.478260869565217,53785672.88,25676753.95
739,23,11,0.478260869565217,63674868.2,27353745.83
762,23,11,0.478260869565217,65475801.76,27130436.82
1033,23,11,0.478260869565217,50288836.24,29798012.47
1117,23,11,0.478260869565217,61809623.03,33394138.43
1174,23,11,0.478260869565217,49034985.99,23701813.03
1206,23,11,0.478260869565217,66303103.96,35346752.37
1268,23,11,0.478260869565217,54906862.92,23225094.49
1291,23,11,0.478260869565217,58133521.03,26510556.5
27,21,10,0.476190476190476,54212483.38,26253320.97
73,21,10,0.476190476190476,53683212.37,20508089.73
179,21,10,0.476190476190476,44328694.63,19124017.55
389,21,10,0.476190476190476,47245723.94,22064556.77
403,21,10,0.476190476190476,55795701.12,27420540.39
404,21,10,0.476190476190476,61319274.03,28089643.58
450,21,10,0.476190476190476,66363406.08,26228899.66
471,21,10,0.476190476190476,49304534.81,20860828.37
509,21,10,0.476190476190476,54460249.33,23985096.33
601,21,10,0.476190476190476,55684588.33,29903424.28
609,21,10,0.476190476190476,59200224.68,27919907.36
688,21,10,0.476190476190476,48753100.91,20310495.42
812,21,10,0.476190476190476,57746812.54,25763494.79
1015,21,10,0.476190476190476,62104910.15,32140054.29
1030,21,10,0.476190476190476,49685159.91,23580025
1134,21,10,0.476190476190476,55171130.05,24095693.51
1224,21,10,0.476190476190476,51228041.15,23026551.46
1355,21,10,0.476190476190476,48577133.31,18083014.56
1368,21,10,0.476190476190476,43575604.35,15988723.02
1446,21,10,0.476190476190476,50634624.75,29937974.71
113,19,9,0.473684210526316,43474621.21,22217773.99
118,19,9,0.473684210526316,37274379.9,19372881.83
287,19,9,0.473684210526316,55235204.2,26463484.27
331,19,9,0.473684210526316,50017413.43,27237240.61
417,19,9,0.473684210526316,50198554.48,25533989.67
446,19,9,0.473684210526316,47580795.03,19325966.09
616,19,9,0.473684210526316,43032312.79,19551079.15
634,19,9,0.473684210526316,47867795.56,24423968.63
730,19,9,0.473684210526316,48052995.77,29948771.12
732,19,9,0.473684210526316,45274488.01,23546056.23
763,19,9,0.473684210526316,49873084.87,24730080.13
805,19,9,0.473684210526316,41826322.98,20730525.21
996,19,9,0.473684210526316,48117487.87,22590726.34
1036,19,9,0.473684210526316,57062940.26,23977592.07
1054,19,9,0.473684210526316,43996278.17,19561740.22
1074,19,9,0.473684210526316,43039149.76,21623276.59
1187,19,9,0.473684210526316,47336641.39,21609631.22
1260,19,9,0.473684210526316,52197623.08,22702015.31
1295,19,9,0.473684210526316,52981696.02,28364907.1
1325,19,9,0.473684210526316,58456936.85,25221893.26
1408,19,9,0.473684210526316,37128693.7,17898062.1
1451,19,9,0.473684210526316,54677482.42,25868610.42
1473,19,9,0.473684210526316,46278089.25,25830776.89
1504,19,9,0.473684210526316,52282583.29,26528300.89
734,36,17,0.472222222222222,87161172.22,40147158.69
155,17,8,0.470588235294118,44289166.72,27450028.41
234,17,8,0.470588235294118,51964777.32,24513190.68
341,17,8,0.470588235294118,44694470.56,24154685.97
510,17,8,0.470588235294118,47097011.5,22959954.26
690,17,8,0.470588235294118,38263984.67,14110734.86
710,17,8,0.470588235294118,31892727.18,14840227.9
725,17,8,0.470588235294118,49811781.85,24937545.71
859,17,8,0.470588235294118,38008166.59,20645901.95
884,17,8,0.470588235294118,43708430.9,19455367.38
940,17,8,0.470588235294118,46141607.4,23045796.38
942,17,8,0.470588235294118,44623974.84,21348960.67
966,17,8,0.470588235294118,33427188.91,17712978.38
1157,17,8,0.470588235294118,43601783.75,13887106.26
1231,17,8,0.470588235294118,48030664.5,23445606.23
1483,17,8,0.470588235294118,48309092.48,17546677.65
81,15,7,0.466666666666667,30065828.62,9972776.01
249,15,7,0.466666666666667,47187349.98,20439823.75
576,15,7,0.466666666666667,32080545.61,12562853.48
681,30,14,0.466666666666667,83267217.93,40781733.81
687,15,7,0.466666666666667,43443913.81,16997075.36
689,15,7,0.466666666666667,36175510.11,15687210.52
982,15,7,0.466666666666667,36236642.45,18276020.12
1042,15,7,0.466666666666667,41413058.93,12262554.02
1073,15,7,0.466666666666667,35851569.77,12296184.41
1147,15,7,0.466666666666667,34886919.25,15446407.25
1373,15,7,0.466666666666667,35948080.81,15786453.48
1378,15,7,0.466666666666667,33312091.89,17608770.62
1400,15,7,0.466666666666667,38095468.97,17437183.53
147,28,13,0.464285714285714,71458455.42,35685211.46
1149,28,13,0.464285714285714,69023770.82,41019407.66
47,26,12,0.461538461538462,57946864.78,28688041.61
54,13,6,0.461538461538462,34593490.14,13968830.55
337,26,12,0.461538461538462,53311199.82,25529876.34
525,13,6,0.461538461538462,32596959.83,17861738.87
785,13,6,0.461538461538462,32996895.57,9735922.03
892,26,12,0.461538461538462,72559338.06,31928995.5
950,26,12,0.461538461538462,54894343.14,27734221.59
967,26,12,0.461538461538462,66413298.17,33286998.09
1103,13,6,0.461538461538462,44999916.8,18676187.84
1199,26,12,0.461538461538462,64320391.46,34404704.66
1277,13,6,0.461538461538462,29531413.3,13759994.51
1458,26,12,0.461538461538462,66116210.87,28820089.98
269,24,11,0.458333333333333,50352515.61,29083960.5
316,24,11,0.458333333333333,70979933.44,29588436.6
372,24,11,0.458333333333333,58022595.73,29384779.71
398,24,11,0.458333333333333,54698129.57,23630850.83
438,24,11,0.458333333333333,51988691.19,20687551.79
638,24,11,0.458333333333333,74166640.22,37137115.53
847,24,11,0.458333333333333,49795163.63,21588210.14
873,24,11,0.458333333333333,40888056.09,14206262.18
1002,24,11,0.458333333333333,69692400.11,35564746.23
1004,24,11,0.458333333333333,63685112.83,29557524.07
1017,24,11,0.458333333333333,52859524.8,22307193.46
1193,24,11,0.458333333333333,59221454.58,28792956.66
1205,24,11,0.458333333333333,67881562.54,35866484.86
1327,24,11,0.458333333333333,66478327.69,30438107.16
1347,24,11,0.458333333333333,57108306.16,25897785.05
24,22,10,0.454545454545455,51652506.06,16964167.44
82,22,10,0.454545454545455,64030841.48,31369451.43
213,22,10,0.454545454545455,74946912.82,33914141.75
350,22,10,0.454545454545455,54560313.85,23048462.25
484,22,10,0.454545454545455,57088958.04,28466460.78
591,22,10,0.454545454545455,55344248.2,32121272.28
741,22,10,0.454545454545455,50515130.36,20536880.94
820,22,10,0.454545454545455,52425093.35,24985990.38
912,22,10,0.454545454545455,50788178,18499046.05
947,22,10,0.454545454545455,60062713.86,27120452.48
963,11,5,0.454545454545455,24334178.42,13701254.04
1023,11,5,0.454545454545455,23035732.97,11717544.78
1041,11,5,0.454545454545455,24362433.24,14217308.5
1113,22,10,0.454545454545455,60560471.95,24126768
1131,22,10,0.454545454545455,41835072.62,22422297.5
1139,22,10,0.454545454545455,49576509.51,23202020.98
1175,22,10,0.454545454545455,61711315.08,21822149.98
1233,22,10,0.454545454545455,61015525.56,29051836.95
1270,22,10,0.454545454545455,66171607.48,30007586.6
1305,22,10,0.454545454545455,65908738.16,29222962.89
1356,11,5,0.454545454545455,16315359.81,6123457.54
1456,22,10,0.454545454545455,50783530.46,23248713.14
1470,22,10,0.454545454545455,52930110.71,22367546.74
1111,31,14,0.451612903225806,83449529.45,40620846.32
1248,31,14,0.451612903225806,84265932.89,42627795.61
48,20,9,0.45,59202732.37,24655331.12
165,20,9,0.45,42497615.43,26505790
300,20,9,0.45,52383187.4,25269183.05
352,20,9,0.45,40056257.15,24091810.09
365,20,9,0.45,47122193.16,23634942.01
379,20,9,0.45,51845497.63,22740444.88
456,20,9,0.45,51346158.3,24114174.58
470,20,9,0.45,44073016.87,26302525.26
556,20,9,0.45,45976817.71,12833691.69
611,20,9,0.45,52693317.33,16825109.43
796,20,9,0.45,37503730.42,16047323.44
1008,20,9,0.45,57574008.65,28628738.17
1125,20,9,0.45,52453197.58,31827939.07
1165,20,9,0.45,60946580.08,26122307.77
1167,20,9,0.45,60047022.28,23559892.85
1247,20,9,0.45,50247750.93,26226985.54
1250,20,9,0.45,52002927.41,20267019
1136,29,13,0.448275862068966,79195955.92,37902572.45
131,18,8,0.444444444444444,51987260.94,22585759.39
220,18,8,0.444444444444444,44069342.95,21094400
355,27,12,0.444444444444444,53609330.82,23516512.22
443,18,8,0.444444444444444,43028626.87,21839336.54
490,18,8,0.444444444444444,39635132.06,15295768.54
582,18,8,0.444444444444444,45401708.9,21563323.99
756,18,8,0.444444444444444,50734303.52,25277928.96
782,18,8,0.444444444444444,31058000.81,13076821.42
815,18,8,0.444444444444444,49964677.78,28147620.74
829,18,8,0.444444444444444,41849746.23,18957533.01
986,18,8,0.444444444444444,41158974.46,20901982.45
987,18,8,0.444444444444444,40282209.11,16904178.06
1027,18,8,0.444444444444444,64742408.39,28333488.66
1035,18,8,0.444444444444444,48664776.43,19708144.72
1087,18,8,0.444444444444444,42448209.39,18747614.7
1098,18,8,0.444444444444444,51544277.88,23356335.86
1101,18,8,0.444444444444444,50547379.83,17858192.76
1188,18,8,0.444444444444444,45140174.49,21791089.68
1299,18,8,0.444444444444444,45577566.41,20211107.32
652,34,15,0.441176470588235,83328601.04,33631970.91
145,25,11,0.44,55864736.32,25784467.57
296,25,11,0.44,67084838.82,22358925.58
564,25,11,0.44,58314717.61,27233980.84
765,25,11,0.44,55948942.42,29654430.6
1081,25,11,0.44,58793064.26,27035289.29
1275,25,11,0.44,53013849.36,23939078.31
1348,25,11,0.44,65966259.35,24960079.9
46,16,7,0.4375,43279457.02,16946610.79
267,16,7,0.4375,32148263.46,10672041.73
312,16,7,0.4375,43072339.85,18010746.73
503,16,7,0.4375,32171747.07,13960207.57
519,16,7,0.4375,46620018.54,20257299.39
654,16,7,0.4375,34202170.63,15754229.47
745,16,7,0.4375,46635833.73,22846867.26
816,16,7,0.4375,33755246.87,20886545.13
983,16,7,0.4375,41722697.72,14270187.11
992,16,7,0.4375,38045165.47,20458697.43
1084,16,7,0.4375,23855593.25,10523235.64
1160,16,7,0.4375,30996973.16,15173720.95
1246,16,7,0.4375,41679738.87,19805157.83
1361,16,7,0.4375,39273778.55,16469954.2
7,23,10,0.434782608695652,66881418.62,31493046.72
334,23,10,0.434782608695652,47539630.81,15899610.99
405,23,10,0.434782608695652,52697024.3,20687633.31
665,23,10,0.434782608695652,66481167.84,27976889.36
795,23,10,0.434782608695652,68408728.93,33890569.97
840,23,10,0.434782608695652,74287264.76,30783994.96
863,23,10,0.434782608695652,62610554.76,30209654.09
969,23,10,0.434782608695652,52703495.26,24741370.2
1032,23,10,0.434782608695652,70119806.25,31498533.67
1095,23,10,0.434782608695652,50274642.61,26621783.39
1242,23,10,0.434782608695652,61973721.52,25390435.53
1406,23,10,0.434782608695652,69154073.64,30730882.61
1457,23,10,0.434782608695652,43231937.74,18478086.86
1475,23,10,0.434782608695652,44219480.43,11303601.77
12,21,9,0.428571428571429,51549104.5,24202803.71
30,21,9,0.428571428571429,49269556.6,19355420.99
38,14,6,0.428571428571429,35667835.49,14277398.43
50,21,9,0.428571428571429,53601348.24,22650403.08
65,14,6,0.428571428571429,33135706.72,13506679.02
74,28,12,0.428571428571429,62803744.73,22377050.16
146,14,6,0.428571428571429,31700567.2,15109912.88
156,28,12,0.428571428571429,59772376.52,22278418.82
163,14,6,0.428571428571429,26047134.54,11059557.24
196,21,9,0.428571428571429,41720119.35,19544559.14
250,21,9,0.428571428571429,50709875.46,24327706.76
295,21,9,0.428571428571429,49819497.22,25873662.63
326,21,9,0.428571428571429,51648403.11,24308449.76
410,14,6,0.428571428571429,36263517.22,13367472.88
463,14,6,0.428571428571429,31163920.07,17573500.62
467,21,9,0.428571428571429,58995905.31,26807998.35
590,14,6,0.428571428571429,41134821.92,17887045.08
622,21,9,0.428571428571429,42856790.71,21879813.54
624,21,9,0.428571428571429,51162183.63,23491007.47
641,21,9,0.428571428571429,58516947.91,26428956.85
663,21,9,0.428571428571429,46137588.06,17155537.14
693,21,9,0.428571428571429,45467129.01,19534902.6
696,21,9,0.428571428571429,56627909.47,25976052.06
721,21,9,0.428571428571429,52708005.29,23042357.31
731,21,9,0.428571428571429,56014664.46,23959485.09
740,21,9,0.428571428571429,58803070.83,26293724.74
849,14,6,0.428571428571429,25837979.61,12533762.29
901,21,9,0.428571428571429,54094390.44,20713591.26
958,14,6,0.428571428571429,32494637.46,16085622.2
974,14,6,0.428571428571429,38140229.97,11182193.79
985,21,9,0.428571428571429,53274944.23,18605970.78
1055,14,6,0.428571428571429,28224214.96,9572716.91
1069,21,9,0.428571428571429,54598132.69,27473723.96
1071,21,9,0.428571428571429,57440217.07,27023370.88
1090,28,12,0.428571428571429,72871368.89,29584981.58
1109,21,9,0.428571428571429,55818955.19,25667826.78
1222,21,9,0.428571428571429,46240281.86,12171039.06
1265,14,6,0.428571428571429,46319914.11,21313436.8
1324,14,6,0.428571428571429,30168771.67,15334712.4
1389,21,9,0.428571428571429,60074075.35,26631935.19
1411,14,6,0.428571428571429,39521810.09,17540023.42
1423,21,9,0.428571428571429,53937761.35,21857693.95
425,26,11,0.423076923076923,60155842.91,22986464.08
549,26,11,0.423076923076923,65214036.31,22059371.79
810,26,11,0.423076923076923,63244346.64,24618396.08
1498,26,11,0.423076923076923,59372229.12,25947413.74
8,19,8,0.421052631578947,38472145.45,19568244.92
72,19,8,0.421052631578947,45217609.07,26070441.71
121,19,8,0.421052631578947,60033754.82,28862223.21
149,19,8,0.421052631578947,52599187.67,20133966.94
188,19,8,0.421052631578947,37344301.7,19710372.59
207,19,8,0.421052631578947,58899440.28,33101719.6
259,19,8,0.421052631578947,34499151.83,15779022.01
262,19,8,0.421052631578947,38378141.46,20156355.75
304,19,8,0.421052631578947,47847225.33,22320795.21
384,19,8,0.421052631578947,53698920.65,16816169.88
395,19,8,0.421052631578947,54725135.07,23463480.57
499,19,8,0.421052631578947,45416633.24,20311249.26
501,19,8,0.421052631578947,52720752.67,23407262.41
825,19,8,0.421052631578947,45624756.64,21391703.63
882,19,8,0.421052631578947,49481427.56,17535947.41
973,19,8,0.421052631578947,53667211.76,25324462.12
1067,19,8,0.421052631578947,64686034.45,26338687.46
1119,19,8,0.421052631578947,40072349.99,22990562.85
1178,19,8,0.421052631578947,45367538.83,23781700.44
1303,19,8,0.421052631578947,50976132.13,17959886.38
1339,19,8,0.421052631578947,45061384.2,17905897.95
1344,19,8,0.421052631578947,41669785.19,21567203.74
1404,19,8,0.421052631578947,43095156.66,21563038.44
1465,19,8,0.421052631578947,57989059.89,24925522.67
1476,19,8,0.421052631578947,54645095.14,24327064.74
107,24,10,0.416666666666667,60276307.93,21455346.61
119,24,10,0.416666666666667,48466969.18,17834053.47
193,24,10,0.416666666666667,56336594.57,20693893.43
205,24,10,0.416666666666667,56418998.7,26823969.57
227,24,10,0.416666666666667,66693342.04,32109680.33
256,12,5,0.416666666666667,26344978.87,8557459.6
354,24,10,0.416666666666667,49081341.09,20671704.41
495,24,10,0.416666666666667,62943922.22,24175565.97
623,24,10,0.416666666666667,51753198.01,18801046.83
646,24,10,0.416666666666667,62038966.62,29132243.02
666,24,10,0.416666666666667,73784543.31,30589101.35
773,12,5,0.416666666666667,30691908,13539457.99
846,24,10,0.416666666666667,46455463.07,24664987.16
937,12,5,0.416666666666667,27698468.41,13078248.99
1047,24,10,0.416666666666667,49943884.07,25234287.39
1083,24,10,0.416666666666667,44955408.01,22766185.86
1164,24,10,0.416666666666667,66366620.24,31510459.38
1229,24,10,0.416666666666667,58449900.04,21707620.88
1351,24,10,0.416666666666667,59869064.66,21547276.16
1420,24,10,0.416666666666667,59702598.15,23797644.9
1448,12,5,0.416666666666667,30179587.32,9502056.84
150,29,12,0.413793103448276,83098520.13,30284557.87
465,29,12,0.413793103448276,73216286.21,33673056.72
1038,29,12,0.413793103448276,67974763.77,23654492.44
1513,29,12,0.413793103448276,66885536.18,25800357.9
6,17,7,0.411764705882353,42205131.61,21736933.98
186,17,7,0.411764705882353,48428525.55,21661318.55
201,17,7,0.411764705882353,41715996.37,17744342.24
318,17,7,0.411764705882353,53749048.71,24099960.19
439,17,7,0.411764705882353,40718864.21,13977532.8
440,17,7,0.411764705882353,54282802.84,24176868.03
464,17,7,0.411764705882353,51827917.46,20809683.09
468,17,7,0.411764705882353,42735683.84,15907969.21
511,17,7,0.411764705882353,58226327.99,24869602.99
636,17,7,0.411764705882353,36983544.21,13292075.62
653,17,7,0.411764705882353,50970194.54,20303779.83
668,17,7,0.411764705882353,47636052.96,23239072.76
719,17,7,0.411764705882353,47840423,20234844.17
746,17,7,0.411764705882353,38806131.13,16056532.11
954,17,7,0.411764705882353,48051146.03,21962318.51
959,17,7,0.411764705882353,48210145.95,18824459.03
1051,17,7,0.411764705882353,45839417.43,18157230.59
1052,17,7,0.411764705882353,43368129.56,14786073.89
1176,17,7,0.411764705882353,33083739.81,10161111.45
1214,17,7,0.411764705882353,39614804.5,21274137.87
1256,17,7,0.411764705882353,43251462.91,15476737.45
1332,34,14,0.411764705882353,71422122.14,27832896.48
1390,17,7,0.411764705882353,26095640.2,6473508.4
1422,17,7,0.411764705882353,48189453.37,20174785.65
1428,17,7,0.411764705882353,42022785.25,18742018.04
95,22,9,0.409090909090909,65967999.9,28399688.29
134,22,9,0.409090909090909,53925874.1,22195008.4
171,22,9,0.409090909090909,59367853.83,23154678.59
192,22,9,0.409090909090909,52099959.45,16545384.69
200,22,9,0.409090909090909,55086383.3,25521584.23
263,22,9,0.409090909090909,54165716.37,13441069.76
285,22,9,0.409090909090909,58705552.53,27057620.54
343,22,9,0.409090909090909,59891671.29,24262552.55
412,22,9,0.409090909090909,50775741.93,23363833.37
453,22,9,0.409090909090909,47541431.46,21125775.84
454,22,9,0.409090909090909,43938337.76,15671044.93
527,22,9,0.409090909090909,51630231.01,16115699.24
703,22,9,0.409090909090909,65611073.88,23282106.65
771,22,9,0.409090909090909,53304509.89,22304818.26
774,22,9,0.409090909090909,42398709.37,13107621.41
991,22,9,0.409090909090909,55917177.95,22888083.15
1106,22,9,0.409090909090909,45541456.41,17246081.8
1116,22,9,0.409090909090909,49593675.72,25612590.87
1180,22,9,0.409090909090909,55034067.1,28542850.85
1207,22,9,0.409090909090909,50711659.11,20168091.76
1335,22,9,0.409090909090909,46415453.73,17667679.45
1393,22,9,0.409090909090909,61611093.33,22056432.01
1409,22,9,0.409090909090909,57923187.86,22683052.3
1506,22,9,0.409090909090909,58459784.34,22923858.79
1511,22,9,0.409090909090909,59618635.76,19893462.48
1112,27,11,0.407407407407407,67428946.7,31305694.14
572,32,13,0.40625,70265196.88,28576807.38
3,20,8,0.4,46486999.01,22617872.24
9,15,6,0.4,34634566.25,12505378.98
42,15,6,0.4,26938856.89,10042324.69
96,15,6,0.4,31862827.39,11810758.82
104,20,8,0.4,38153989.39,13565477.48
124,15,6,0.4,46254922.6,15763829.02
125,20,8,0.4,52052915.21,11535463.37
164,25,10,0.4,65778186.25,30825519.66
172,15,6,0.4,34702726.58,17355462.86
202,20,8,0.4,51566492.62,24633041
219,15,6,0.4,31846107.87,9779714.06
282,15,6,0.4,41864372.22,14677865.14
361,30,12,0.4,73526356.38,29545552.93
378,20,8,0.4,49338428.18,18645097.4
407,20,8,0.4,36739570.92,16804788.72
505,20,8,0.4,61557520.9,26269191.82
515,10,4,0.4,19800748.4,10968223.15
518,25,10,0.4,76606670.54,27076949.25
606,20,8,0.4,58336991.27,23980450.33
633,30,12,0.4,70679291.61,22274045.22
647,15,6,0.4,33350168.84,5668315.54
648,20,8,0.4,55500760.65,24140738.61
651,20,8,0.4,48573124.76,20392361.87
672,20,8,0.4,48325094.69,19791645.07
679,15,6,0.4,33054719.29,13528175.36
685,25,10,0.4,63107273.81,23116374.4
733,15,6,0.4,34572963.14,12161704.54
778,25,10,0.4,58701180.18,23805127.59
789,15,6,0.4,43791228.14,17220468.25
790,15,6,0.4,29106555.26,14164168.06
806,20,8,0.4,41152551.3,22661909.54
823,25,10,0.4,62570517.51,26658862.43
851,15,6,0.4,39525592.29,17665215.27
869,15,6,0.4,37594124.64,16896054.37
920,15,6,0.4,38428851.78,14382893.21
931,15,6,0.4,30888981.47,14161976.53
1053,15,6,0.4,33758727.3,11553958.16
1118,20,8,0.4,50918550.07,18073702.44
1124,25,10,0.4,56257104.98,26297232.81
1148,35,14,0.4,75034454.33,26280030.11
1269,20,8,0.4,50293953.55,21157449.68
1307,15,6,0.4,33342384.59,9101419.46
1320,20,8,0.4,46542167.43,19535115.15
1363,20,8,0.4,58490375.61,23277488.77
1392,15,6,0.4,39063989.43,13538095.57
1394,20,8,0.4,39389876.27,10166539.18
1454,15,6,0.4,33486608.52,14488061.68
1472,20,8,0.4,53771373.02,19303918.48
1478,25,10,0.4,55776964.01,22942406.03
1503,20,8,0.4,51455554.55,12570947.24
1505,25,10,0.4,56065277.78,21051852.58
585,28,11,0.392857142857143,59712699.49,24027977.36
769,28,11,0.392857142857143,74898138.52,24384567.63
1225,28,11,0.392857142857143,77655997.7,31618630.12
1453,28,11,0.392857142857143,64097655.45,28451656.03
101,23,9,0.391304347826087,59888852.11,19024316.48
225,23,9,0.391304347826087,56718833.1,18811420.27
342,23,9,0.391304347826087,65845262.33,24403915.87
414,23,9,0.391304347826087,58078833.6,23335503.46
422,23,9,0.391304347826087,56669301.87,28782251.9
482,23,9,0.391304347826087,49859285.95,22974857.75
615,23,9,0.391304347826087,59985877.54,23574320.9
680,23,9,0.391304347826087,57186231.02,26974650.74
713,23,9,0.391304347826087,59047309.45,19774226.97
724,23,9,0.391304347826087,60869457.29,21195240.19
822,23,9,0.391304347826087,53997805.52,22676822.04
866,23,9,0.391304347826087,53098866.4,17770357.81
1077,23,9,0.391304347826087,52674055.25,25420015.64
1235,23,9,0.391304347826087,51842384.91,24441505.23
2,18,7,0.388888888888889,42255617.86,12325437.42
208,18,7,0.388888888888889,47582162.55,20109491.23
306,18,7,0.388888888888889,48558063.14,19749300.62
411,18,7,0.388888888888889,48579822.43,15886333.74
421,18,7,0.388888888888889,48022714.47,12637390.9
423,18,7,0.388888888888889,40343159.38,10881631.15
428,18,7,0.388888888888889,41166407.42,17045755.61
433,18,7,0.388888888888889,49323891.9,22002409.01
521,18,7,0.388888888888889,38614946.78,11853793.99
621,18,7,0.388888888888889,45148109.97,20166684.83
673,18,7,0.388888888888889,50973915.57,17504218.43
827,18,7,0.388888888888889,47205183.97,13959074.43
837,18,7,0.388888888888889,40794303.49,19569008.53
875,18,7,0.388888888888889,42940847.12,15496582.12
935,18,7,0.388888888888889,51240500.63,20128748.6
971,18,7,0.388888888888889,49420253.97,18976133.49
1082,18,7,0.388888888888889,46632321.07,17237697.19
1201,18,7,0.388888888888889,50808451.03,23815085.49
1213,18,7,0.388888888888889,52493965.3,24897465.64
1259,18,7,0.388888888888889,43020768.07,16671648.47
1318,18,7,0.388888888888889,44577812.13,21099247.61
1382,18,7,0.388888888888889,37388111.86,11098018.04
64,13,5,0.384615384615385,32958074.68,15028658.35
112,13,5,0.384615384615385,28269228.03,10134310.78
189,26,10,0.384615384615385,72179863.05,29004159.08
274,13,5,0.384615384615385,25800768.51,9570808.72
339,13,5,0.384615384615385,25578009.62,4919780.15
351,26,10,0.384615384615385,55673639.27,18323054.09
359,13,5,0.384615384615385,31329360.9,14573632.04
486,13,5,0.384615384615385,26502560.4,7961881.84
779,13,5,0.384615384615385,41250469.25,16010727.61
855,26,10,0.384615384615385,59947393.66,25300542.9
997,13,5,0.384615384615385,37280756.35,15663296.05
1280,13,5,0.384615384615385,33755390.1,17218891.03
1405,26,10,0.384615384615385,68265513.9,28037226.45
139,21,8,0.380952380952381,48206852.78,14189290.26
144,21,8,0.380952380952381,49929736.11,19246155.41
169,21,8,0.380952380952381,49619496.67,18888240.01
177,21,8,0.380952380952381,59456535.19,18120655.3
197,21,8,0.380952380952381,64799426.87,20285702.97
393,21,8,0.380952380952381,57032997.34,18425604.78
449,21,8,0.380952380952381,50411897.22,19992761.69
506,21,8,0.380952380952381,52453991.36,20609654.24
1010,21,8,0.380952380952381,48661210.49,18555942.16
1168,21,8,0.380952380952381,48466376.04,17190884
1217,21,8,0.380952380952381,52212864.07,22876876.08
1309,21,8,0.380952380952381,49068444.47,17321795.95
1417,21,8,0.380952380952381,57959762.62,20949995.71
1375,29,11,0.379310344827586,71634504.99,30252725.52
14,24,9,0.375,72359242.54,24790385.74
31,16,6,0.375,40506438.4,18316434.03
67,24,9,0.375,61655492.42,19378454.68
91,32,12,0.375,75235383.48,32386307.28
97,24,9,0.375,62240878.14,16304480
138,16,6,0.375,41329224.21,18569393.81
158,24,9,0.375,66033101.8,24196780.56
283,24,9,0.375,57724656.71,13239548.41
537,16,6,0.375,35992510.02,13730196.65
539,24,9,0.375,55303195.99,16179132.25
540,16,6,0.375,46471056.54,20941367.1
542,16,6,0.375,49355466.21,20390591.47
562,24,9,0.375,49686730.56,20728327.2
692,16,6,0.375,42740399.51,19545433.01
728,16,6,0.375,44884731.42,20859950.93
798,16,6,0.375,41559986.71,15182092.63
842,16,6,0.375,36395899.29,10212783.45
844,24,9,0.375,64438236.74,20441526.93
881,16,6,0.375,37147896.36,13501250.28
883,24,9,0.375,70111938.83,23623431.25
897,16,6,0.375,43958142.63,9513000.15
1045,16,6,0.375,36916925.3,14380616.99
1115,24,9,0.375,53900403.88,15952663.07
1133,24,9,0.375,58260669.4,20208131.1
1169,24,9,0.375,62788709.41,29328570
1357,24,9,0.375,52870887.8,18147319.01
1358,16,6,0.375,36646972.64,13780898.38
1391,16,6,0.375,44825304.28,16717768.01
1445,16,6,0.375,39575124.81,14689486.8
1463,24,9,0.375,59385237.46,19209735.76
1468,24,9,0.375,58793315.66,21476564.31
1482,16,6,0.375,33245232.12,13826038.46
419,27,10,0.37037037037037,67956604.46,23774448.17
759,27,10,0.37037037037037,62932818.31,24719735.04
853,27,10,0.37037037037037,61817892.05,22425069.65
861,27,10,0.37037037037037,71745179.19,29673114.47
933,27,10,0.37037037037037,74887105.96,24467702.34
60,19,7,0.368421052631579,58258430.04,24145241.86
108,19,7,0.368421052631579,36095545.5,13353851.33
237,19,7,0.368421052631579,40966185.56,13903714.51
272,19,7,0.368421052631579,39929123.11,13195798.83
299,19,7,0.368421052631579,45808138.31,22107615.13
323,19,7,0.368421052631579,44660568.57,13175440.79
424,19,7,0.368421052631579,40457162.91,13827045.02
602,19,7,0.368421052631579,53441531.88,16851482.04
619,19,7,0.368421052631579,50388030.15,18365897.22
649,19,7,0.368421052631579,36517933.31,15772876.73
1043,19,7,0.368421052631579,42630867.34,15990254.47
1050,19,7,0.368421052631579,57543682.55,22922759.81
1099,19,7,0.368421052631579,52677355.46,14077718.17
1107,19,7,0.368421052631579,52291798.34,17511965.3
1141,19,7,0.368421052631579,47597431.28,16361129.7
1181,19,7,0.368421052631579,40882477.45,14211655.2
1204,19,7,0.368421052631579,43454336.15,14612653.57
1273,19,7,0.368421052631579,52243582.12,21890051.11
1311,19,7,0.368421052631579,45635335.39,12109068.92
1407,19,7,0.368421052631579,37292467.53,10155836.17
529,30,11,0.366666666666667,81698500.73,29203793.98
1132,30,11,0.366666666666667,83700393.29,31606184.18
98,11,4,0.363636363636364,36995614.74,15380568.48
123,11,4,0.363636363636364,22092853.35,2079680.17
363,22,8,0.363636363636364,57697190.69,20601235.23
427,22,8,0.363636363636364,57401964.57,20408035.77
448,11,4,0.363636363636364,25346424.61,12179761.37
513,22,8,0.363636363636364,60628726.19,22352152.04
547,22,8,0.363636363636364,52991776.09,18532376.82
608,22,8,0.363636363636364,52522411.96,24549923.44
707,22,8,0.363636363636364,44263976.65,17011203.34
722,22,8,0.363636363636364,68344439.34,23777928.35
804,22,8,0.363636363636364,50181262.92,19738640.4
830,33,12,0.363636363636364,92030402.43,30274076.44
832,22,8,0.363636363636364,50781131.91,27200195.98
850,22,8,0.363636363636364,41679895.08,17871032.41
856,22,8,0.363636363636364,46841026.76,14760573.54
1021,22,8,0.363636363636364,53969950.17,20604645.98
1097,22,8,0.363636363636364,63443441.68,23656639.41
1184,22,8,0.363636363636364,59872576.94,24605671.99
1200,22,8,0.363636363636364,64517379.5,24253443.06
1203,22,8,0.363636363636364,55500202.94,8461832.4
1215,22,8,0.363636363636364,64724754.79,25678938.19
1304,22,8,0.363636363636364,58626711.87,18386209.62
254,25,9,0.36,67397939.93,24042664.31
580,25,9,0.36,57868837.01,23165861.08
864,25,9,0.36,62365623.16,25571092.11
934,25,9,0.36,56856416.85,16002845.56
1086,25,9,0.36,62141441.75,21676436.66
1100,25,9,0.36,62322100.95,26564234.19
1192,25,9,0.36,64827818.37,21151356.51
1441,25,9,0.36,66260213.44,21536421.51
58,28,10,0.357142857142857,71778290.95,26105451.72
83,28,10,0.357142857142857,80068955.47,33473349.92
366,14,5,0.357142857142857,36364530.09,12686473.9
394,14,5,0.357142857142857,40846649.9,10185467.72
751,28,10,0.357142857142857,75712752.22,26744968.54
949,14,5,0.357142857142857,29659080.36,7583834.96
1091,28,10,0.357142857142857,59822929.03,21392048.25
1170,14,5,0.357142857142857,41827321.36,16068232.34
1226,14,5,0.357142857142857,34533937.99,11067241.73
1312,14,5,0.357142857142857,34415698.93,18321629.08
1379,14,5,0.357142857142857,40064669.51,14145129.85
1028,31,11,0.354838709677419,87189222.51,30631997.52
100,17,6,0.352941176470588,42622580.8,14420420.28
103,17,6,0.352941176470588,28604911.62,6612017.46
136,17,6,0.352941176470588,47540174.23,14186832.06
315,17,6,0.352941176470588,48609624.78,18088824.21
333,17,6,0.352941176470588,45176081.7,17238860.45
383,17,6,0.352941176470588,40808212.63,14154693.71
408,17,6,0.352941176470588,42194034.34,14615429.25
416,17,6,0.352941176470588,41698449.31,17471805.73
480,17,6,0.352941176470588,43634397.09,13480563.22
697,17,6,0.352941176470588,44736947.04,15344219.79
767,17,6,0.352941176470588,43286836.11,18701538.4
780,17,6,0.352941176470588,41992635.42,12407082.66
858,17,6,0.352941176470588,43533419.76,22414309.95
911,17,6,0.352941176470588,35096491.51,8631111.31
922,17,6,0.352941176470588,47631014.9,20460545.46
932,17,6,0.352941176470588,38590341.19,16575591.86
1156,17,6,0.352941176470588,43358002.94,16584533.17
1195,17,6,0.352941176470588,53956887.02,19160249.2
1227,17,6,0.352941176470588,36766343.79,15904206.89
1512,17,6,0.352941176470588,39432410.47,9167074.52
298,20,7,0.35,36878299.21,14471508.38
367,20,7,0.35,52519104.09,13350696.02
444,20,7,0.35,57179915.68,18224067.65
526,20,7,0.35,55194922.71,17413049.54
541,20,7,0.35,52348008.65,13986592.08
919,20,7,0.35,48140769.97,12428271.55
977,20,7,0.35,53855445.93,20015145.34
1001,20,7,0.35,61250578.15,24185728.15
1072,20,7,0.35,43763330.71,21251820.62
1429,20,7,0.35,46975397.6,12575456.96
128,23,8,0.347826086956522,64963465.04,23954858.87
528,23,8,0.347826086956522,57550156.62,20272103.94
807,23,8,0.347826086956522,56436300.44,19732674.01
908,23,8,0.347826086956522,57975826.88,22204171.82
995,23,8,0.347826086956522,50431257.31,15124907.98
1018,23,8,0.347826086956522,60625693.61,18115562.48
1430,23,8,0.347826086956522,57127160.37,17153680.11
1369,26,9,0.346153846153846,63786308.83,21579532.08
245,29,10,0.344827586206897,74988894.98,23127202.38
1219,32,11,0.34375,73634457.75,25880831.7
20,18,6,0.333333333333333,44532413.44,9822375.17
52,15,5,0.333333333333333,35245660.46,9025981.91
80,12,4,0.333333333333333,35640970.74,12029899.6
85,21,7,0.333333333333333,57068301.03,17078151.62
106,18,6,0.333333333333333,42758849.08,9806489.83
115,15,5,0.333333333333333,35801267.47,10559242.3
129,12,4,0.333333333333333,25759354.09,11387481.45
130,18,6,0.333333333333333,41909946.89,14974136.49
133,15,5,0.333333333333333,34295493.09,6587293.55
142,24,8,0.333333333333333,62051809.13,19011058.25
148,18,6,0.333333333333333,46081860.55,12967843.5
161,15,5,0.333333333333333,43135093.46,11958294.98
175,24,8,0.333333333333333,49215791.79,15305093.85
176,21,7,0.333333333333333,63242848.72,15719033.09
178,18,6,0.333333333333333,56195753.66,15554328.77
185,18,6,0.333333333333333,47694883.31,11913797.86
211,21,7,0.333333333333333,62745846.47,23701638.28
217,21,7,0.333333333333333,46179911.97,18059439.98
268,15,5,0.333333333333333,37290227.63,10657454.15
279,21,7,0.333333333333333,42734110.02,13668243.46
291,15,5,0.333333333333333,30765882.79,11216308.38
301,18,6,0.333333333333333,54000000.82,21423143.34
347,24,8,0.333333333333333,53315396.43,14732139.21
349,21,7,0.333333333333333,45364897.08,13300979.59
406,27,9,0.333333333333333,50361861.84,18396163.82
426,15,5,0.333333333333333,29943435.85,16061501.13
445,21,7,0.333333333333333,54575275.13,18157398.88
457,27,9,0.333333333333333,58580012.61,14343926.8
492,12,4,0.333333333333333,27286022.33,9132506.36
504,18,6,0.333333333333333,42442732.28,10580814.57
594,12,4,0.333333333333333,26066408.7,13355918.84
658,18,6,0.333333333333333,56043727.52,18629616.35
670,24,8,0.333333333333333,63524476.23,23318484.26
684,18,6,0.333333333333333,39100084.6,5016655.1
701,12,4,0.333333333333333,29736839.15,4633284.94
718,21,7,0.333333333333333,47125054.63,17662491.46
750,24,8,0.333333333333333,47136567.8,18797031.25
757,21,7,0.333333333333333,57852968.42,15464793.37
772,15,5,0.333333333333333,34732917.01,13158313.21
803,18,6,0.333333333333333,41047086.32,16512497.32
824,18,6,0.333333333333333,36873183.43,8865280.87
833,18,6,0.333333333333333,37684966.83,10820387.89
865,24,8,0.333333333333333,39175708.62,13034421.04
868,18,6,0.333333333333333,45589313.29,14376940.53
913,15,5,0.333333333333333,38969333.23,14620798.68
941,15,5,0.333333333333333,42134311.73,15108892.35
955,24,8,0.333333333333333,53376872.02,20688602.52
960,12,4,0.333333333333333,25093575.36,11474914.4
965,21,7,0.333333333333333,53134423.53,11500909.31
979,18,6,0.333333333333333,51331029.37,16531299.52
1019,24,8,0.333333333333333,57864616.35,23434869.42
1039,18,6,0.333333333333333,49527549.77,16122759.45
1048,24,8,0.333333333333333,64681931.9,23107267.09
1062,15,5,0.333333333333333,37435658.13,10971053.49
1065,18,6,0.333333333333333,45524453.36,15913703.02
1094,15,5,0.333333333333333,38867342.56,10475421.5
1123,27,9,0.333333333333333,60018450.22,21835038.95
1126,21,7,0.333333333333333,52965195.66,16061856.34
1127,9,3,0.333333333333333,16576054.19,8156825.81
1143,15,5,0.333333333333333,47698417.78,18217964.36
1166,18,6,0.333333333333333,46446095,11872083.53
1196,24,8,0.333333333333333,62789938.45,21050913.57
1237,18,6,0.333333333333333,49049079.02,18014789.13
1251,21,7,0.333333333333333,56160608.08,18796264.88
1252,21,7,0.333333333333333,43746042.98,17421491.95
1278,21,7,0.333333333333333,51639211.19,9973164.51
1301,18,6,0.333333333333333,51050758.6,16221039.96
1322,21,7,0.333333333333333,53727468.31,11804902.46
1341,21,7,0.333333333333333,54780483.56,26096134.33
1384,12,4,0.333333333333333,26754451.93,11302809.42
1431,15,5,0.333333333333333,45587392.39,13618869.35
1469,18,6,0.333333333333333,52622292.37,21864603.79
1491,18,6,0.333333333333333,35244775.56,12859357.07
1508,18,6,0.333333333333333,50163009.27,12474251.65
1516,18,6,0.333333333333333,43296954.94,15730258.58
374,28,9,0.321428571428571,74672387.02,27683088.6
1191,28,9,0.321428571428571,61165773.28,14548484.79
485,25,8,0.32,58112349.89,17646786.27
659,25,8,0.32,58838713.92,24516669.84
23,22,7,0.318181818181818,55973314.76,13694016.29
122,22,7,0.318181818181818,57708729.65,16313106.81
691,22,7,0.318181818181818,48467330.9,17743936.83
749,22,7,0.318181818181818,59595319.95,23840709.86
1385,22,7,0.318181818181818,53056145.78,22265167.52
1496,22,7,0.318181818181818,54782208.33,17383482.05
51,19,6,0.315789473684211,44350321.42,17645095.28
88,19,6,0.315789473684211,39322732.81,11859209.71
93,19,6,0.315789473684211,44591186.41,14453984.5
105,19,6,0.315789473684211,39188583.41,16128509.5
430,19,6,0.315789473684211,55936006.36,22711017.23
451,19,6,0.315789473684211,47949801.65,16134173.53
489,19,6,0.315789473684211,38176245.15,9448122.6
567,19,6,0.315789473684211,41003172.52,11382628.16
788,19,6,0.315789473684211,44127729.24,16234480.27
972,19,6,0.315789473684211,52544426.51,15942269.58
1089,19,6,0.315789473684211,54496497.33,9125495.88
1096,19,6,0.315789473684211,46195775.63,15648914.93
1105,19,6,0.315789473684211,47751779.2,18518968.55
1257,19,6,0.315789473684211,35975785.16,12171933.7
1352,19,6,0.315789473684211,44474348.2,20795472.74
28,16,5,0.3125,37565649.44,11774852.92
53,16,5,0.3125,37428133.58,15508071.1
248,16,5,0.3125,37916990.12,11664929.2
253,16,5,0.3125,40380720.37,14798851.55
271,16,5,0.3125,42830832.97,13569201.55
358,16,5,0.3125,35363245.31,11908153.94
569,16,5,0.3125,47210857.06,15844091.3
607,16,5,0.3125,41145397.44,15266490.31
630,16,5,0.3125,45420671.55,16237743.6
643,16,5,0.3125,37100171.8,9821696.77
708,16,5,0.3125,35664996.02,13818450.01
860,16,5,0.3125,50424281.63,11672061.23
870,16,5,0.3125,34673656.55,15475446.65
938,16,5,0.3125,36543457.66,10851773.4
1070,16,5,0.3125,36665609.89,4293752.74
1078,16,5,0.3125,46977105.8,16208898.65
1460,16,5,0.3125,35209931.67,17246915.79
1486,29,9,0.310344827586207,73754226.6,26458763.85
174,13,4,0.307692307692308,28411541.68,9143657.65
322,13,4,0.307692307692308,43478372.27,15334520.26
375,13,4,0.307692307692308,28607278.86,8162383.67
799,13,4,0.307692307692308,38954369.22,11381070.49
874,13,4,0.307692307692308,33904719.02,12126715.33
1145,13,4,0.307692307692308,18382693.99,4300674.54
1161,13,4,0.307692307692308,29400249.46,7497389.79
1371,13,4,0.307692307692308,24992774.25,8769220.86
11,23,7,0.304347826086957,62112005.98,18651922.36
33,23,7,0.304347826086957,40251799.59,10014979.97
39,23,7,0.304347826086957,57773620.26,19622978.68
167,23,7,0.304347826086957,61903636.56,14253391.79
191,23,7,0.304347826086957,52528082.32,17280134.78
517,23,7,0.304347826086957,62816395.56,23678782.81
753,23,7,0.304347826086957,67151953.55,14249813.83
839,23,7,0.304347826086957,55615509.14,19305786.66
896,23,7,0.304347826086957,57278342,15013877.65
1211,23,7,0.304347826086957,53826599.28,24448694.39
1494,23,7,0.304347826086957,55527369.97,21299770.3
273,20,6,0.3,59225299.88,14623854.6
466,20,6,0.3,66430356.24,19824536.8
497,10,3,0.3,31537027.48,8784620.77
592,20,6,0.3,55024800.46,18070763.7
617,20,6,0.3,45790966.4,12257780.13
635,20,6,0.3,53394205.48,18473722.51
667,30,9,0.3,61440925.78,15545813.65
808,20,6,0.3,57518254.9,10980186.77
811,20,6,0.3,51518338.62,13872130.41
970,20,6,0.3,51415433.79,9959361.14
975,30,9,0.3,74527471.82,23545037.24
1003,20,6,0.3,54796703.23,20596735.98
1060,20,6,0.3,51864577.68,12715147.24
1092,20,6,0.3,50183118.75,7619355.45
1159,10,3,0.3,27694710.18,9433044.21
1362,10,3,0.3,26976879.75,8483656.54
1381,30,9,0.3,79301373,21621428.44
1435,20,6,0.3,42875071.54,16467328.67
222,17,5,0.294117647058824,46400736.51,11894303.67
332,17,5,0.294117647058824,47245840.69,10605839.84
502,17,5,0.294117647058824,37323246.56,10544929.43
530,17,5,0.294117647058824,40941532.7,8768512.7
678,17,5,0.294117647058824,46574293.97,13821271.19
717,17,5,0.294117647058824,40047994.66,12539601.28
1154,17,5,0.294117647058824,57671098.47,17708242.86
1218,17,5,0.294117647058824,42149449.99,15937832.14
1230,17,5,0.294117647058824,41813748.2,7440594.26
1376,17,5,0.294117647058824,50137872.58,14538744.23
55,24,7,0.291666666666667,52998182.37,13733227.92
229,24,7,0.291666666666667,56103373.26,22052482.17
605,24,7,0.291666666666667,60329309.83,17776181.91
760,24,7,0.291666666666667,47657517.73,16696521.86
230,31,9,0.290322580645161,64634228.52,14506489.39
214,14,4,0.285714285714286,29954139.35,8746635.28
224,14,4,0.285714285714286,42601530.57,14460097.75
368,21,6,0.285714285714286,55749692,15335219.63
377,14,4,0.285714285714286,27477008.31,8723476.2
396,14,4,0.285714285714286,28886336.8,2960415.46
460,14,4,0.285714285714286,29399693.74,6730934.79
560,14,4,0.285714285714286,36594201.67,5942976.43
650,14,4,0.285714285714286,32339015.04,9783829.23
923,21,6,0.285714285714286,51730659.55,17923213.14
981,14,4,0.285714285714286,42112471.09,14786473.04
1155,21,6,0.285714285714286,56238003.65,16387402.82
1202,21,6,0.285714285714286,47873655.57,15429678.8
1209,14,4,0.285714285714286,26611368.66,12614183.58
1346,21,6,0.285714285714286,44317673.81,9074874.89
1011,25,7,0.28,61540040.44,21091580.43
1088,25,7,0.28,57794851.85,23909084.91
190,18,5,0.277777777777778,36234405.7,10120486.27
243,18,5,0.277777777777778,35769026.5,7448517.03
436,18,5,0.277777777777778,39700745.56,11283026.61
553,18,5,0.277777777777778,41716966.59,9034343.91
574,18,5,0.277777777777778,44520392.38,12043377.25
645,18,5,0.277777777777778,41617342.31,6707423.92
784,18,5,0.277777777777778,50509710.96,7940747.89
813,18,5,0.277777777777778,48549988.54,15064594.65
898,18,5,0.277777777777778,41005051.81,17788131.07
1037,18,5,0.277777777777778,37327125.3,10484872.33
1290,18,5,0.277777777777778,39997954.41,15899296.31
1388,18,5,0.277777777777778,35595565.49,6466460.32
706,29,8,0.275862068965517,74688670.09,22784490.93
56,22,6,0.272727272727273,57939203.23,11718033.56
141,22,6,0.272727272727273,65115669.91,18786923.89
195,22,6,0.272727272727273,48467611.18,16009884.66
305,22,6,0.272727272727273,58629320.5,14355186.59
307,22,6,0.272727272727273,62209168.19,18928509.85
568,11,3,0.272727272727273,26746595.94,6115785.68
711,11,3,0.272727272727273,26240727.95,5137737.52
768,11,3,0.272727272727273,26882433.21,9903439.55
1366,11,3,0.272727272727273,28592528.77,10071648.58
1374,22,6,0.272727272727273,39493565.8,16390214.5
852,26,7,0.269230769230769,69251262.44,21399230.74
437,15,4,0.266666666666667,39572517.08,8682869.47
794,15,4,0.266666666666667,31984880.31,9931566.52
862,15,4,0.266666666666667,47130478.03,9525840.18
1016,15,4,0.266666666666667,40742829.35,11740732.81
1108,15,4,0.266666666666667,31944210.56,9050261.01
1313,15,4,0.266666666666667,31760860.02,8567791.12
1449,15,4,0.266666666666667,43580079.02,15496332.42
536,19,5,0.263157894736842,47549021.59,8829107.24
715,19,5,0.263157894736842,57981963.06,12362909.14
817,19,5,0.263157894736842,43213305.94,8062915.22
902,19,5,0.263157894736842,54694821.21,16998031.38
1510,19,5,0.263157894736842,47764189.74,14280642.84
742,23,6,0.260869565217391,53320636.26,10248978.11
442,31,8,0.258064516129032,87121225.62,16251569.6
43,16,4,0.25,45827662.53,7369620.26
255,20,5,0.25,49386599.96,11535762.53
266,24,6,0.25,64223079.25,11774722.79
330,36,9,0.25,101248751.66,24894538.26
369,16,4,0.25,40985864.75,10972889.35
478,24,6,0.25,56511609.09,15443559.26
487,12,3,0.25,29757668.55,4636898.38
640,20,5,0.25,44948081.07,9532721.58
655,16,4,0.25,43721166.83,14555613.62
743,16,4,0.25,42016681.02,7527581.86
792,16,4,0.25,39436756.33,9877619.91
857,20,5,0.25,58401506.54,13586108.7
887,24,6,0.25,73763638.13,13549285.94
895,24,6,0.25,53025207.07,10514835.2
944,16,4,0.25,27005201.56,9658840.98
1093,20,5,0.25,36785813.6,12304066.77
1212,20,5,0.25,61374477.94,11218752.39
1380,16,4,0.25,41842343.12,11234935.35
1450,16,4,0.25,39494465.9,8644377.48
1210,25,6,0.24,55448800.14,15495511.45
228,21,5,0.238095238095238,54440151.89,15855167.46
356,21,5,0.238095238095238,64220509.07,18882873.28
409,21,5,0.238095238095238,63111016.27,13031187.12
854,21,5,0.238095238095238,44932762.28,7959049.27
1064,21,5,0.238095238095238,51123460.42,10303425.24
221,17,4,0.235294117647059,35122147.42,8653057.12
278,17,4,0.235294117647059,37396543.01,8302597.69
758,17,4,0.235294117647059,53239132.02,13891540.45
1031,17,4,0.235294117647059,37769743.25,11307707.58
1140,17,4,0.235294117647059,34668459.66,6747120.82
783,30,7,0.233333333333333,80170032.4,21434927.22
114,13,3,0.230769230769231,31007114.58,7819925.24
371,13,3,0.230769230769231,31817135.91,5978341.53
735,13,3,0.230769230769231,34876125.35,8035891.02
1337,13,3,0.230769230769231,36539998,8181423.29
1433,13,3,0.230769230769231,31593464.4,4699421.45
212,22,5,0.227272727272727,52885304.01,9963259.61
391,22,5,0.227272727272727,65834936.34,11828133.27
432,22,5,0.227272727272727,54919803.09,10459154.88
1046,22,5,0.227272727272727,51752268.46,7285269.97
1261,22,5,0.227272727272727,61891437.28,13271415.21
127,9,2,0.222222222222222,25461432.64,3673853.27
162,9,2,0.222222222222222,17850584.3,2612696.19
597,9,2,0.222222222222222,20628247,2578173.4
1286,18,4,0.222222222222222,43857281.65,9661346.87
1397,18,4,0.222222222222222,36765898.29,2499297.85
182,23,5,0.217391304347826,66131737.68,16293340.86
284,14,3,0.214285714285714,33711568.47,5292539.14
545,14,3,0.214285714285714,34955400.13,6897028.62
1029,28,6,0.214285714285714,59948374.57,12903504.14
34,19,4,0.210526315789474,48176167.25,9574818.49
523,19,4,0.210526315789474,55919594.3,9972038.02
1447,19,4,0.210526315789474,40984642.86,8881723.36
10,15,3,0.2,32684875.52,7038579.85
348,25,5,0.2,68582168.1,11560293.93
458,20,4,0.2,35773414.28,3472815.06
906,20,4,0.2,51866219.33,9586239.94
1150,10,2,0.2,22531417.55,7098891.44
1493,26,5,0.192307692307692,73633764.22,19667138.74
19,21,4,0.19047619047619,45013832.7,8204944.8
891,21,4,0.19047619047619,48552871.39,9298631.65
1007,21,4,0.19047619047619,55541419.24,13210880.61
1434,21,4,0.19047619047619,59658282.81,9001506.8
752,16,3,0.1875,55115782.61,10716714.49
876,16,3,0.1875,52257635.89,13628515.22
1079,16,3,0.1875,38168473.78,5064607.46
1412,16,3,0.1875,42272473.7,6606927.08
233,11,2,0.181818181818182,38808423.52,8289123.41
747,11,2,0.181818181818182,21379743.44,2006530.8
1489,22,4,0.181818181818182,55438842.89,12616419.03
447,17,3,0.176470588235294,40919335.7,8107465.67
702,17,3,0.176470588235294,44724490.82,8452025.21
962,17,3,0.176470588235294,40718297.74,10823611.43
1284,17,3,0.176470588235294,47036502.47,9968209.68
814,23,4,0.173913043478261,61653086.35,10439536.19
507,12,2,0.166666666666667,24597800.5,4677466.21
682,18,3,0.166666666666667,44164282.77,7215726.29
818,24,4,0.166666666666667,50128707.43,5279354.61
1158,18,3,0.166666666666667,44428801.93,10129140.39
1364,18,3,0.166666666666667,43432703.75,4029807.47
1240,13,2,0.153846153846154,23669217.95,1860430.61
787,22,3,0.136363636363636,63391932.52,10652641.39
631,8,1,0.125,21105117.05,1574911.58
723,16,2,0.125,37739396.77,5703742.04
1013,16,2,0.125,48930783.99,4633206.71
1353,20,2,0.1,49249738.72,3181104.83
1163,12,1,0.0833333333333333,19051548.92,531152.92
1426,17,1,0.0588235294117647,34386823.84,1739703.01
