account_id,avg_amount,std_amount,most_common_type,preferred_channel,usual_hour,top_merchant,top_location
2,2347534.3255555555,1376168.0949775933,Debit,Branch,16,Unknown,Yangon
3,2324349.9505,1305616.955423631,Debit,Branch,4,Unknown,Yangon
4,2229189.7399999998,1572712.1843917368,Credit,ATM,2,Unknown,Pathein
5,2078750.0608333333,1385440.1493180047,Credit,Branch,12,Unknown,Yangon
6,2482654.8005882353,1308620.973562915,Debit,Branch,16,Unknown,Yangon
7,2907887.7660869565,1399826.0860532154,Debit,Online,21,Unknown,Yangon
8,2024849.760526316,1424044.5525021013,Debit,ATM,5,Unknown,Yangon
9,2308971.0833333335,1526916.8244554382,Debit,POS,5,Unknown,Mawlamyine
10,2178991.7013333333,1537931.9012546896,Credit,Online,13,Unknown,Yangon
11,2700521.999130435,1559230.9190916345,Debit,POS,18,Unknown,Yangon
12,2454719.261904762,1613923.2352987283,Debit,POS,8,Unknown,Yangon
13,2140095.0865625,1451729.4992352647,Credit,POS,2,Unknown,Yangon
14,3014968.439166667,1226877.5167297786,Debit,Branch,13,Unknown,Yangon
15,2745505.1986666666,1248428.90240556,Debit,POS,18,Unknown,Bago
17,2950695.5568750002,1405215.9876590616,Debit,Online,3,Unknown,Yangon
19,2143515.842857143,1679349.1931301467,Debit,POS,6,Unknown,Yangon
20,2474022.9688888886,1647591.173088433,Debit,Online,9,Unknown,Yangon
21,2670241.69375,1309200.6809312394,Debit,ATM,4,Unknown,Yangon
22,3014150.7744,1388851.3736128998,Debit,Branch,0,Unknown,Yangon
23,2544241.58,1490782.4846575498,Debit,ATM,22,Unknown,Yangon
24,2347841.1845454546,1367882.4799930938,Debit,ATM,5,Unknown,Yangon
27,2581546.8276190474,1389222.5898031949,Credit,Branch,5,Unknown,Yangon
28,2347853.09,1503203.4700945506,Debit,POS,6,Unknown,Yangon
30,2346169.3619047618,1438363.0993752463,Debit,Branch,8,Unknown,Yangon
31,2531652.4,1590167.9836160473,Debit,POS,3,Unknown,Yangon
32,2621524.7214285713,1430938.6208748068,Debit,Online,22,Unknown,Yangon
33,1750078.2430434783,1401480.3140437508,Debit,ATM,4,Unknown,Yangon
34,2535587.75,1547022.385451618,Debit,Online,8,Unknown,Yangon
38,2547702.535,1454023.41754646,Credit,POS,3,Unknown,Yangon
39,2511896.533043478,1211931.7186881383,Debit,Online,1,Unknown,Yangon
41,2786597.9282352943,1606712.2959183783,Credit,Online,2,Unknown,Yangon
42,1795923.7926666667,1189700.4559466604,Debit,ATM,10,Unknown,Yangon
43,2864228.908125,1368474.76981127,Debit,ATM,9,Aung San Market,Yangon
44,2050903.4166666667,1615992.027564663,Debit,Online,1,Unknown,Yangon
45,1564433.7850000001,858672.8505495829,Debit,ATM,1,Unknown,Yangon
46,2704966.0637499997,1174679.712399418,Credit,Online,3,Unknown,Sittwe
47,2228725.5684615383,1649323.8617735596,Debit,POS,6,Unknown,Yangon
48,2960136.6185,1395364.192619092,Debit,ATM,17,Unknown,Yangon
49,2413668.8711111112,1735495.7333199312,Credit,Branch,3,Unknown,Yangon
50,2552445.1542857145,1758337.1036852747,Debit,Online,7,Unknown,Yangon
51,2334227.443157895,1307691.8932779469,Debit,POS,13,Unknown,Yangon
52,2349710.6973333335,1573687.5081310314,Debit,ATM,0,Unknown,Yangon
53,2339258.34875,1194280.8991950022,Debit,ATM,1,Unknown,Yangon
54,2661037.7030769233,1195603.7651006992,Debit,POS,22,Unknown,Yangon
55,2208257.59875,1163450.3523289296,Debit,ATM,16,Unknown,Yangon
56,2633600.1468181815,1457709.697935359,Debit,Branch,18,Unknown,Yangon
58,2563510.3910714285,1595811.2323936017,Credit,ATM,15,Unknown,Yangon
60,3066233.16,1317106.1424282982,Debit,ATM,21,Unknown,Yangon
61,2901393.3375,1351423.0626792128,Credit,Branch,3,Unknown,Monywa
62,2635659.1125,1675385.2973590358,Debit,ATM,12,Unknown,Yangon
64,2535236.513846154,1276286.064975365,Debit,Online,11,Unknown,Yangon
65,2366836.194285714,1412719.6902728574,Debit,Branch,2,Unknown,Yangon
67,2568978.8508333336,1484140.01873114,Debit,POS,22,Unknown,Yangon
68,2644216.793529412,1367540.348363276,Debit,Online,2,Unknown,Mawlamyine
70,1935593.5523076924,1570649.5840753256,Debit,ATM,5,Unknown,Yangon
71,2614730.444761905,1546871.7951570014,Debit,ATM,2,Unknown,Taunggyi
72,2379874.161578947,1529984.3527150368,Debit,POS,2,Unknown,Naypyidaw
73,2556343.4461904764,1490253.070923702,Credit,Online,19,Unknown,Yangon
74,2242990.8832142856,1441881.9227456506,Debit,Branch,7,Unknown,Yangon
76,1593675.635,1015695.9908892214,Debit,ATM,19,Unknown,Taunggyi
77,2444079.9711111113,1728650.1009665318,Debit,ATM,9,Unknown,Yangon
78,2255355.82875,1509657.2493904517,Credit,Branch,2,Unknown,Monywa
80,2970080.895,1420650.9403370142,Debit,POS,13,Ocean Supercenter,Yangon
81,2004388.5746666668,1269172.7933451114,Debit,POS,16,Unknown,Yangon
82,2910492.794545455,1565505.3295740925,Debit,Branch,18,Unknown,Yangon
83,2859605.5524999998,1561067.2940279327,Debit,ATM,7,Unknown,Yangon
85,2717538.1442857143,1524281.741862384,Debit,Branch,5,Unknown,Yangon
86,2501926.183333333,1557397.8086555405,Credit,Branch,9,Unknown,Mawlamyine
88,2069617.5163157897,1622738.5353160026,Debit,ATM,0,City Mart,Yangon
90,2354447.086111111,1484572.7451101923,Debit,Branch,9,Unknown,Yangon
91,2351105.73375,1381258.692957209,Debit,ATM,9,Unknown,Yangon
92,3184186.367647059,1234257.734590284,Debit,Online,1,Unknown,Yangon
93,2346904.5478947368,1652705.953899714,Credit,ATM,23,Unknown,Yangon
94,1886392.3268181817,1489100.2436969732,Debit,ATM,2,Unknown,Yangon
95,2998545.4499999997,1281820.7442021403,Debit,POS,10,Unknown,Yangon
96,2124188.492666667,1402653.2197747815,Credit,ATM,5,Unknown,Mawlamyine
97,2593369.9225,1615425.274651234,Debit,ATM,13,Unknown,Yangon
98,3363237.7036363636,1239658.1438159095,Debit,Online,9,Online Shop MM,Bago
99,2664259.8885714286,1489793.9462543845,Credit,ATM,0,Unknown,Yangon
100,2507210.6352941175,1530444.6785141497,Debit,ATM,4,Unknown,Yangon
101,2603863.1352173914,1457946.4760725463,Debit,POS,18,Unknown,Yangon
102,2347495.874,1049085.927029073,Credit,ATM,5,Unknown,Yangon
103,1682641.86,996421.7563467674,Debit,Online,9,Wave Pay Merchant,Yangon
104,1907699.4695000001,1280015.02621873,Credit,Online,11,Unknown,Yangon
105,2062557.0215789475,1391134.2635513546,Debit,Online,1,Mytel Payment,Yangon
106,2375491.6155555556,1647684.5474501778,Debit,Branch,12,Junction Square,Yangon
107,2511512.830416667,1341880.808167544,Debit,POS,0,Unknown,Yangon
108,1899765.5526315789,1585395.9057104618,Debit,POS,4,Unknown,Yangon
109,2492971.77,1511968.0760380146,Debit,POS,22,Unknown,Yangon
110,2503247.2905,1186935.9324973696,Debit,POS,16,Unknown,Yangon
111,2237966.118387097,1284749.5377415721,Debit,Online,0,Unknown,Yangon
112,2174556.0023076925,1587290.06503863,Debit,Online,2,Unknown,Myitkyina
113,2288137.958421053,1376126.9351157867,Credit,Online,2,Unknown,Yangon
114,2385162.6599999997,1504183.0873304128,Debit,Online,5,KBZ Pay Merchant,Yangon
115,2386751.1646666666,1577082.249041971,Debit,Branch,7,Unknown,Sittwe
116,2315574.190869565,1278732.6385590513,Debit,ATM,5,Unknown,Yangon
117,2110274.567222222,1449138.3897294197,Debit,Branch,2,Unknown,Yangon
118,1961809.4684210524,1355122.6298718923,Debit,ATM,6,Unknown,Yangon
119,2019457.0491666666,1535354.853330112,Debit,Branch,9,Unknown,Yangon
120,2733058.5573913045,1373096.1722448643,Debit,ATM,10,Unknown,Yangon
121,3159671.3063157895,1601488.9051692616,Debit,Branch,12,Unknown,Yangon
122,2623124.0749999997,1550435.318423428,Debit,Online,16,Unknown,Yangon
123,2008441.2136363634,1890226.4305259262,Debit,Branch,2,Ocean Supercenter,Yangon
124,3083661.506666667,1664656.921747032,Debit,Online,0,Unknown,Yangon
125,2602645.7605,1618177.8967537484,Debit,POS,8,Unknown,Yangon
127,2829048.071111111,1342880.3728067442,Debit,ATM,15,MPT Merchant,Yangon
128,2824498.48,1388076.7156332345,Debit,Branch,5,Unknown,Yangon
129,2146612.8408333333,1211461.5225314233,Credit,Branch,20,Unknown,Myitkyina
130,2328330.382777778,1356465.6541955855,Debit,ATM,19,Wave Pay Merchant,Yangon
131,2888181.163333333,1106599.8872280032,Debit,ATM,3,Unknown,Yangon
132,3040100.313181818,1243256.7703871673,Credit,Branch,1,Unknown,Yangon
133,2286366.206,1495055.567235468,Debit,POS,7,Unknown,Yangon
134,2451176.0954545457,1412868.1751512587,Debit,POS,6,Unknown,Yangon
135,2435486.6811764706,1534798.356007344,Debit,Online,1,Unknown,Yangon
136,2796480.8370588236,1443053.485809137,Debit,ATM,23,Unknown,Yangon
137,2618920.8745454545,1314498.7659937406,Debit,Branch,23,Unknown,Yangon
138,2583076.513125,1210266.5670201727,Debit,ATM,0,Unknown,Yangon
139,2295564.418095238,1291448.8071444037,Debit,Branch,8,Unknown,Yangon
141,2959803.1777272727,1346002.5965819038,Debit,ATM,13,Unknown,Yangon
142,2585492.0470833336,1342308.9795644735,Debit,Branch,18,Unknown,Yangon
144,2377606.4814285715,1703269.7595916863,Credit,Branch,8,Unknown,Yangon
145,2234589.4528,1580892.184770462,Debit,Branch,21,Unknown,Yangon
146,2264326.2285714285,1449319.6813112495,Debit,ATM,23,Unknown,Yangon
147,2552087.693571429,1539412.3448372507,Debit,Branch,2,Unknown,Yangon
148,2560103.3638888886,1628553.2461638264,Debit,Online,3,Unknown,Yangon
149,2768378.2984210528,1272759.952627932,Debit,Branch,5,KBZ Pay Merchant,Yangon
150,2865466.21137931,1416685.5236936621,Debit,POS,8,Unknown,Yangon
151,2603161.8000000003,1367260.507680196,Debit,Branch,17,Unknown,Yangon
152,2142450.4596153847,1041648.442805995,Debit,Branch,0,Unknown,Yangon
155,2605245.1011764705,1556809.9291465853,Credit,Branch,10,Unknown,Yangon
156,2134727.7328571426,1480168.9574896446,Debit,Branch,11,Unknown,Yangon
158,2751379.2416666667,1221680.5372493106,Debit,ATM,16,Myanmar Plaza,Yangon
159,2747890.8039999995,1381585.9764179075,Credit,Online,4,Unknown,Yangon
160,2289417.0029166667,1511308.7601828033,Debit,Branch,0,Unknown,Yangon
161,2875672.8973333333,1224423.324478354,Debit,POS,8,Unknown,Yangon
162,1983398.2555555557,1299690.038818244,Debit,Branch,9,Mytel Payment,Yangon
163,1860509.6099999999,1413699.3150518283,Debit,ATM,20,Unknown,Yangon
164,2631127.45,1268105.4706102873,Debit,Branch,1,Unknown,Yangon
165,2124880.7715,1547371.0894276253,Credit,POS,5,Unknown,Pathein
167,2691462.459130435,1436040.9102815269,Debit,ATM,22,Unknown,Yangon
169,2362833.174761905,1502368.322212202,Debit,Online,5,Unknown,Yangon
170,2137235.354117647,1506175.9425943098,Debit,ATM,6,Unknown,Naypyidaw
171,2698538.8104545455,1572518.3709820493,Debit,Online,18,Unknown,Yangon
172,2313515.1053333334,1389649.1879431598,Debit,ATM,9,Unknown,Yangon
174,2185503.2061538463,1406419.793432823,Debit,POS,13,Unknown,Yangon
175,2050657.99125,1401909.5309283135,Debit,ATM,11,Unknown,Yangon
176,3011564.2247619047,1341921.2504297511,Debit,Online,13,Unknown,Yangon
177,2831263.580476191,1714352.1469173706,Credit,Branch,18,Unknown,Yangon
178,3121986.3144444446,1344336.7111190404,Debit,ATM,8,Unknown,Yangon
179,2110890.2204761906,1496213.8380339756,Credit,POS,16,Unknown,Yangon
180,2704867.89,1541140.1837576972,Credit,Branch,8,Unknown,Yangon
182,2875292.9426086955,1214852.632405247,Debit,ATM,5,Aung San Market,Yangon
183,2829793.1529032257,1533930.1228260293,Debit,ATM,11,Unknown,Yangon
185,2649715.7394444444,1677675.1062340476,Debit,Branch,10,Unknown,Yangon
186,2848736.7970588235,1502959.3017929408,Debit,Branch,9,Unknown,Yangon
188,1965489.5631578949,1377444.5275476156,Credit,ATM,1,Unknown,Yangon
189,2776148.578846154,1484429.002599183,Debit,Branch,14,Unknown,Yangon
190,2013022.5388888887,1183325.7771580804,Debit,ATM,23,Unknown,Yangon
191,2283829.6660869564,1248704.3377043232,Debit,ATM,0,Unknown,Yangon
192,2368179.9749999996,1508777.3005062214,Debit,Branch,0,KBZ Pay Merchant,Yangon
193,2347358.107083333,1431684.6920733175,Credit,ATM,5,Unknown,Yangon
194,2736774.152857143,1531334.2742818203,Debit,Online,23,Unknown,Sittwe
195,2203073.2354545454,1455942.4025089531,Debit,POS,17,Unknown,Yangon
196,1986672.35,1304741.8458349134,Debit,Branch,8,Unknown,Mawlamyine
197,3085686.9938095235,1321020.612760257,Debit,Online,11,Unknown,Yangon
200,2503926.5136363637,1233237.8652769397,Debit,Branch,11,Unknown,Yangon
201,2453882.139411765,1434468.7774334059,Debit,Branch,18,Unknown,Yangon
202,2578324.631,1400950.679865323,Debit,ATM,4,Unknown,Yangon
203,3190597.696363636,1229504.9047211055,Debit,ATM,0,Unknown,Yangon
205,2350791.6125000003,1594993.834674541,Debit,ATM,4,Unknown,Yangon
206,1950100.4083333332,1029810.8617926716,Credit,ATM,6,Unknown,Yangon
207,3099970.5410526316,1319369.3095290477,Debit,Online,12,Unknown,Yangon
208,2643453.4749999996,1426720.3754188097,Debit,Online,15,Unknown,Yangon
210,2862332.356923077,1160030.1036779403,Debit,ATM,7,Unknown,Pathein
211,2987897.450952381,1422567.5443612249,Debit,Online,15,Unknown,Mandalay
212,2403877.455,1445399.0708538778,Debit,Online,2,MPT Merchant,Yangon
213,3406677.855454546,1381589.39141353,Debit,ATM,4,Unknown,Yangon
214,2139581.382142857,1464418.991117036,Credit,POS,5,Unknown,Yangon
215,2348461.1192,1542521.5844521339,Credit,ATM,0,Unknown,Yangon
217,2199043.427142857,1787980.8300340176,Debit,Branch,5,City Mart,Yangon
219,2123073.858,1234482.6882795996,Debit,Branch,16,Junction Square,Yangon
220,2448296.830555556,1279609.903992683,Credit,Online,1,Unknown,Yangon
221,2066008.671764706,1253423.200198945,Debit,ATM,6,Unknown,Yangon
222,2729455.08882353,1779624.493230038,Debit,ATM,18,Unknown,Yangon
223,2597116.116842105,1425659.161909101,Debit,POS,0,Unknown,Monywa
224,3042966.4692857144,1484933.4577633566,Credit,ATM,11,Unknown,Yangon
225,2466036.2217391306,1356753.7863230628,Debit,Online,17,Unknown,Yangon
226,2791450.9236842105,1605484.1628374727,Credit,Branch,4,Unknown,Yangon
227,2778889.2516666665,1587871.7655475629,Debit,Branch,14,Unknown,Yangon
228,2592388.1852380955,1351955.0879184115,Debit,ATM,3,Unknown,Yangon
229,2337640.5524999998,1644186.9578249261,Debit,ATM,6,Unknown,Yangon
230,2084975.1135483873,1268198.7981928184,Debit,Online,11,Unknown,Yangon
233,3528038.5018181815,1022242.4236098813,Credit,POS,6,Unknown,Bago
234,3056751.6070588236,1178557.6240876534,Debit,Branch,22,Unknown,Yangon
235,1912231.0970370371,1467251.489135655,Credit,POS,19,Unknown,Mandalay
236,2698557.9094117647,1354009.898967914,Debit,ATM,0,Unknown,Monywa
237,2156115.0294736843,1466713.9451362423,Debit,ATM,10,Unknown,Yangon
239,2222059.639090909,1794088.564466947,Debit,ATM,8,Unknown,Monywa
240,1500377.3642857145,1712276.8765800155,Debit,ATM,16,Unknown,Yangon
241,2864176.1088888887,1488927.470354039,Debit,Online,0,Unknown,Yangon
242,2283758.34,1158770.9648362992,Credit,Online,6,Unknown,Yangon
243,1987168.138888889,1365502.0721621013,Debit,POS,19,Unknown,Yangon
245,2585823.9648275864,1601217.3649611776,Debit,POS,23,Unknown,Yangon
247,2329237.7247368423,1060356.0294245367,Credit,Branch,12,Unknown,Yangon
248,2369811.8825,1440918.1192297775,Debit,Branch,1,City Mart,Yangon
249,3145823.3320000004,1491195.0335610213,Credit,Branch,0,Unknown,Yangon
250,2414755.9742857143,1483838.9553112397,Debit,Online,7,Unknown,Yangon
252,3065395.5307142856,1412006.4018271756,Debit,ATM,0,Unknown,Yangon
253,2523795.023125,1668831.8766295451,Debit,Branch,7,Unknown,Yangon
254,2695917.5972,1495829.9709228594,Debit,Branch,3,Unknown,Yangon
255,2469329.998,1072068.7266107704,Debit,ATM,1,Unknown,Yangon
256,2195414.9058333333,1592174.7237564318,Debit,Online,2,Unknown,Naypyidaw
257,2621687.8176190476,1405653.9913644851,Credit,ATM,1,Unknown,Yangon
259,1815744.8331578947,1809628.159902664,Debit,Branch,2,Unknown,Yangon
261,2630215.1947999997,1424422.1454436202,Debit,ATM,16,Unknown,Yangon
262,2019902.1821052632,1472314.0610398818,Debit,ATM,11,Unknown,Taunggyi
263,2462078.016818182,1615388.7695193046,Credit,Online,2,Unknown,Yangon
264,3204605.639090909,1633297.4118143118,Debit,ATM,23,Unknown,Yangon
266,2675961.6354166665,1294464.8923205028,Debit,Branch,19,Unknown,Yangon
267,2009266.4662499998,1604900.5236209282,Credit,Branch,10,Unknown,Yangon
268,2486015.1753333337,1287870.4481279969,Debit,ATM,5,Unknown,Yangon
269,2098021.48375,1288344.6974915578,Debit,Online,8,Unknown,Yangon
270,2556844.154375,1085886.3001668963,Debit,ATM,0,Unknown,Yangon
271,2676927.060625,1394829.8456140792,Debit,ATM,8,Unknown,Yangon
272,2101532.7952631577,1456082.199680803,Debit,Online,14,Unknown,Yangon
273,2961264.994,1384916.708509748,Credit,ATM,13,Unknown,Yangon
274,1984674.500769231,1408570.6737611212,Debit,Online,6,Unknown,Mawlamyine
276,2470265.6371999998,1485216.204908591,Credit,Online,1,Unknown,Yangon
277,2384722.384375,1466915.1989190453,Debit,POS,23,Unknown,Myitkyina
278,2199796.6476470586,1433681.6635438264,Credit,Branch,17,Unknown,Yangon
279,2034957.62,1149641.8490394112,Debit,Branch,21,Unknown,Yangon
280,2348964.2391666668,1401440.7915068392,Debit,Online,16,Unknown,Yangon
281,2557045.7529629627,1182697.8619975806,Debit,Branch,18,Unknown,Yangon
282,2790958.148,1689269.4615300775,Credit,POS,13,Unknown,Taunggyi
283,2405194.0295833335,1372590.4586766118,Debit,Branch,16,Unknown,Yangon
284,2407969.1764285713,1612572.5904320942,Debit,Online,5,Unknown,Myitkyina
285,2668434.205909091,1355077.665590699,Debit,ATM,14,Unknown,Yangon
287,2907116.010526316,1445419.861628256,Debit,Online,23,Unknown,Yangon
288,2409103.89125,1568512.5818714653,Credit,ATM,7,Unknown,Yangon
289,2681985.3868181817,1137501.0601192163,Debit,Branch,3,Unknown,Yangon
290,2070079.5596153846,1192806.270368608,Credit,ATM,22,Unknown,Yangon
291,2051058.8526666665,1539018.5166489498,Debit,POS,4,City Mart,Yangon
295,2372357.0104761906,1538439.9502543942,Debit,Branch,15,Unknown,Yangon
296,2683393.5528,1348533.8703576766,Credit,Branch,3,Unknown,Yangon
297,2136280.091304348,1360699.625464437,Debit,ATM,6,Unknown,Mawlamyine
298,1843914.9605,1316478.0209369918,Debit,ATM,8,Unknown,Yangon
299,2410954.647894737,1499357.370683072,Debit,ATM,17,Unknown,Yangon
300,2619159.37,1392348.649976029,Credit,ATM,23,Unknown,Yangon
301,3000000.0455555557,1555736.5427084332,Debit,ATM,7,Junction Square,Yangon
302,2394313.156153846,1718438.6971057442,Debit,ATM,0,Unknown,Yangon
303,2467454.035714286,1297725.9477784852,Credit,POS,10,Unknown,Pathein
304,2518275.017368421,1355013.525028888,Debit,Online,10,Unknown,Naypyidaw
305,2664969.1136363638,1540303.0310919452,Debit,ATM,4,Unknown,Yangon
306,2697670.1744444445,1125105.4674825387,Debit,ATM,14,Unknown,Mandalay
307,2827689.463181818,1282055.795428195,Debit,ATM,16,Aung San Market,Yangon
308,2341918.975,1468004.096419125,Debit,Online,2,Unknown,Yangon
309,2649499.4908695654,1385287.2329996407,Debit,ATM,0,Unknown,Yangon
312,2692021.240625,1430695.8145158296,Debit,POS,0,Unknown,Yangon
313,2302860.092941176,1354523.0607477168,Credit,Branch,11,Unknown,Myitkyina
314,2639694.926086956,1408150.232046517,Debit,Online,8,Unknown,Yangon
315,2859389.6929411767,1723442.836517508,Debit,Branch,3,Unknown,Yangon
316,2957497.2266666666,1598273.1595937936,Debit,Branch,4,Unknown,Yangon
318,3161708.7476470587,1247464.3200460544,Debit,Branch,5,KBZ Pay Merchant,Yangon
319,2230663.848181818,1259029.436284161,Debit,POS,1,Unknown,Yangon
322,3344490.174615385,1457550.3637066693,Debit,Online,3,Ocean Supercenter,Yangon
323,2350556.2405263158,1652721.6706381775,Debit,POS,22,Unknown,Yangon
326,2459447.767142857,1348470.5118796362,Debit,ATM,4,Unknown,Yangon
330,2812465.3238888886,1287758.1024659853,Debit,Online,18,Unknown,Yangon
331,2632495.4436842105,1375590.5872848807,Credit,ATM,16,Unknown,Pathein
332,2779167.0994117646,1403010.4386132741,Debit,ATM,16,Ocean Supercenter,Yangon
333,2657416.570588235,1592435.3971722322,Debit,ATM,8,Unknown,Yangon
334,2066940.4700000002,1312425.8454555178,Debit,POS,20,Unknown,Yangon
335,2616711.8956,1141201.2355423907,Debit,POS,4,Unknown,Yangon
337,2050430.7623076923,1230540.2424222026,Debit,Online,0,Unknown,Yangon
338,2402791.355652174,1599366.0282194745,Debit,Branch,0,Unknown,Yangon
339,1967539.2015384617,1338051.2790820843,Debit,Online,0,Unknown,Yangon
340,2497407.801764706,1353104.3106399183,Debit,Branch,1,Unknown,Taunggyi
341,2629086.5035294117,1517531.1997267755,Credit,Branch,1,Unknown,Yangon
342,2862837.4926086958,1522673.9815492237,Debit,ATM,15,Unknown,Yangon
343,2722348.695,1261027.1363300555,Debit,Branch,16,Unknown,Yangon
344,2544488.564814815,1296538.5909096485,Credit,ATM,21,Unknown,Yangon
345,2693320.529166667,1483780.8458233825,Debit,POS,0,Unknown,Monywa
347,2221474.85125,1311743.4294768367,Debit,Branch,5,Unknown,Yangon
348,2743286.724,1560877.519628401,Debit,Branch,6,Aung San Market,Yangon
349,2160233.194285714,1299532.040645723,Debit,ATM,21,Unknown,Yangon
350,2480014.265909091,1259367.5334932622,Debit,ATM,2,Unknown,Yangon
351,2141293.818076923,1484640.1853420157,Debit,POS,5,Unknown,Yangon
352,2002812.8575,1268551.504325867,Debit,POS,10,Unknown,Yangon
353,2869755.4388235295,1255140.600631708,Debit,ATM,9,Unknown,Yangon
354,2045055.8787500001,1483514.4645889418,Credit,POS,8,Unknown,Yangon
355,1985530.7711111112,1179506.1676299009,Debit,Online,3,Unknown,Yangon
356,3058119.4795238096,1352847.2554287144,Debit,Online,15,Unknown,Yangon
357,2808628.2157142856,1538865.2764614832,Debit,Online,20,Unknown,Yangon
358,2210202.831875,1464117.8328851284,Debit,ATM,4,Unknown,Yangon
359,2409950.8384615383,1748947.7217556818,Debit,Branch,12,Unknown,Yangon
360,2352455.316,1518354.4643646732,Debit,ATM,20,Unknown,Pathein
361,2450878.5459999996,1561119.9564128977,Debit,Online,16,Unknown,Yangon
362,2810122.8456521737,1372041.3942747628,Credit,Online,14,Unknown,Myitkyina
363,2622599.5768181817,1238794.3096141336,Debit,Online,19,Unknown,Myitkyina
364,2184292.474375,1414196.9840964016,Credit,ATM,1,Unknown,Sittwe
365,2356109.6580000003,1468876.6843567693,Credit,Branch,8,Unknown,Yangon
366,2597466.435,1211981.1411229176,Debit,POS,18,Unknown,Yangon
367,2625955.2045,1448034.748807794,Debit,POS,23,Unknown,Yangon
368,2654747.238095238,1568938.0741826475,Debit,Branch,3,Unknown,Yangon
369,2561616.546875,1133498.4661206172,Debit,Online,20,Unknown,Yangon
370,2857214.1,1585049.922289786,Debit,POS,3,Unknown,Yangon
371,2447471.9930769233,1267020.9260350645,Debit,POS,5,Unknown,Yangon
372,2417608.1554166665,1166865.3849426054,Debit,Branch,17,Unknown,Yangon
373,2400588.109,1280355.2069846243,Debit,ATM,13,Unknown,Yangon
374,2666870.965,1724893.847182261,Debit,Branch,3,Unknown,Yangon
375,2200559.912307692,1389947.9142101784,Debit,POS,1,Unknown,Yangon
377,1962643.450714286,1353235.7249594766,Credit,ATM,13,Unknown,Yangon
378,2466921.409,1660392.6046520672,Debit,Branch,10,Unknown,Yangon
379,2592274.8815,1504487.5339436247,Debit,POS,2,Unknown,Yangon
383,2400483.095882353,1532751.510862224,Debit,Branch,2,Unknown,Yangon
384,2826258.9815789475,1740665.241157499,Debit,Branch,1,Unknown,Yangon
387,2216028.1185185187,1415582.7517694694,Debit,ATM,6,Unknown,Yangon
389,2249796.378095238,1445239.0806106816,Debit,ATM,8,Unknown,Yangon
390,2075762.8652000001,1458859.2686728523,Debit,ATM,6,Unknown,Yangon
391,2992497.1063636364,1446239.5366880153,Debit,POS,7,Unknown,Yangon
392,2709037.8570588236,1265341.819153314,Credit,POS,1,Unknown,Yangon
393,2715857.0161904762,1645825.902989636,Debit,ATM,18,Unknown,Yangon
394,2917617.85,1396113.1271218802,Debit,Branch,1,Unknown,Yangon
395,2880270.2668421054,1287654.3026802922,Debit,Branch,6,Unknown,Yangon
396,2063309.7714285715,1817322.1167030272,Credit,Online,5,Unknown,Yangon
398,2279088.732083333,1442747.3049530748,Debit,Branch,7,Unknown,Yangon
400,2820205.8000000003,1188038.9408820008,Debit,Online,9,Unknown,Mawlamyine
401,1960392.2603448275,1360686.639724048,Credit,POS,4,Unknown,Yangon
402,3187753.512272727,1553148.370637889,Credit,ATM,10,Unknown,Yangon
403,2656938.1485714284,1370399.7574357581,Debit,ATM,14,Unknown,Yangon
404,2919965.43,1348078.653976121,Debit,POS,21,Unknown,Yangon
405,2291174.9695652174,1438353.2959390427,Debit,ATM,2,Unknown,Yangon
406,1865254.1422222222,1253320.7418523135,Credit,ATM,7,Unknown,Yangon
407,1836978.546,1446619.5023446553,Debit,Branch,2,Unknown,Yangon
408,2482002.02,1621184.5274963863,Debit,Online,13,Myanmar Plaza,Yangon
409,3005286.489047619,1254751.3362473391,Debit,POS,5,Unknown,Yangon
410,2590251.23,1801508.4172076837,Debit,Branch,13,Unknown,Yangon
411,2698879.023888889,1537347.0439453213,Credit,Online,4,Unknown,Yangon
412,2307988.2695454545,1420426.8461896565,Debit,ATM,8,Unknown,Yangon
414,2525166.67826087,1179341.4790515853,Credit,POS,12,Unknown,Yangon
415,2701024.188181818,1582471.8086531523,Credit,Online,19,Unknown,Myitkyina
416,2452849.959411765,1446174.3226121606,Debit,Online,8,Unknown,Yangon
417,2642029.1831578948,1407775.6471599902,Debit,Branch,1,Unknown,Yangon
419,2516911.276296296,1558050.6035347334,Credit,ATM,1,Unknown,Yangon
420,2076196.5017647059,1417933.702816364,Credit,Branch,2,Unknown,Bago
421,2667928.5816666665,1574067.5910748688,Debit,Branch,7,Unknown,Yangon
422,2463882.69,1124324.8329224475,Credit,Branch,20,Unknown,Yangon
423,2241286.632222222,1721962.4115212588,Credit,Branch,2,Unknown,Yangon
424,2129324.3636842105,1277114.2372890292,Debit,ATM,15,Unknown,Yangon
425,2313686.2657692307,1414134.8014886081,Debit,ATM,3,Unknown,Yangon
426,1996229.0566666669,1583532.560869091,Debit,Online,11,Unknown,Yangon
427,2609180.2077272725,1176435.5124518897,Debit,Online,7,Unknown,Yangon
428,2287022.6344444444,1249144.7559140646,Debit,ATM,13,Unknown,Yangon
430,2944000.334736842,1469996.9661368378,Debit,ATM,5,Unknown,Yangon
432,2496354.685909091,1503048.0414702988,Debit,ATM,7,Myanmar Plaza,Yangon
433,2740216.216666667,1613434.8033715119,Debit,POS,17,Unknown,Yangon
434,2481037.6047826083,1281254.57100191,Debit,Branch,9,Unknown,Yangon
435,2656767.922,1492602.4002576885,Debit,Branch,19,Unknown,Sittwe
436,2205596.975555556,1269655.2199923543,Debit,Branch,9,Wave Pay Merchant,Yangon
437,2638167.805333333,1112032.655980975,Debit,Online,12,Unknown,Yangon
438,2166195.46625,1617513.7506177633,Debit,Branch,15,Unknown,Yangon
439,2395227.3064705883,1190825.6521163525,Debit,ATM,0,Unknown,Yangon
440,3193106.0494117644,1326827.289591271,Debit,Online,23,Unknown,Yangon
441,2789077.0304761906,1368570.7864238431,Credit,Branch,0,Unknown,Yangon
442,2810362.1167741935,1570938.7919939186,Debit,ATM,16,Unknown,Yangon
443,2390479.270555556,1661339.4333262858,Debit,POS,6,Unknown,Yangon
444,2858995.784,1375945.4429822199,Debit,Branch,1,Unknown,Yangon
445,2598822.6252380954,1310839.640872316,Debit,Branch,6,Unknown,Yangon
446,2504252.37,1609551.7070198988,Debit,POS,1,Unknown,Yangon
447,2407019.7470588237,1465692.123012551,Debit,ATM,9,Unknown,Yangon
448,2304220.419090909,1516047.171515684,Debit,POS,0,Unknown,Yangon
449,2400566.5342857144,1308523.4979762454,Debit,POS,11,Unknown,Yangon
450,3160162.194285714,1306636.6763106163,Credit,ATM,4,Unknown,Yangon
451,2523673.7710526315,1275464.6641890958,Debit,Branch,11,Unknown,Yangon
452,2566853.3695,1362210.6291146562,Debit,Branch,14,Unknown,Yangon
453,2160974.157272727,1512921.12794044,Debit,ATM,19,Unknown,Yangon
454,1997197.170909091,1289275.7116008895,Debit,POS,21,Unknown,Yangon
455,1990554.3757894738,1507713.922979923,Debit,POS,3,Unknown,Yangon
456,2567307.915,1499597.5585433673,Credit,Online,1,Unknown,Bago
457,2169630.0966666667,1543811.8932517478,Debit,Online,15,Unknown,Yangon
458,1788670.7140000002,1595072.1974307133,Debit,Online,12,City Mart,Yangon
460,2099978.1242857142,1441762.0239934651,Debit,ATM,0,Unknown,Yangon
463,2225994.290714286,1580623.4658913861,Debit,POS,7,Unknown,Yangon
464,3048701.0270588235,1181740.3055271094,Debit,ATM,5,Unknown,Yangon
465,2524699.5244827583,1476418.0437928431,Debit,ATM,0,Unknown,Yangon
466,3321517.812,1338643.3415526387,Debit,Online,14,Unknown,Yangon
467,2809328.8242857144,1566558.3494000537,Debit,Online,19,Unknown,Yangon
468,2513863.755294118,1367234.8731911064,Debit,Online,3,Unknown,Yangon
469,2474970.240833333,1232584.0851581881,Credit,POS,0,Unknown,Mawlamyine
470,2203650.8435,1548406.3572698254,Credit,POS,3,Unknown,Monywa
471,2347834.990952381,1236334.2563494972,Debit,Online,20,Unknown,Yangon
472,2952973.088125,1392960.8190124792,Credit,Online,17,Unknown,Yangon
473,2882694.6492000003,1682835.6967223778,Debit,ATM,5,Unknown,Yangon
474,2923654.406842105,1414145.6663847475,Debit,ATM,5,Unknown,Yangon
475,2207615.9178260867,1399024.5312963251,Debit,POS,0,Unknown,Yangon
476,2364676.361304348,1515402.2197067738,Debit,POS,10,Unknown,Naypyidaw
477,2631926.35,1417961.5348236314,Debit,Branch,1,Unknown,Yangon
478,2354650.3787499997,1388838.7225946782,Debit,Online,0,Unknown,Yangon
479,2593296.626818182,1470312.6121191941,Debit,Branch,1,Unknown,Yangon
480,2566729.2405882357,1324159.448774522,Debit,Branch,2,Unknown,Yangon
482,2167795.041304348,1222002.4234320163,Debit,ATM,9,Unknown,Yangon
483,2202395.9191304347,1584528.3591555322,Credit,POS,6,Unknown,Pathein
484,2594952.638181818,1443989.7304158283,Debit,ATM,10,Unknown,Bago
485,2324493.9956,1721535.759587325,Debit,Online,17,Unknown,Yangon
486,2038658.4923076923,1576736.9105249874,Debit,Branch,13,Unknown,Bago
487,2479805.7125,1413290.8308685075,Debit,Branch,7,Online Shop MM,Yangon
489,2009276.0605263158,1296826.0667290844,Debit,Online,2,Unknown,Yangon
490,2201951.7811111114,1581383.9110552473,Debit,Branch,6,Unknown,Yangon
491,2891738.37,1298005.3452069615,Debit,ATM,0,Unknown,Yangon
492,2273835.194166667,1241529.8002030007,Debit,POS,7,Unknown,Yangon
495,2622663.4258333333,1494737.2502147227,Credit,ATM,7,Unknown,Yangon
497,3153702.748,1146977.256946476,Credit,Online,13,Unknown,Monywa
499,2390349.117894737,1341446.1399030853,Debit,Online,15,Unknown,Yangon
500,1890167.84375,1428586.248261589,Debit,ATM,0,Unknown,Yangon
501,2774776.4563157894,1468671.792361111,Credit,POS,16,Unknown,Sittwe
502,2195485.091764706,1460514.2015414746,Debit,POS,5,Unknown,Yangon
503,2010734.191875,1223827.852618026,Debit,Online,12,Unknown,Yangon
504,2357929.571111111,1468925.3678022611,Credit,POS,0,Unknown,Yangon
505,3077876.045,1222221.312609135,Debit,Online,15,Unknown,Yangon
506,2497809.1123809526,1556267.7690948916,Credit,POS,6,Unknown,Yangon
507,2049816.7083333333,1220200.969193694,Debit,POS,2,Myanmar Plaza,Yangon
508,2871576.024375,1215368.492448352,Debit,Online,2,Unknown,Yangon
509,2593345.206190476,1441497.4543788524,Debit,Branch,5,Unknown,Yangon
510,2770412.4411764704,1362996.9891689469,Debit,ATM,3,Unknown,Yangon
511,3425078.117058824,1332574.7828695264,Debit,ATM,4,Unknown,Yangon
513,2755851.1904545454,1301638.45683068,Debit,Online,2,Unknown,Yangon
514,2852772.914347826,1668099.1900503717,Debit,Online,0,Unknown,Yangon
515,1980074.8399999999,1390590.7157155767,Credit,POS,1,Unknown,Yangon
517,2731147.6330434782,1386017.078714334,Debit,Branch,2,Unknown,Yangon
518,3064266.8216000004,1292848.1344198773,Debit,POS,6,Unknown,Yangon
519,2913751.15875,1415093.1325216147,Debit,Branch,20,Unknown,Yangon
520,2127239.4423529413,1638552.014085418,Debit,POS,4,Unknown,Taunggyi
521,2145274.821111111,1160377.931514496,Debit,Branch,4,Unknown,Yangon
522,2826550.2016000003,1405070.9870514334,Credit,ATM,1,Unknown,Yangon
523,2943136.542105263,1622118.0167299074,Debit,POS,18,Unknown,Yangon
525,2507458.448461538,1490252.0897189232,Debit,Branch,5,Unknown,Yangon
526,2759746.1355,1232607.2549937547,Debit,Branch,15,Unknown,Yangon
527,2346828.682272727,1235407.450195662,Credit,Branch,12,Unknown,Bago
528,2502180.7226086957,1471474.4427075512,Debit,Online,5,Unknown,Yangon
529,2723283.3576666666,1254512.3232393565,Debit,Branch,16,Unknown,Yangon
530,2408325.4529411765,1166584.292852704,Debit,ATM,5,Unknown,Yangon
531,2404705.3516666666,1585046.4480696185,Credit,ATM,0,Unknown,Yangon
532,3135313.5560000003,1441426.983575345,Credit,Online,22,Unknown,Monywa
534,2302685.5325806453,1463682.4952771624,Debit,Branch,0,Unknown,Yangon
536,2502580.08368421,1509900.0519140174,Debit,ATM,1,Unknown,Yangon
537,2249531.87625,1301736.9438776176,Debit,Branch,0,Unknown,Yangon
538,2155729.342222222,1242225.7483893055,Credit,POS,0,Unknown,Yangon
539,2304299.8329166668,1575712.7457770102,Debit,Branch,18,Unknown,Yangon
540,2904441.03375,1504238.888003245,Debit,Branch,15,Unknown,Yangon
541,2617400.4325,1375952.2488317129,Credit,Online,5,Unknown,Yangon
542,3084716.638125,1545580.2743497961,Debit,Branch,7,Unknown,Yangon
544,2526824.5014285715,1657703.9758266974,Debit,Branch,4,Unknown,Yangon
545,2496814.2950000004,1701790.2903945995,Debit,Branch,22,City Mart,Yangon
546,2868954.7582608694,1377074.704795709,Debit,Branch,8,Unknown,Yangon
547,2408717.095,1585690.6129283458,Debit,ATM,14,Unknown,Yangon
548,2338507.5165217393,1633863.8249628947,Debit,POS,18,Unknown,Pathein
549,2508232.165769231,1385991.2536341064,Debit,ATM,3,Unknown,Yangon
550,2034284.8777777776,1256124.0075688798,Credit,POS,21,Unknown,Monywa
551,2326582.139230769,1420208.7491349753,Debit,ATM,12,Unknown,Yangon
552,2136630.8923529414,1451023.3977911703,Credit,Online,2,Unknown,Yangon
553,2317609.255,1326609.7279875583,Debit,ATM,7,MPT Merchant,Yangon
554,2914915.452142857,1445935.4443757925,Debit,Online,0,Unknown,Yangon
556,2298840.8855,1411217.6304129474,Credit,Branch,0,Unknown,Yangon
557,2746121.048,1270873.12425844,Debit,ATM,19,Unknown,Yangon
558,2606930.038125,1521806.7683937957,Debit,ATM,9,Unknown,Yangon
559,2862239.7718181815,1666713.3343776723,Debit,Online,11,Unknown,Sittwe
560,2613871.547857143,1827234.8905615513,Debit,ATM,6,Unknown,Yangon
561,2282582.507857143,1449650.855980527,Credit,ATM,0,Unknown,Bago
562,2070280.4399999997,1495053.1657504512,Credit,Branch,3,Unknown,Yangon
563,2134025.6544444445,1584046.4814297992,Credit,POS,20,Unknown,Monywa
564,2332588.7044,1483746.9840610551,Debit,ATM,21,Unknown,Yangon
566,2755410.8816666664,1382540.4812327086,Credit,Online,2,Unknown,Yangon
567,2158061.7115789475,1535173.0062659068,Credit,Branch,2,Unknown,Yangon
568,2431508.7218181817,1284502.0723134417,Debit,Branch,21,Aung San Market,Yangon
569,2950678.56625,1398602.630171327,Credit,POS,18,Unknown,Yangon
570,2358009.0752173914,1412915.6408148003,Debit,ATM,19,Unknown,Yangon
571,2271144.3479310344,1406976.378333381,Debit,POS,11,Unknown,Yangon
572,2195787.4025,1276329.6855604777,Credit,Branch,20,Unknown,Yangon
574,2473355.132222222,1659858.1481838992,Debit,ATM,9,Unknown,Yangon
576,2138703.040666667,1671585.5992926937,Debit,Branch,0,Unknown,Yangon
578,2599226.375,1590284.6383314515,Credit,ATM,23,Unknown,Taunggyi
579,2033954.4647619047,1631449.3790257066,Debit,Branch,8,Unknown,Yangon
580,2314753.4804,1606371.0894671641,Debit,ATM,13,Unknown,Yangon
582,2522317.161111111,1156294.1388010706,Credit,Online,22,Unknown,Yangon
583,2676492.905882353,1628515.1233618993,Credit,ATM,1,Unknown,Myitkyina
585,2132596.410357143,1329839.957729193,Debit,POS,19,Unknown,Yangon
587,2314862.125,1581424.7946596274,Credit,Online,7,Unknown,Yangon
588,2188755.0339130433,1472624.7754214436,Debit,Online,0,Unknown,Yangon
590,2938201.5657142857,1272082.7588899306,Debit,POS,7,Unknown,Yangon
591,2515647.6454545455,1548618.5509918805,Credit,POS,23,Unknown,Yangon
592,2751240.023,1253823.4912763136,Debit,ATM,11,Unknown,Yangon
593,2673518.0420000004,1147473.6162394332,Debit,ATM,1,Unknown,Monywa
594,2172200.725,1474174.4557179317,Debit,POS,1,Unknown,Yangon
595,2129675.9975,1332166.3714416365,Debit,Branch,0,Unknown,Yangon
596,2994227.2447619047,1313947.275183504,Debit,Branch,3,Unknown,Yangon
597,2292027.4444444445,1719908.3150619601,Debit,ATM,12,Unknown,Taunggyi
598,2317246.7889473685,1469026.0382088518,Debit,Branch,1,Unknown,Yangon
599,2116199.9115999998,1336484.3913120555,Debit,Online,6,Unknown,Myitkyina
600,2546768.6403225805,1390290.1414604937,Debit,Online,18,Unknown,Yangon
601,2651647.0633333335,1807721.672285195,Debit,POS,7,Unknown,Yangon
602,2812712.204210526,1743074.546413729,Debit,Online,9,Unknown,Yangon
604,2554336.566666667,1007138.0796775243,Debit,POS,4,Unknown,Yangon
605,2513721.2429166664,1558141.612456283,Debit,Online,7,Unknown,Yangon
606,2916849.5635,1493976.210942605,Debit,Branch,10,Unknown,Yangon
607,2571587.3400000003,1294889.0209140452,Debit,ATM,2,Unknown,Yangon
608,2387382.361818182,1424697.4871918205,Debit,ATM,0,Unknown,Yangon
609,2819058.318095238,1581616.9075763365,Debit,Branch,22,Unknown,Yangon
611,2634665.8665,1679632.7351074512,Debit,Online,2,Unknown,Yangon
612,2443485.715357143,1470240.644006089,Debit,POS,0,Unknown,Yangon
613,2246059.987727273,1443646.352066699,Debit,Branch,23,Unknown,Yangon
614,2644171.7829411766,1562194.496312557,Debit,POS,0,Unknown,Yangon
615,2608081.632173913,1669952.0094542922,Debit,Online,10,Unknown,Yangon
616,2264858.567894737,1475516.8960837042,Debit,Branch,9,Unknown,Yangon
617,2289548.32,1231082.1350235115,Debit,ATM,14,Unknown,Yangon
618,2222234.147142857,1580726.532532564,Debit,Online,9,Unknown,Yangon
619,2652001.5868421053,1708226.0018111658,Debit,ATM,6,Unknown,Yangon
620,2195993.6045833332,1608756.4266158266,Debit,Online,0,Unknown,Yangon
621,2508228.3316666665,1263498.976842172,Debit,ATM,11,Unknown,Yangon
622,2040799.5576190476,1457253.395155073,Debit,POS,14,Unknown,Yangon
623,2156383.2504166667,1255595.9448802716,Credit,Branch,7,Unknown,Mawlamyine
624,2436294.458571429,1582100.882080475,Credit,Branch,13,Unknown,Yangon
628,2454218.4063636363,1562074.5264843886,Debit,Online,8,Unknown,Yangon
629,2576780.8307692306,1569551.1943563565,Debit,ATM,5,Unknown,Sittwe
630,2838791.971875,1674346.6481320367,Debit,Branch,20,Unknown,Yangon
631,2638139.63125,1399663.664193356,Debit,POS,19,Ocean Supercenter,Yangon
632,3114343.6892307694,1305407.3423654824,Debit,Online,6,Unknown,Yangon
633,2355976.387,1203797.6999949606,Debit,ATM,5,Unknown,Yangon
634,2519357.6610526317,1556810.75053362,Debit,Branch,8,Unknown,Yangon
635,2669710.2739999997,1375477.0283585463,Debit,POS,18,Unknown,Yangon
636,2175502.6005882355,1642713.0281559916,Credit,Branch,1,Unknown,Yangon
637,2497942.539259259,1454384.3616223212,Debit,Online,3,Unknown,Yangon
638,3090276.6758333333,1373947.4426918,Credit,Branch,20,Unknown,Sittwe
640,2247404.0535,1623410.5010605457,Debit,Branch,19,Unknown,Yangon
641,2786521.329047619,1683129.7184853011,Debit,ATM,8,Unknown,Yangon
642,3145945.5833333335,1490476.9867842293,Debit,ATM,19,Unknown,Yangon
643,2318760.7375,1640370.6640071066,Debit,POS,0,Junction Square,Yangon
644,2286069.972,1583470.9969577119,Debit,ATM,0,Unknown,Yangon
645,2312074.572777778,1320182.9516312599,Credit,ATM,16,Unknown,Yangon
646,2584956.9425,1434676.7815231811,Debit,Online,5,Unknown,Yangon
647,2223344.5893333335,1634027.485443117,Debit,Branch,2,Unknown,Yangon
648,2775038.0324999997,1476237.8248050571,Debit,ATM,22,Unknown,Yangon
649,1921996.4900000002,1551779.1849561667,Debit,ATM,6,Unknown,Yangon
650,2309929.645714286,1260530.867990464,Debit,Online,9,Wave Pay Merchant,Yangon
651,2428656.238,1286427.433649363,Debit,ATM,19,Unknown,Yangon
652,2450841.2070588237,1518669.139485404,Debit,ATM,5,Unknown,Yangon
653,2998246.737647059,1531832.3429108278,Debit,Branch,7,Unknown,Yangon
654,2137635.6643749997,1165760.952649695,Debit,Branch,6,Unknown,Yangon
655,2732572.926875,1556398.2973022424,Debit,Online,1,Online Shop MM,Yangon
656,2872145.1404347825,1311665.1305944477,Debit,ATM,10,Unknown,Yangon
657,3014447.3163157897,1189206.2196305976,Debit,POS,6,Unknown,Yangon
658,3113540.4177777776,1391753.2420808794,Debit,ATM,17,Unknown,Yangon
659,2353548.5568,1463891.1274832636,Debit,Branch,0,Unknown,Yangon
660,1815757.9249999998,1433882.8236388713,Credit,Branch,9,Unknown,Yangon
661,2149989.566666667,1540714.045258497,Debit,Online,19,Unknown,Yangon
663,2197028.0028571426,1714873.1516525224,Debit,Branch,5,Unknown,Yangon
664,2445959.085833333,1178134.379695793,Debit,Branch,7,Unknown,Monywa
665,2890485.5582608697,1484446.446098639,Credit,Branch,10,Unknown,Yangon
666,3074355.97125,1647811.1945159924,Credit,POS,13,Unknown,Mandalay
667,2048030.8593333333,1382454.501142573,Debit,Branch,1,Unknown,Yangon
668,2802120.762352941,1523254.4569654188,Debit,ATM,17,Unknown,Yangon
669,1796126.5088235294,1272260.8712900383,Credit,Online,3,Unknown,Sittwe
670,2646853.17625,1260565.6953741559,Debit,ATM,7,Unknown,Yangon
672,2416254.7345,1402825.17119911,Credit,Branch,6,Unknown,Yangon
673,2831884.1983333332,1491967.8113781644,Debit,Online,14,Unknown,Yangon
674,2543056.5963999997,1634464.7947908994,Debit,Branch,9,Unknown,Monywa
675,2208203.3004347826,1460601.2676973208,Debit,POS,0,Unknown,Yangon
677,2259589.5764285713,1558643.7102223784,Debit,Branch,3,Unknown,Yangon
678,2739664.3511764705,1235764.1622326188,Debit,Online,20,City Mart,Yangon
679,2203647.952666667,1304316.8278233737,Debit,Online,22,Unknown,Yangon
680,2486357.8704347825,1447394.608687595,Debit,Branch,15,Unknown,Yangon
681,2775573.9310000003,1373163.5040149712,Debit,Online,0,Unknown,Yangon
682,2453571.2649999997,1179165.667171364,Credit,ATM,5,Unknown,Yangon
683,2579730.2825,1238880.13649058,Credit,ATM,21,Unknown,Yangon
684,2172226.922222222,1549069.9271939897,Debit,POS,15,Unknown,Yangon
685,2524290.9524000003,1590874.0395081812,Credit,Online,12,Unknown,Sittwe
686,2465171.315263158,1338110.142211022,Debit,POS,7,Unknown,Yangon
687,2896260.9206666667,1551315.432682054,Credit,ATM,1,Unknown,Yangon
688,2321576.2338095238,1328177.651227336,Credit,Branch,7,Unknown,Yangon
689,2411700.674,1548935.5523163693,Debit,ATM,0,Unknown,Yangon
690,2250822.627647059,1382371.6778940714,Debit,POS,5,Unknown,Yangon
691,2203060.4954545456,1711496.0045418832,Debit,Online,13,Myanmar Plaza,Yangon
692,2671274.969375,1795098.1259379429,Debit,Online,12,Unknown,Bago
693,2165101.3814285714,1590920.682052962,Debit,Online,0,Unknown,Yangon
694,2911871.584074074,1374781.7147680603,Debit,ATM,11,Unknown,Yangon
695,2567096.2627272727,1496130.226094925,Debit,Branch,5,Unknown,Yangon
696,2696567.1176190474,1509208.527404809,Debit,ATM,1,Unknown,Yangon
697,2631585.12,1506624.6622466864,Debit,POS,2,Unknown,Yangon
698,2798283.2849999997,1275466.1508809996,Credit,ATM,6,Unknown,Yangon
699,2336869.7939130436,1377617.1948096813,Debit,POS,8,Unknown,Yangon
701,2478069.9291666667,1769821.4983829793,Debit,ATM,3,City Mart,Yangon
702,2630852.401176471,1655439.9274039285,Debit,ATM,16,Wave Pay Merchant,Yangon
703,2982321.5399999996,1632453.9241686978,Debit,ATM,3,Unknown,Yangon
705,2491642.5681818184,1707684.9254984604,Credit,Branch,20,Unknown,Myitkyina
706,2575471.3824137934,1675611.5888810328,Debit,ATM,8,Unknown,Yangon
707,2011998.9386363635,1365949.2729025788,Debit,Branch,6,Unknown,Yangon
708,2229062.25125,1308191.0328920204,Debit,POS,8,Unknown,Yangon
709,3025141.3843478262,1401822.6547710986,Credit,Online,1,Unknown,Yangon
710,1876042.7752941176,1675803.7321895864,Credit,POS,6,Unknown,Yangon
711,2385520.7227272727,1599721.9191718113,Credit,Branch,19,Unknown,Mawlamyine
712,2211043.9885714287,1412327.8222335558,Credit,Branch,0,Unknown,Bago
713,2567274.323913044,1596186.5911607502,Debit,Branch,5,Unknown,Yangon
714,2186674.118947368,1788754.9678558118,Credit,ATM,21,Unknown,Yangon
715,3051682.2663157894,1495447.9446819734,Debit,Branch,7,Unknown,Yangon
716,2590144.778125,1353420.388631004,Credit,ATM,16,Unknown,Mawlamyine
717,2355764.391764706,1563744.358809969,Debit,Branch,3,Unknown,Yangon
718,2244050.2204761906,1172457.7156293867,Debit,ATM,8,Unknown,Yangon
719,2814142.529411765,1598788.2284080982,Debit,Online,2,Unknown,Yangon
721,2509905.0138095235,1353013.1022964555,Debit,ATM,22,Unknown,Yangon
722,3106565.424545455,1356617.4665630683,Credit,POS,7,Unknown,Yangon
723,2358712.2981249997,1639176.0304484838,Debit,Branch,2,Ocean Supercenter,Yangon
724,2646498.143043478,1401453.8220891152,Debit,ATM,17,Unknown,Yangon
725,2930104.814705882,1592820.0656835823,Debit,ATM,5,Unknown,Mawlamyine
726,2325355.783809524,1589809.3702602205,Credit,POS,8,Unknown,Yangon
727,2882974.897,1339187.8460327366,Credit,POS,0,Unknown,Yangon
728,2805295.71375,1482467.5299558935,Debit,Branch,18,Unknown,Yangon
729,2036519.7647826085,1536607.5654620267,Debit,POS,2,Unknown,Monywa
730,2529105.040526316,1631173.2796882838,Debit,ATM,21,Unknown,Taunggyi
731,2667364.9742857143,1480687.7298999983,Debit,Branch,14,Unknown,Yangon
732,2382867.79,1937453.204845151,Debit,Branch,11,Unknown,Yangon
733,2304864.209333333,1568104.6276534623,Debit,Online,9,Unknown,Yangon
734,2421143.6727777775,1542800.5405611256,Debit,POS,3,Unknown,Yangon
735,2682778.873076923,1594379.1279519717,Debit,POS,10,Unknown,Yangon
737,3035336.144074074,1420915.9523158628,Debit,Online,21,Unknown,Yangon
738,3541555.799411765,1354978.4639935452,Credit,POS,2,Unknown,Yangon
739,2768472.5304347826,1692853.3939266729,Debit,Branch,13,Unknown,Yangon
740,2800146.23,1366913.2538836093,Credit,ATM,10,Unknown,Yangon
741,2296142.289090909,1473732.2793896364,Credit,ATM,17,Unknown,Yangon
742,2318288.533043478,1523929.743518383,Debit,POS,20,Unknown,Yangon
743,2626042.5637499997,1446358.1530624472,Debit,ATM,1,Unknown,Yangon
744,2307669.164782609,1586634.6582236143,Debit,POS,1,Unknown,Yangon
745,2914739.6081250003,1525574.672675342,Debit,Online,5,Unknown,Yangon
746,2282713.595882353,1306828.3032910214,Debit,Online,5,Unknown,Yangon
747,1943613.04,1472115.5217475793,Debit,ATM,15,Myanmar Plaza,Yangon
748,2478267.1308695655,1753118.6607354756,Debit,Branch,0,Unknown,Sittwe
749,2708878.1795454547,1439009.9162804692,Debit,POS,7,Unknown,Yangon
750,1964023.6583333332,1382190.0889005724,Debit,Branch,12,Unknown,Yangon
751,2704026.8649999998,1457575.8699275963,Debit,Branch,3,Unknown,Yangon
752,3444736.413125,938079.6412570731,Debit,Branch,2,Unknown,Yangon
753,2919650.154347826,1296219.9315669236,Credit,Branch,19,Unknown,Yangon
755,2497897.016,1424830.1004639065,Debit,Branch,7,Unknown,Yangon
756,2818572.417777778,1323274.346996315,Debit,ATM,2,Unknown,Yangon
757,2754903.2580952384,1413460.8105868069,Debit,Branch,9,Unknown,Yangon
758,3131713.6482352945,1049448.289324271,Debit,Online,7,Unknown,Yangon
759,2330845.1225925926,1581152.0674983826,Debit,POS,10,Unknown,Bago
760,1985729.9054166665,1449470.9214610318,Debit,ATM,9,Unknown,Yangon
761,2160554.127272727,1352164.8148456493,Credit,POS,1,Unknown,Yangon
762,2846773.9895652174,1268642.714333735,Credit,Online,13,Unknown,Pathein
763,2624899.2036842103,1510354.8645571608,Credit,ATM,17,Unknown,Mandalay
764,2284086.333448276,1342989.3262353123,Debit,POS,4,Unknown,Yangon
765,2237957.6968,1332520.5544000377,Credit,Branch,7,Unknown,Yangon
766,2611486.247894737,1128311.3677119117,Debit,POS,6,Unknown,Yangon
767,2546284.4770588237,1637345.3271238767,Debit,Online,2,Unknown,Yangon
768,2443857.5645454545,1304758.8492290436,Debit,Online,3,Aung San Market,Yangon
769,2674933.5185714285,1327336.497238176,Debit,Branch,19,Unknown,Yangon
770,2419265.5187500003,1244574.6579272286,Credit,Branch,16,Unknown,Yangon
771,2422932.2677272726,1179884.3209197833,Debit,ATM,14,Unknown,Yangon
772,2315527.8006666666,1540070.5558039937,Debit,ATM,9,Unknown,Yangon
773,2557659.0,1829303.1599339347,Credit,POS,11,Unknown,Yangon
774,1927214.0622727273,1396257.6760224218,Credit,ATM,2,Unknown,Yangon
778,2348047.2072,1534016.8563172724,Debit,POS,20,Unknown,Yangon
779,3173113.019230769,1450208.8643844593,Debit,Online,12,Unknown,Yangon
780,2470155.0247058826,1429573.7613995855,Debit,Online,0,Unknown,Yangon
781,2239463.9274999998,1199497.7742156622,Credit,POS,2,Unknown,Yangon
782,1725444.4894444444,1545485.096928817,Debit,Branch,7,Unknown,Yangon
783,2672334.413333333,1486419.6752487475,Debit,ATM,9,Unknown,Yangon
784,2806095.053333333,1449010.5916855852,Debit,POS,12,Unknown,Yangon
785,2538222.736153846,1494884.9922888898,Debit,Branch,13,Unknown,Yangon
786,2257435.0142857144,1384794.7954907715,Credit,Online,11,Unknown,Yangon
787,2881451.478181818,1432910.846261905,Debit,POS,3,Unknown,Yangon
788,2322512.065263158,1796507.7614547776,Credit,ATM,11,Unknown,Yangon
789,2919415.209333333,1256686.5499132448,Debit,POS,12,Unknown,Mawlamyine
790,1940437.0173333334,1391337.1654988816,Debit,Branch,22,Unknown,Yangon
792,2464797.270625,1336173.414778529,Debit,Branch,15,Unknown,Yangon
794,2132325.3540000003,1594278.9662677422,Debit,ATM,13,Unknown,Yangon
795,2974292.5621739132,1378819.626477265,Debit,Branch,6,Unknown,Yangon
796,1875186.5210000002,1423252.4404597855,Debit,Branch,3,Unknown,Yangon
797,2084422.8983333334,1384785.1961468956,Debit,ATM,19,Unknown,Naypyidaw
798,2597499.169375,1357448.116147781,Debit,Branch,18,Unknown,Yangon
799,2996489.94,1669398.8740593006,Debit,POS,5,Unknown,Yangon
800,2727796.4315,1405430.9999692717,Debit,Branch,3,Unknown,Yangon
802,2488196.101875,1481615.026542366,Credit,Online,7,Unknown,Yangon
803,2280393.6844444443,1117732.146346666,Debit,Branch,0,Unknown,Yangon
804,2280966.4963636366,1294309.811573913,Debit,ATM,0,Unknown,Yangon
805,2201385.42,1767320.1486323222,Debit,Branch,2,Unknown,Yangon
806,2057627.565,1709997.9766791174,Debit,ATM,2,Unknown,Yangon
807,2453752.1930434783,1181869.167350813,Debit,POS,6,Unknown,Yangon
808,2875912.745,1497738.897386563,Debit,Online,7,Unknown,Yangon
810,2432474.8707692306,1354972.7825193813,Debit,ATM,21,Unknown,Yangon
811,2575916.931,1411872.9308679127,Debit,ATM,16,Unknown,Yangon
812,2749848.216190476,1688745.4338815054,Debit,Online,20,Unknown,Yangon
813,2697221.5855555553,1558157.6208021268,Debit,POS,21,Unknown,Yangon
814,2680568.9717391306,1240011.615930692,Debit,POS,11,Unknown,Yangon
815,2775815.4322222224,1671515.1114109266,Debit,POS,0,Unknown,Yangon
816,2109702.9293750003,1596231.6420114008,Debit,Online,0,KBZ Pay Merchant,Yangon
817,2274384.5231578946,1523584.3373688294,Credit,Branch,11,Unknown,Yangon
818,2088696.1429166666,1398502.9618544804,Debit,Online,14,Unknown,Yangon
819,2048250.5875,1344353.1501431656,Debit,ATM,2,Unknown,Mandalay
820,2382958.7886363636,1498045.491423055,Debit,POS,0,Unknown,Yangon
821,2030944.27875,1444308.7288875582,Debit,ATM,5,Unknown,Yangon
822,2347730.6747826086,1654021.4510048826,Debit,ATM,2,Unknown,Yangon
823,2502820.7004,1421551.3194605052,Debit,Branch,5,Unknown,Yangon
824,2048510.1905555555,1474948.5862335307,Debit,ATM,3,Unknown,Yangon
825,2401302.9810526315,1118102.580243499,Credit,Branch,2,Unknown,Yangon
826,2804568.612631579,1489209.2224140058,Debit,Branch,1,Unknown,Naypyidaw
827,2622510.2205555555,1281441.2744201436,Debit,POS,8,Unknown,Yangon
828,2559622.5803703703,1419946.3632382106,Debit,POS,16,Unknown,Yangon
829,2324985.9016666664,1758802.923022483,Debit,ATM,22,Unknown,Yangon
830,2788800.0736363637,1344420.8052830184,Debit,POS,4,Unknown,Yangon
832,2308233.268636364,1510808.9314186731,Debit,Online,16,Unknown,Yangon
833,2093609.2683333333,1366131.5897756284,Debit,POS,21,Unknown,Yangon
835,2635183.06,1708765.0925759743,Debit,Online,11,Unknown,Yangon
836,2823954.519375,1844866.8289779783,Debit,ATM,11,Unknown,Mandalay
837,2266350.193888889,1533889.2094188137,Debit,Branch,8,Unknown,Yangon
838,2413016.973888889,1602181.333857724,Debit,POS,9,Unknown,Taunggyi
839,2418065.6147826086,1667964.8692163066,Debit,Branch,6,Mytel Payment,Yangon
840,3229881.0765217394,1382742.3571562811,Debit,POS,16,Unknown,Yangon
842,2274743.705625,1491459.8651465136,Debit,ATM,13,Unknown,Yangon
843,3268482.003,1188586.7794836552,Credit,Online,3,Unknown,Yangon
844,2684926.5308333333,1787051.8387462653,Debit,POS,2,Unknown,Naypyidaw
845,2900256.35,1275239.6513343821,Debit,ATM,23,Unknown,Yangon
846,1935644.2945833334,1396135.1046155756,Debit,ATM,3,Unknown,Yangon
847,2074798.4845833334,1386131.2547805046,Debit,ATM,16,Unknown,Taunggyi
848,1867364.0633333332,1457884.866729115,Debit,Branch,1,Unknown,Mandalay
849,1845569.972142857,917983.8178417856,Credit,ATM,7,Unknown,Yangon
850,1894540.6854545453,1484039.7965722668,Debit,POS,10,Unknown,Yangon
851,2635039.486,1493807.4908119529,Debit,Branch,7,Unknown,Mandalay
852,2663510.093846154,1328817.8815335634,Debit,POS,12,Unknown,Yangon
853,2289551.557407407,1251393.556129821,Debit,Online,19,Unknown,Yangon
854,2139655.3466666667,1281111.8075289035,Debit,Branch,2,Unknown,Yangon
855,2305668.9869230767,1326665.9114815218,Debit,ATM,8,Unknown,Yangon
856,2129137.58,1275309.082432335,Debit,Branch,2,Unknown,Yangon
857,2920075.327,1565309.3429226198,Debit,POS,16,Unknown,Yangon
858,2560789.3976470586,1593795.0572592772,Debit,Online,7,Unknown,Yangon
859,2235774.5052941176,1559203.3968988487,Debit,POS,12,Unknown,Yangon
860,3151517.601875,1306728.8659090137,Debit,Branch,3,Unknown,Yangon
861,2657228.8588888887,1803744.5597819593,Debit,ATM,14,Unknown,Yangon
862,3142031.8686666666,1514575.274433776,Debit,ATM,6,Unknown,Yangon
863,2722198.033043478,1342361.6291981468,Debit,ATM,2,Unknown,Yangon
864,2494624.9263999998,1308061.5073994868,Credit,Branch,14,Unknown,Yangon
865,1632321.1925,1330452.1211030097,Debit,POS,6,Unknown,Yangon
866,2308646.3652173914,1566688.818369253,Debit,Branch,5,Unknown,Yangon
867,2328509.0982758617,1553198.3230721992,Debit,POS,5,Unknown,Yangon
868,2532739.6272222223,1283902.1263899726,Debit,Branch,16,Unknown,Yangon
869,2506274.9760000003,1591188.7553012937,Debit,ATM,2,Unknown,Taunggyi
870,2167103.534375,1337856.0403958343,Debit,ATM,1,Aung San Market,Yangon
872,2316615.1947058826,1387760.3742356622,Credit,ATM,2,Unknown,Yangon
873,1703669.0037500001,1124388.9254363575,Debit,Online,20,Unknown,Yangon
874,2608055.309230769,1551409.9609888112,Debit,ATM,0,Unknown,Yangon
875,2385602.617777778,1194533.281902406,Credit,Branch,1,Unknown,Yangon
876,3266102.243125,1453520.5579212524,Debit,POS,1,City Mart,Yangon
877,2196814.272307692,1591367.6701784597,Debit,ATM,17,Unknown,Yangon
878,1962173.030625,991286.4010827552,Credit,POS,1,Unknown,Yangon
879,3325085.608181818,1364243.6521252515,Debit,Branch,0,Unknown,Mandalay
880,2615397.879565217,1292355.4142894915,Debit,Online,1,Unknown,Yangon
881,2321743.5225,1319340.130075971,Debit,ATM,17,Unknown,Yangon
882,2604285.6610526317,1154528.7965471195,Debit,Branch,1,Unknown,Yangon
883,2921330.7845833334,1276971.875799498,Debit,ATM,6,Unknown,Yangon
884,2571084.1705882354,1078504.1159590073,Credit,Online,1,Unknown,Yangon
885,2279121.449375,1599310.3510850463,Debit,Online,6,Unknown,Yangon
887,3073484.922083333,1594218.3511069964,Debit,ATM,6,Unknown,Yangon
888,1984197.7666666666,1446014.1106641314,Debit,Branch,11,Unknown,Yangon
890,2465574.1584,1534276.7201480272,Credit,Online,2,Unknown,Pathein
891,2312041.4947619047,1479137.2429288432,Debit,Branch,7,Aung San Market,Yangon
892,2790743.7715384616,1273347.6408658142,Credit,ATM,4,Unknown,Taunggyi
895,2209383.6279166667,1321318.946512317,Debit,ATM,16,Unknown,Yangon
896,2490362.695652174,1508329.2037935914,Debit,Branch,18,Unknown,Yangon
897,2747383.914375,1722488.339610931,Debit,POS,15,Unknown,Yangon
898,2278058.433888889,1311700.44048449,Debit,ATM,21,Unknown,Yangon
899,2837284.09125,1246858.9716642345,Debit,Branch,4,Unknown,Sittwe
901,2575923.354285714,1358890.0188048093,Debit,POS,5,Unknown,Yangon
902,2878674.800526316,1389769.668804134,Debit,Branch,21,Unknown,Yangon
903,2644137.211818182,1395025.4453412795,Debit,Online,3,Unknown,Pathein
905,2524577.1568965516,1708012.928793531,Debit,ATM,7,Unknown,Yangon
906,2593310.9665,1355750.2410667732,Debit,Branch,11,Unknown,Yangon
908,2520688.1252173916,1545729.6850485518,Credit,Online,8,Unknown,Yangon
911,2064499.5005882352,1737167.5327962318,Debit,Online,18,Unknown,Yangon
912,2308553.5454545454,1521014.3864736655,Debit,Branch,2,Unknown,Yangon
913,2597955.5486666667,1347471.3684466095,Debit,Online,11,Unknown,Yangon
914,1654464.4836842106,1257491.4231422115,Debit,POS,7,Unknown,Yangon
915,2581480.1648,1423050.9287493876,Debit,POS,5,Unknown,Yangon
917,2834218.4914285713,1576494.4783332406,Credit,Online,0,Unknown,Yangon
918,2717115.932258065,1743656.6793737914,Debit,ATM,0,Unknown,Yangon
919,2407038.4984999998,1566064.03641727,Debit,POS,2,Unknown,Yangon
920,2561923.452,1015869.389001049,Debit,Branch,11,Unknown,Mandalay
922,2801824.405882353,913815.3785396059,Debit,ATM,2,Unknown,Mandalay
923,2463364.74047619,1368478.8631597927,Debit,Branch,2,Unknown,Yangon
924,2012546.917222222,1484072.756604942,Credit,Online,15,Unknown,Yangon
925,2293414.6149999998,1215903.4415691143,Credit,ATM,2,Unknown,Mawlamyine
926,2244164.525,1476102.3633591349,Debit,Online,20,Unknown,Yangon
931,2059265.4313333333,1335234.1844130773,Credit,POS,2,Unknown,Yangon
932,2270020.07,1205575.4707230218,Debit,Branch,5,Unknown,Yangon
933,2773596.517037037,1436684.8746012186,Debit,Online,4,Unknown,Yangon
934,2274256.674,1297810.0537090725,Debit,ATM,8,Unknown,Yangon
935,2846694.4794444446,1489970.0723828627,Debit,POS,15,Unknown,Yangon
936,2882318.983333333,1479309.1819456292,Debit,POS,1,Unknown,Sittwe
937,2308205.700833333,1584339.1917720868,Debit,ATM,23,Unknown,Yangon
938,2283966.10375,1536949.8504659238,Debit,Online,3,Unknown,Yangon
940,2714212.1999999997,1332420.93063846,Debit,Branch,14,Unknown,Yangon
941,2808954.1153333336,1458382.9031693125,Debit,Branch,9,Unknown,Yangon
942,2624939.6964705884,1500809.571865143,Credit,POS,6,Unknown,Taunggyi
943,2237791.8255555555,1210308.6009759684,Credit,POS,8,Unknown,Yangon
944,1687825.0975,1314373.8397620264,Debit,Online,7,Unknown,Yangon
945,2532273.396875,1598911.2403976785,Credit,ATM,23,Unknown,Yangon
947,2730123.3572727274,1475336.4237357574,Debit,Branch,12,Unknown,Yangon
948,2767413.740625,1239714.2085062258,Debit,ATM,0,Unknown,Yangon
949,2118505.7399999998,1263191.6653336333,Credit,Online,9,Unknown,Yangon
950,2111320.89,1457438.411246932,Debit,ATM,18,Unknown,Yangon
952,1867054.1308333334,1200600.4525332265,Credit,Branch,9,Unknown,Mandalay
954,2826538.001764706,1302684.7996301088,Debit,ATM,15,Unknown,Mandalay
955,2224036.334166667,1323033.7513961028,Debit,POS,13,Unknown,Yangon
956,2348063.308095238,1717090.3648522291,Debit,ATM,0,Unknown,Yangon
958,2321045.532857143,1414446.9099469518,Debit,POS,11,Unknown,Yangon
959,2835890.938235294,1488088.955896341,Debit,Branch,1,Unknown,Yangon
960,2091131.28,1266356.4004432552,Debit,Branch,1,Unknown,Monywa
962,2395193.9847058826,1626210.6704802604,Debit,ATM,3,Unknown,Yangon
963,2212198.0381818186,1439165.9622222446,Debit,Branch,6,Aung San Market,Yangon
964,2786326.492631579,1374140.3751464903,Credit,Branch,18,Unknown,Yangon
965,2530210.6442857143,1464733.3100152372,Debit,Branch,11,Unknown,Yangon
966,1966305.23,1550928.2886176617,Debit,ATM,0,Unknown,Yangon
967,2554357.621923077,1374721.3367311773,Debit,ATM,17,Unknown,Naypyidaw
968,2560323.0086666667,1397102.792119158,Credit,Online,5,Unknown,Pathein
969,2291456.315652174,1805187.3747982504,Debit,ATM,13,Unknown,Yangon
970,2570771.6895,1488104.1160117905,Debit,POS,5,Ocean Supercenter,Yangon
971,2745569.665,1077140.4093637671,Credit,Branch,16,Unknown,Taunggyi
972,2765496.132105263,1357848.1624940108,Credit,Online,12,Unknown,Mandalay
973,2824590.092631579,1385993.0493845933,Debit,Branch,15,Unknown,Yangon
974,2724302.1407142854,1641886.0861098215,Debit,POS,14,Unknown,Yangon
975,2484249.0606666664,1177156.0669200413,Debit,Branch,4,Unknown,Yangon
976,3194791.1947619044,1325157.7190389289,Credit,ATM,3,Unknown,Monywa
977,2692772.2965,1380967.4180243986,Debit,Branch,5,Unknown,Yangon
978,2620391.893125,1128934.562955824,Debit,Online,2,Unknown,Mandalay
979,2851723.853888889,1458061.0102544704,Debit,POS,22,Unknown,Yangon
981,3008033.649285714,1324380.3648582264,Credit,POS,5,Unknown,Pathein
982,2415776.1633333336,1483794.0684578498,Credit,Online,8,Unknown,Yangon
983,2607668.6075,1620688.115235107,Debit,Online,7,Unknown,Yangon
984,1933284.7788,1478238.6202400976,Debit,Online,3,Unknown,Yangon
985,2536902.1061904766,1413274.0274774053,Debit,ATM,11,Unknown,Yangon
986,2286609.692222222,1421600.0749160126,Debit,ATM,11,Unknown,Yangon
987,2237900.506111111,1601947.5157472503,Credit,POS,8,Unknown,Pathein
988,1984163.179047619,1310856.7685970152,Debit,ATM,7,Unknown,Yangon
989,2464724.879166667,1421435.631671901,Debit,Branch,11,Unknown,Yangon
991,2541689.9068181817,1621825.7815861378,Debit,ATM,14,Unknown,Yangon
992,2377822.841875,1748896.101420754,Credit,Online,1,Unknown,Yangon
993,2669628.3068750002,1252468.2650837158,Debit,Branch,11,Unknown,Yangon
994,2017464.7433333334,1411543.4994915721,Credit,POS,11,Unknown,Taunggyi
995,2192663.361304348,1659507.621461504,Debit,ATM,20,Unknown,Yangon
996,2532499.3615789474,1428020.1554435615,Debit,Branch,0,Unknown,Yangon
997,2867750.4884615387,1303451.3007471843,Credit,Online,15,Unknown,Taunggyi
998,2492690.6642857143,1298275.583335417,Debit,ATM,1,Unknown,Yangon
999,2687600.7629411765,1081955.9037610488,Debit,POS,4,Unknown,Yangon
1001,3062528.9074999997,1146132.9292128223,Debit,ATM,0,Aung San Market,Yangon
1002,2903850.004583333,1191862.7732155675,Debit,POS,3,Unknown,Sittwe
1003,2739835.1615000004,1379218.3980713973,Credit,Online,11,Unknown,Yangon
1004,2653546.3679166664,1680001.7226887294,Debit,Online,23,Unknown,Yangon
1005,2133414.0488,1338515.3389185246,Debit,Online,23,Unknown,Yangon
1006,2698796.189444444,1667729.8984424411,Credit,ATM,22,Unknown,Bago
1007,2644829.4876190475,1401375.9245641893,Debit,POS,22,Aung San Market,Yangon
1008,2878700.4325,1628145.278937304,Debit,Online,7,Unknown,Yangon
1009,1867001.875,1856545.60284589,Credit,ATM,12,Unknown,Mandalay
1010,2317200.4995238096,1507525.6301870656,Debit,ATM,2,Myanmar Plaza,Yangon
1011,2461601.6176,1503219.0500735622,Credit,ATM,18,Unknown,Yangon
1013,3058173.999375,1053677.5667412123,Debit,POS,13,Unknown,Yangon
1014,1885782.333478261,1284120.5310109209,Debit,POS,13,Unknown,Yangon
1015,2957376.6738095237,1286454.3203248433,Debit,ATM,13,Unknown,Yangon
1016,2716188.6233333335,1443000.0922036795,Credit,Online,21,Unknown,Bago
1017,2202480.2,1537328.7349627514,Debit,ATM,6,Unknown,Yangon
1018,2635899.722173913,1402903.2393461296,Debit,ATM,15,Unknown,Yangon
1019,2411025.68125,1406258.74864244,Debit,ATM,19,Unknown,Yangon
1021,2453179.553181818,1402997.7072970716,Credit,Online,0,Unknown,Yangon
1022,2963270.5142857144,1101959.8833280827,Debit,Branch,15,Unknown,Yangon
1023,2094157.542727273,1364675.9694378239,Debit,ATM,1,Unknown,Yangon
1024,1998448.2392,1243287.7533565215,Debit,Branch,1,Unknown,Yangon
1026,2857696.0041666664,1680655.6111763176,Credit,Online,9,Unknown,Yangon
1027,3596800.466111111,1153768.7371780362,Debit,ATM,2,Online Shop MM,Pathein
1028,2812555.5648387093,1343272.8605244285,Debit,Online,9,Unknown,Yangon
1029,2141013.3775,1486124.191480308,Debit,ATM,2,Aung San Market,Yangon
1030,2365959.9957142854,1327679.9489702217,Debit,Online,10,Unknown,Yangon
1031,2221749.6029411764,1682354.4869713392,Credit,Branch,16,Unknown,Yangon
1032,3048687.2282608696,1591901.47074363,Debit,Branch,17,Unknown,Yangon
1033,2186471.1408695653,1457440.791747729,Debit,ATM,1,Unknown,Yangon
1035,2703598.6905555557,1684163.6229945272,Debit,POS,1,Unknown,Yangon
1036,3003312.645263158,1515120.2507171058,Credit,Branch,5,Unknown,Naypyidaw
1037,2073729.183333333,1269224.2373463963,Debit,POS,8,City Mart,Yangon
1038,2343957.3713793103,1573259.5815557963,Debit,ATM,7,Unknown,Yangon
1039,2751530.5427777776,1536646.286625895,Debit,Online,1,Unknown,Yangon
1041,2214766.658181818,1434599.1524056932,Debit,Online,0,Unknown,Yangon
1042,2760870.595333333,1485681.0253418277,Debit,Online,5,Unknown,Naypyidaw
1043,2243729.8600000003,1434430.6961780852,Debit,Online,18,Unknown,Yangon
1045,2307307.8312500003,1435215.874364714,Debit,Online,16,Unknown,Yangon
1046,2352375.8390909093,1602862.296742371,Debit,ATM,18,Unknown,Yangon
1047,2080995.1695833334,1322797.9732609962,Debit,Branch,15,Unknown,Monywa
1048,2695080.495833333,1525023.889199268,Debit,Branch,7,Unknown,Yangon
1049,2992323.2813636363,1563579.3120747553,Credit,ATM,2,Unknown,Mandalay
1050,3028614.8710526316,1552470.74110778,Debit,ATM,6,Unknown,Yangon
1051,2696436.319411765,1589280.7595128696,Debit,ATM,4,Unknown,Yangon
1052,2551066.4447058826,1830663.6775271585,Debit,Online,3,Unknown,Yangon
1053,2250581.82,1237745.1978925234,Credit,Online,6,Unknown,Pathein
1054,2315593.587894737,1268497.2984463393,Debit,ATM,2,Unknown,Mawlamyine
1055,2016015.3542857144,1651036.082025572,Debit,Branch,17,Unknown,Yangon
1056,2249031.3805,1689857.6107036204,Debit,Branch,23,Unknown,Yangon
1060,2593228.884,1311868.451526168,Debit,Online,19,Unknown,Yangon
1061,2477239.3776190476,1338753.0596684287,Debit,POS,21,Unknown,Yangon
1062,2495710.5420000004,1516228.475599839,Debit,Branch,11,Online Shop MM,Yangon
1064,2434450.496190476,1554732.1365899853,Debit,POS,14,Unknown,Yangon
1065,2529136.2977777775,1238632.3972740916,Credit,ATM,4,Unknown,Naypyidaw
1066,2476044.8796,1376311.6420764423,Debit,ATM,16,Unknown,Yangon
1067,3404528.1289473684,1027687.1194856676,Debit,Online,0,Unknown,Yangon
1068,2726324.0820833333,1557902.804212206,Credit,Branch,1,Unknown,Yangon
1069,2599911.0804761904,1441748.0403418778,Debit,ATM,20,Unknown,Yangon
1070,2291600.618125,1593870.812298833,Debit,ATM,15,Unknown,Yangon
1071,2735248.431904762,1530773.201757681,Debit,Branch,4,Unknown,Yangon
1072,2188166.5355,1339087.4118179954,Debit,POS,0,Unknown,Yangon
1073,2390104.651333333,1454558.8725768034,Debit,POS,3,Unknown,Yangon
1074,2265218.4084210526,1628532.179416733,Credit,Online,8,Unknown,Yangon
1075,1982590.009,1701779.6982519478,Credit,ATM,6,Unknown,Sittwe
1077,2290176.315217391,1141721.4430700713,Debit,Branch,13,Unknown,Yangon
1078,2936069.1125,1646340.4658291845,Credit,Branch,2,Unknown,Yangon
1079,2385529.61125,1473721.9476456533,Debit,Branch,1,City Mart,Yangon
1080,2278332.553333333,1600280.1981228914,Debit,Online,0,Unknown,Yangon
1081,2351722.5704,1434880.5927516902,Debit,ATM,7,Unknown,Yangon
1082,2590684.5038888888,1347667.6888047745,Credit,ATM,22,Unknown,Yangon
1083,1873142.0004166665,1237725.7467922883,Debit,Branch,22,Unknown,Yangon
1084,1490974.578125,1148508.973356082,Debit,ATM,1,Unknown,Yangon
1085,2807688.5984210526,1048871.8996478387,Debit,ATM,0,Unknown,Yangon
1086,2485657.67,1355766.5515031463,Debit,POS,0,Unknown,Yangon
1087,2358233.855,1484115.9909378767,Debit,Branch,13,Unknown,Monywa
1088,2311794.074,1598231.7867140651,Debit,Online,17,Unknown,Yangon
1089,2868236.7015789472,1377386.1529020811,Debit,ATM,19,Unknown,Yangon
1090,2602548.8889285713,1542978.9497404557,Debit,Branch,3,Unknown,Yangon
1091,2136533.179642857,1490750.2974408583,Debit,POS,2,Unknown,Yangon
1092,2509155.9375,1551897.9224364336,Debit,ATM,13,Junction Square,Yangon
1093,1839290.6800000002,1103796.0673360534,Debit,Online,5,Unknown,Yangon
1094,2591156.1706666667,1417959.426231839,Debit,POS,1,Online Shop MM,Sittwe
1095,2185854.026521739,1314707.1788356039,Debit,Branch,1,Unknown,Yangon
1096,2431356.6121052634,1269422.5174856535,Debit,Branch,19,Unknown,Yangon
1097,2883792.8036363637,1449030.1200929622,Debit,POS,4,Unknown,Yangon
1098,2863570.9933333336,1350853.4883357908,Debit,Branch,10,Unknown,Yangon
1099,2772492.392631579,1433792.7931995653,Credit,Online,23,Unknown,Mandalay
1100,2492884.038,1384058.79651938,Debit,ATM,6,Unknown,Yangon
1101,2808187.768333333,1532357.1862219598,Credit,ATM,9,Unknown,Yangon
1103,3461532.061538461,956718.140179703,Debit,Online,10,Unknown,Yangon
1105,2513251.536842105,1650908.402653205,Credit,ATM,2,Unknown,Yangon
1106,2070066.2004545452,1405185.0596837893,Credit,ATM,8,Unknown,Yangon
1107,2752199.912631579,1434354.5254843894,Debit,Branch,3,Unknown,Yangon
1108,2129614.0373333334,1507598.9033289202,Debit,ATM,7,Wave Pay Merchant,Yangon
1109,2658045.4852380953,1617302.442159504,Debit,ATM,7,Unknown,Yangon
1110,2330785.001,1484983.4333186708,Credit,Online,4,Unknown,Bago
1111,2691920.30483871,1479429.5746064885,Debit,Online,12,Unknown,Yangon
1112,2497368.3962962963,1552411.3395089475,Debit,ATM,0,Unknown,Yangon
1113,2752748.725,1482017.4862161984,Debit,ATM,21,Unknown,Yangon
1115,2245850.1616666666,1540834.9434659365,Debit,ATM,5,Mytel Payment,Yangon
1116,2254257.9872727273,1684097.3641698156,Debit,POS,5,Unknown,Yangon
1117,2687374.914347826,1373081.5824445684,Debit,POS,7,Unknown,Yangon
1118,2545927.5035,1692894.1926050668,Credit,POS,13,Unknown,Mandalay
1119,2109071.0521052633,1465771.251365409,Debit,Online,9,Unknown,Yangon
1123,2222905.5637037037,1562237.6495473708,Debit,POS,7,Unknown,Yangon
1124,2250284.1992,1407833.4009579157,Debit,ATM,8,Unknown,Yangon
1125,2622659.8789999997,1579477.634471892,Debit,Branch,2,Unknown,Yangon
1126,2522152.1742857145,1178250.3636040364,Debit,ATM,7,Unknown,Yangon
1127,1841783.798888889,1571781.8410703053,Debit,ATM,4,Aung San Market,Yangon
1128,2296547.5593749997,1407343.0380274034,Debit,Online,1,Unknown,Yangon
1130,2107086.7056521736,1207873.7205060748,Credit,Branch,1,Unknown,Sittwe
1131,1901594.21,1336703.7678533285,Credit,ATM,19,Unknown,Yangon
1132,2790013.109666667,1377916.02078969,Credit,ATM,3,Unknown,Monywa
1133,2427527.8916666666,1550609.4624587405,Debit,ATM,3,Unknown,Yangon
1134,2627196.6690476188,1385626.7487068637,Debit,Branch,3,Unknown,Yangon
1135,3032915.005652174,1446242.7543098605,Credit,ATM,3,Unknown,Yangon
1136,2730895.031724138,1539326.2052381716,Debit,POS,4,Unknown,Yangon
1139,2253477.705,1272918.92065963,Debit,Branch,7,Unknown,Yangon
1140,2039321.156470588,1268264.9576895526,Debit,POS,20,Unknown,Yangon
1141,2505127.962105263,1453493.4332338881,Credit,Branch,14,Unknown,Yangon
1143,3179894.518666667,1289907.7676025268,Debit,ATM,8,Unknown,Yangon
1144,2191733.9358333335,1429542.0568234348,Credit,Online,6,Unknown,Yangon
1145,1414053.3838461537,1408402.5611076977,Debit,Branch,9,Aung San Market,Yangon
1146,2049523.7881818183,1380170.1246297082,Credit,Branch,1,Unknown,Yangon
1147,2325794.6166666667,1635176.321603065,Debit,ATM,9,Unknown,Yangon
1148,2143841.552285714,1440438.0212372297,Debit,POS,12,Unknown,Yangon
1149,2465134.672142857,1420621.599948553,Debit,Online,2,Unknown,Yangon
1150,2253141.755,1466101.8960785808,Credit,Branch,4,Unknown,Yangon
1153,2374993.0138095235,1459774.979979018,Credit,ATM,17,Unknown,Pathein
1154,3392417.5570588233,1258868.794237341,Debit,ATM,0,Junction Square,Yangon
1155,2678000.1738095237,1396454.2931175223,Debit,ATM,18,Unknown,Yangon
1156,2550470.7611764707,966642.0332783811,Debit,Online,1,Unknown,Yangon
1157,2564810.8088235296,1529730.8265374007,Debit,ATM,1,Unknown,Yangon
1158,2468266.773888889,1424491.1188116926,Credit,ATM,6,Unknown,Yangon
1159,2769471.018,1563828.9072838349,Debit,ATM,12,Unknown,Yangon
1160,1937310.8225,1381346.3849900127,Debit,Online,14,Unknown,Naypyidaw
1161,2261557.650769231,1514388.2783322602,Debit,Branch,6,Junction Square,Yangon
1162,2384910.677222222,1765327.7100905138,Debit,POS,5,Unknown,Yangon
1163,1587629.076666667,1322794.1789948072,Debit,ATM,7,Unknown,Monywa
1164,2765275.8433333333,1204284.8712308353,Debit,POS,14,Unknown,Yangon
1165,3047329.0039999997,1199568.4457320133,Debit,POS,16,Unknown,Yangon
1166,2580338.611111111,1439916.6088564266,Debit,Online,21,Unknown,Yangon
1167,3002351.114,1377892.814865386,Credit,POS,2,Unknown,Yangon
1168,2307922.6685714284,1484610.2989655305,Debit,POS,8,Unknown,Yangon
1169,2616196.225416667,1404360.1000037098,Debit,Branch,11,Unknown,Yangon
1170,2987665.8114285716,935759.1016820084,Debit,ATM,12,Junction Square,Yangon
1171,2771538.7272222224,1490683.2274472257,Credit,POS,18,Unknown,Monywa
1173,2439094.435909091,1453475.8480731687,Debit,POS,2,Unknown,Yangon
1174,2131955.9126086957,1179203.0017504436,Debit,ATM,14,Unknown,Yangon
1175,2805059.7763636364,1566199.911678704,Debit,ATM,5,Unknown,Yangon
1176,1946102.3417647057,1429696.2725849573,Credit,ATM,8,Unknown,Yangon
1178,2387765.2015789472,1536148.8765163806,Debit,POS,18,Unknown,Yangon
1179,2168666.6186363637,1655603.4705038778,Debit,ATM,14,Unknown,Yangon
1180,2501548.5045454544,1249384.930587094,Debit,Branch,16,Unknown,Yangon
1181,2151709.3394736843,1241341.1400985096,Debit,POS,15,Unknown,Yangon
1182,1980000.4904347826,1568807.7038898992,Debit,POS,0,Unknown,Yangon
1183,2834989.795909091,1478137.6702354793,Debit,Online,6,Unknown,Pathein
1184,2721480.77,1471494.2581112876,Debit,Branch,21,Unknown,Yangon
1185,2456554.8680769233,1348522.8531278877,Debit,ATM,1,Unknown,Yangon
1186,2496766.0875,1304173.274225977,Credit,Online,18,Unknown,Yangon
1187,2491402.1784210526,1458799.8982887275,Credit,Online,5,Unknown,Yangon
1188,2507787.4716666667,1619228.6687775657,Debit,Branch,6,Unknown,Yangon
1189,2539715.342,1556689.3442409663,Debit,Branch,1,Unknown,Yangon
1191,2184491.902857143,1306122.2656124798,Debit,POS,7,Unknown,Yangon
1192,2593112.7347999997,1507120.0596634536,Debit,Branch,0,Unknown,Yangon
1193,2467560.6075,1433992.123622018,Debit,Branch,2,Unknown,Yangon
1194,1826595.6172,1525530.5229904817,Debit,POS,2,Unknown,Yangon
1195,3173934.5305882357,1150708.5149013314,Debit,Online,0,Mytel Payment,Yangon
1196,2616247.435416667,1511466.74167043,Credit,POS,15,Unknown,Yangon
1199,2473861.21,1512544.1125919204,Debit,POS,21,Unknown,Yangon
1200,2932608.159090909,1646954.3018050182,Debit,Online,14,Unknown,Yangon
1201,2822691.723888889,1505944.917548538,Debit,POS,16,Unknown,Yangon
1202,2279697.8842857145,1429785.1257566507,Debit,ATM,9,Unknown,Yangon
1203,2522736.497272727,1650504.1411883163,Debit,Branch,7,Unknown,Yangon
1204,2287070.3236842104,1312248.435098738,Credit,Online,12,Unknown,Yangon
1205,2828398.439166667,1309392.4779117645,Debit,POS,2,Unknown,Yangon
1206,2882743.6504347827,1507960.9011451253,Credit,ATM,7,Unknown,Yangon
1207,2305075.414090909,1488905.4115902146,Debit,ATM,20,Unknown,Yangon
1208,2457667.86125,1628727.1304189977,Debit,Branch,1,Unknown,Mandalay
1209,1900812.0471428572,1273782.0288619974,Debit,ATM,23,Myanmar Plaza,Yangon
1210,2217952.0056,1375888.949963538,Debit,ATM,23,Unknown,Yangon
1211,2340286.9252173915,1540843.9968316038,Credit,Online,14,Unknown,Yangon
1212,3068723.897,1531203.076273235,Debit,ATM,5,Unknown,Myitkyina
1213,2916331.4055555556,1290399.1840438766,Debit,ATM,20,Unknown,Yangon
1214,2330282.617647059,1361803.557322631,Debit,Branch,19,Unknown,Yangon
1215,2942034.3086363636,1340515.7158081993,Debit,ATM,0,Unknown,Yangon
1217,2486326.8604761907,1399174.4630309718,Debit,Branch,4,Unknown,Yangon
1218,2479379.4111764706,1565975.5285583714,Debit,POS,13,Unknown,Yangon
1219,2301076.8046875,1517822.9953532016,Debit,POS,14,Unknown,Yangon
1221,2157376.6088461536,1242202.5993072956,Debit,ATM,0,Unknown,Monywa
1222,2201918.183809524,1344076.3160796212,Debit,Branch,3,Unknown,Yangon
1223,2805330.9625,1470054.5916437295,Debit,Online,10,KBZ Pay Merchant,Mawlamyine
1224,2439430.530952381,1297621.0392889723,Debit,ATM,10,Unknown,Yangon
1225,2773428.4892857145,1477705.4503917668,Debit,ATM,14,Unknown,Yangon
1226,2466709.8564285715,1544170.7673983725,Debit,Branch,10,Unknown,Yangon
1227,2162726.1052941177,1590808.8919622584,Debit,Online,1,MPT Merchant,Yangon
1229,2435412.5016666665,1561746.1051156512,Credit,ATM,9,Unknown,Yangon
1230,2459632.2470588237,1411933.4023242407,Debit,POS,5,Unknown,Yangon
1231,2825333.205882353,1099921.8662902364,Debit,POS,9,Unknown,Yangon
1233,2773432.98,1560104.3683510525,Debit,Online,5,Unknown,Yangon
1234,3061456.7923809523,1355386.9353823273,Debit,POS,15,Unknown,Yangon
1235,2254016.7352173915,1385582.645975711,Debit,Online,2,Unknown,Yangon
1236,2533020.057272727,1228689.820252353,Debit,Branch,13,Unknown,Yangon
1237,2724948.834444444,1135386.4439165138,Debit,POS,22,Unknown,Yangon
1238,2248882.96,1350947.8074178044,Debit,Branch,6,Unknown,Yangon
1239,2400590.435714286,1774898.7653356062,Debit,ATM,11,Unknown,Yangon
1240,1820709.073076923,1033535.2039349008,Debit,Branch,11,Junction Square,Yangon
1242,2694509.631304348,1553583.2542329216,Debit,ATM,23,Unknown,Sittwe
1243,2896572.6435714285,1145187.4281920295,Debit,POS,22,Unknown,Mandalay
1244,2426040.47,1522275.03439594,Credit,POS,9,Unknown,Bago
1246,2604983.6793750003,1341035.6386255464,Credit,Branch,6,Unknown,Yangon
1247,2512387.5465,1426393.90855143,Credit,Online,9,Unknown,Yangon
1248,2718255.8996774196,1327810.8012403285,Debit,Branch,11,Unknown,Yangon
1250,2600146.3704999997,1462607.7477652277,Credit,Branch,12,Unknown,Yangon
1251,2674314.6704761903,1455260.463915309,Debit,Online,1,Unknown,Yangon
1252,2083144.9038095237,1420261.5758669644,Debit,ATM,9,Unknown,Yangon
1254,2795833.799375,1299873.3327328977,Debit,Branch,20,Unknown,Yangon
1256,2544203.700588235,1410890.292580125,Credit,POS,17,Unknown,Mandalay
1257,1893462.376842105,1457416.3537592124,Debit,POS,5,Unknown,Yangon
1258,2609435.5142857144,1538064.2323848056,Debit,Branch,1,Unknown,Yangon
1259,2390042.6705555557,1579127.2505377484,Debit,POS,13,Unknown,Yangon
1260,2747243.32,1467867.8309644822,Debit,ATM,0,Unknown,Yangon
1261,2813247.149090909,1460578.3027886185,Credit,POS,4,Unknown,Yangon
1264,2673615.5928571424,1381631.0811318427,Debit,POS,0,Unknown,Yangon
1265,3308565.2935714284,1328593.9585060438,Debit,ATM,15,Unknown,Monywa
1268,2387254.9095652173,1506901.556445452,Debit,ATM,21,Unknown,Yangon
1269,2514697.6774999998,1239521.322569308,Debit,Branch,9,Unknown,Yangon
1270,3007800.3400000003,1461770.0604242564,Debit,POS,5,Unknown,Naypyidaw
1273,2749662.216842105,1343462.7145829403,Debit,Branch,21,Unknown,Yangon
1275,2120553.9744,1527845.326393166,Debit,ATM,19,Unknown,Mandalay
1277,2271647.176923077,1399485.6080656333,Debit,Online,17,Unknown,Yangon
1278,2459010.0566666666,1541526.6370507684,Debit,Branch,22,Unknown,Yangon
1279,1770363.9915384615,1157613.1169877897,Debit,Online,13,Unknown,Mandalay
1280,2596568.469230769,1489364.7695693234,Debit,ATM,16,Unknown,Yangon
1281,2376538.941904762,1640905.5100967844,Debit,ATM,18,Unknown,Yangon
1282,2451369.0568181816,1615389.287284882,Debit,POS,3,Unknown,Yangon
1283,2136228.1326086954,1483663.2368593097,Debit,Online,3,Unknown,Yangon
1284,2766853.086470588,1516297.5699224726,Debit,POS,14,Unknown,Myitkyina
1285,2949092.903809524,1398223.0097443156,Debit,ATM,11,Unknown,Yangon
1286,2436515.6472222223,1449190.1732627288,Debit,ATM,16,Unknown,Yangon
1287,2792106.207368421,1267045.851543791,Debit,ATM,1,Unknown,Yangon
1288,2264849.038695652,1370832.489866428,Debit,Online,22,Unknown,Yangon
1290,2222108.578333333,1586073.9160200418,Debit,Branch,18,Unknown,Yangon
1291,2527544.392608695,1463553.7030386727,Credit,Branch,1,Unknown,Yangon
1293,3058911.151818182,1504058.9417148465,Debit,ATM,9,Unknown,Yangon
1294,2125433.6729166666,1411373.6507804529,Debit,ATM,17,Unknown,Yangon
1295,2788510.3168421052,1136948.488382548,Credit,ATM,19,Unknown,Yangon
1297,2878454.240625,1511882.4756466162,Credit,Online,6,Unknown,Myitkyina
1298,2484100.3516666666,1525996.5664273489,Debit,Branch,3,Unknown,Yangon
1299,2532087.022777778,1627741.1114363319,Debit,ATM,19,Unknown,Yangon
1300,1993982.7046666667,1080489.4757032874,Debit,POS,17,Unknown,Pathein
1301,2836153.2555555557,1419023.2409950886,Debit,Online,2,Unknown,Yangon
1302,2097123.5964285713,1374882.7729150632,Credit,Branch,1,Unknown,Yangon
1303,2682954.322631579,1695511.7647757542,Debit,POS,6,Unknown,Yangon
1304,2664850.5395454546,1481238.6260427698,Debit,Online,3,Unknown,Mandalay
1305,2995851.7345454544,1504967.7326193827,Debit,POS,2,Unknown,Yangon
1307,2222825.6393333334,1463344.992551509,Debit,Branch,21,Unknown,Yangon
1309,2336592.5938095236,1369113.003865044,Debit,ATM,20,Unknown,Yangon
1311,2401859.757368421,1405309.724547865,Debit,POS,4,Unknown,Yangon
1312,2458264.209285714,1619093.7054278292,Debit,Branch,0,Unknown,Yangon
1313,2117390.668,1330373.0021947722,Debit,POS,9,Unknown,Yangon
1314,2615382.1706250003,1546769.9462560564,Credit,Online,7,Unknown,Yangon
1316,2438256.6366666667,1581209.6132352198,Debit,Branch,0,Unknown,Myitkyina
1317,2027863.516923077,1705555.3062001436,Credit,Online,0,Unknown,Mandalay
1318,2476545.1183333336,1430957.071604211,Debit,Branch,7,Unknown,Yangon
1320,2327108.3715,1136076.7976506231,Credit,POS,22,Unknown,Yangon
1322,2558450.871904762,1431334.2014626653,Debit,Branch,4,Unknown,Yangon
1323,2297183.357894737,1328455.6683807266,Debit,Branch,11,Unknown,Yangon
1324,2154912.262142857,1439786.9796624244,Debit,ATM,17,Unknown,Yangon
1325,3076680.8868421055,1106515.9908712837,Credit,Online,0,Unknown,Yangon
1327,2769930.3204166666,1339753.2295517642,Credit,Branch,7,Unknown,Yangon
1328,2716798.96,1521496.5357764636,Debit,ATM,1,Unknown,Yangon
1329,2749216.5689999997,1352367.3483897892,Debit,ATM,1,Unknown,Yangon
1332,2100650.651176471,1403266.0581228295,Debit,POS,21,Unknown,Yangon
1333,2677260.403478261,1601755.8272590085,Debit,POS,16,Unknown,Yangon
1334,1773920.653157895,1577324.9890979677,Debit,POS,10,Unknown,Yangon
1335,2109793.351363636,1322615.830801965,Debit,POS,1,Unknown,Yangon
1337,2810769.076923077,1384211.3756588188,Credit,Branch,22,Unknown,Yangon
1338,2829189.498235294,1426783.4584279717,Credit,Online,5,Unknown,Mandalay
1339,2371651.8000000003,1305750.4315359513,Debit,POS,11,Unknown,Yangon
1340,2250799.896111111,1153138.4615347271,Debit,Online,2,Unknown,Yangon
1341,2608594.4552380955,1615141.709348853,Debit,ATM,17,Unknown,Yangon
1343,2482560.1566666667,1796387.1518464028,Credit,Online,14,Unknown,Sittwe
1344,2193146.5889473683,1741256.3634564762,Debit,POS,5,Unknown,Yangon
1346,2110365.4195238096,1545255.8123006595,Debit,Online,5,Unknown,Yangon
1347,2379512.7566666664,1575051.4748662752,Credit,POS,12,Unknown,Yangon
1348,2638650.374,1349128.6157932258,Debit,Branch,5,Unknown,Yangon
1351,2494544.3608333333,1448007.3090085995,Debit,Branch,14,Unknown,Yangon
1352,2340755.1684210524,1710934.050084407,Debit,ATM,9,Unknown,Yangon
1353,2462486.9359999998,1065204.3456205523,Debit,Branch,14,Aung San Market,Yangon
1354,2459165.2625,1385656.622168426,Credit,Branch,6,Unknown,Yangon
1355,2313196.8242857144,1241585.166921692,Debit,Branch,5,Unknown,Monywa
1356,1483214.5281818183,1108464.0850396298,Debit,POS,10,Unknown,Yangon
1357,2202953.658333333,904153.5654284337,Credit,Online,20,Unknown,Yangon
1358,2290435.79,1430867.9478959786,Debit,Branch,12,Unknown,Yangon
1359,2594393.6133333333,1657111.1929734366,Credit,ATM,22,Unknown,Yangon
1360,1883842.2413333333,1612141.1841506157,Debit,ATM,3,Unknown,Yangon
1361,2454611.159375,1264754.244513056,Credit,ATM,10,Unknown,Yangon
1362,2697687.975,1336326.2979001666,Debit,ATM,5,Unknown,Yangon
1363,2924518.7805,1412890.3901892551,Credit,POS,13,Unknown,Yangon
1364,2412927.986111111,1546862.4457709393,Debit,Branch,17,Aung San Market,Yangon
1365,3197266.493571428,1010150.0216377696,Credit,Branch,4,Unknown,Mandalay
1366,2599320.7972727274,944083.2531927364,Debit,POS,18,Unknown,Yangon
1368,2075028.7785714287,1564830.0849562618,Debit,ATM,1,Unknown,Yangon
1369,2453319.570384615,1418229.8125975868,Debit,ATM,16,Unknown,Yangon
1370,2395579.917096774,1332468.6054155687,Debit,POS,17,Unknown,Yangon
1371,1922521.0961538462,1672261.6414665,Debit,Online,16,Unknown,Yangon
1373,2396538.720666667,1410622.601503543,Credit,Online,5,Unknown,Yangon
1374,1795162.0818181818,1031067.2494850666,Debit,ATM,4,Unknown,Yangon
1375,2470155.3444827585,1404601.8291154134,Debit,ATM,3,Unknown,Yangon
1376,2949286.622352941,1425500.7722761645,Debit,Online,13,Unknown,Sittwe
1378,2220806.126,1351533.4333132,Debit,ATM,19,Unknown,Mawlamyine
1379,2861762.1078571426,1465679.7538416034,Debit,ATM,4,Unknown,Yangon
1380,2615146.445,1599897.2710307373,Credit,ATM,16,Unknown,Yangon
1381,2643379.1,1651047.280161629,Debit,ATM,13,Unknown,Yangon
1382,2077117.3255555555,1541620.8215299733,Debit,POS,3,Unknown,Yangon
1384,2229537.660833333,1292840.9120112823,Debit,Branch,7,Aung San Market,Yangon
1385,2411642.99,1382139.2999526996,Debit,Online,21,Unknown,Yangon
1386,2468981.3868421055,1368170.8082102695,Debit,POS,0,Unknown,Yangon
1387,3003700.827368421,1468216.1668491815,Debit,ATM,16,Unknown,Bago
1388,1977531.4161111112,1391649.6808161035,Debit,ATM,12,Unknown,Yangon
1389,2860670.254761905,1386162.4272004408,Debit,ATM,19,Unknown,Yangon
1390,1535037.6588235293,1212117.2397437266,Debit,Branch,20,Unknown,Yangon
1391,2801581.5175,1137664.1903684349,Credit,Branch,1,Unknown,Mandalay
1392,2604265.962,1449413.8306762746,Debit,Branch,8,Unknown,Naypyidaw
1393,2800504.242272727,1611637.2135830508,Debit,Branch,13,Unknown,Yangon
1394,1969493.8135000002,1446634.6251700926,Debit,POS,14,Unknown,Yangon
1396,3450922.196666667,1316399.524798283,Credit,Branch,0,Unknown,Naypyidaw
1397,2042549.905,1505015.0466344422,Debit,Online,12,Junction Square,Yangon
1399,2855833.973125,1636327.6672775096,Credit,Branch,7,Unknown,Mandalay
1400,2539697.9313333333,1734387.6709603108,Debit,Branch,7,Unknown,Yangon
1403,2396770.817222222,1323753.6990895062,Debit,Branch,1,Unknown,Yangon
1404,2268166.1399999997,1610882.9974900652,Credit,Online,22,Unknown,Yangon
1405,2625596.688461539,1411426.1574572236,Debit,POS,9,Unknown,Yangon
1406,3006698.8539130436,1355176.2643040733,Debit,Branch,13,Unknown,Yangon
1407,1962761.4489473684,1415685.4264747375,Debit,Online,21,Unknown,Mandalay
1408,1954141.7736842106,1390289.3074433657,Debit,Branch,0,Unknown,Yangon
1409,2632872.1754545453,1445668.998907086,Debit,Branch,8,Unknown,Yangon
1411,2822986.435,1526276.4580844308,Credit,Online,15,Unknown,Mawlamyine
1412,2642029.60625,1399244.2646736728,Debit,POS,8,Unknown,Yangon
1413,2242112.350909091,1430320.928110203,Credit,Online,8,Unknown,Yangon
1414,1934657.2773684212,1272066.5010083541,Debit,ATM,16,Unknown,Yangon
1415,2256571.532857143,1197616.1083110909,Debit,Branch,0,Unknown,Yangon
1416,2886813.4726666664,1550345.7695677534,Credit,Online,3,Unknown,Bago
1417,2759988.696190476,1441433.3935355933,Debit,Branch,7,Unknown,Yangon
1419,3144049.828125,1592805.8009607214,Credit,ATM,3,Unknown,Bago
1420,2487608.25625,1516578.8354370783,Credit,POS,17,Unknown,Yangon
1422,2834673.7276470587,1679934.5808500375,Debit,POS,2,Unknown,Yangon
1423,2568464.8261904763,1139999.6778384566,Debit,POS,8,Unknown,Yangon
1424,2449454.8839130434,1498474.6140373738,Credit,ATM,0,Unknown,Yangon
1425,2219084.738,1654903.1153087835,Credit,ATM,1,Unknown,Yangon
1426,2022754.343529412,1234499.6191644566,Debit,Branch,5,Aung San Market,Yangon
1427,2783906.537142857,1406361.4004702724,Debit,ATM,2,Unknown,Yangon
1428,2471928.544117647,1363841.6286465775,Debit,ATM,2,Unknown,Yangon
1429,2348769.88,1458031.7418137777,Debit,Online,5,Unknown,Yangon
1430,2483789.5813043476,1504504.2530760795,Debit,POS,21,Unknown,Yangon
1431,3039159.492666667,1405134.3580462104,Debit,ATM,15,Junction Square,Yangon
1433,2430266.4923076923,1334159.5159127833,Debit,Branch,0,MPT Merchant,Yangon
1434,2840870.6100000003,1223423.6842712422,Debit,POS,8,Junction Square,Yangon
1435,2143753.577,1522193.3864451118,Debit,ATM,2,Unknown,Yangon
1437,2580329.1753333337,1419729.7517602271,Credit,ATM,1,Unknown,Myitkyina
1438,2441579.751923077,1416195.8652472629,Debit,POS,6,Unknown,Yangon
1439,2522166.337307692,1427347.5665125968,Debit,Branch,1,Unknown,Yangon
1441,2650408.5376,1766138.6396789753,Debit,ATM,13,Unknown,Yangon
1442,2283953.5,1425702.5340033523,Credit,POS,0,Unknown,Yangon
1444,2460067.0547058824,1484538.794576479,Credit,Online,0,Unknown,Yangon
1445,2473445.300625,1335813.6059993973,Debit,ATM,2,Unknown,Yangon
1446,2411172.6071428573,1364571.5180304225,Debit,POS,0,Unknown,Yangon
1447,2157086.4663157896,1482560.1010524076,Debit,Online,4,Unknown,Yangon
1448,2514965.61,1290859.990484034,Debit,Online,3,Unknown,Yangon
1449,2905338.601333333,1422525.7356107938,Debit,POS,11,Unknown,Yangon
1450,2468404.11875,1248099.5332979898,Debit,Branch,7,Mytel Payment,Yangon
1451,2877762.232631579,1565356.3709063749,Debit,Online,11,Online Shop MM,Yangon
1452,2107301.348181818,1625996.1872123545,Debit,Online,5,Unknown,Yangon
1453,2289201.980357143,1541283.6996308332,Debit,Online,3,Unknown,Yangon
1454,2232440.568,1437691.1564535273,Debit,POS,9,Unknown,Yangon
1455,3395995.944736842,1279857.5402128936,Debit,Branch,15,Unknown,Yangon
1456,2308342.2936363635,1341199.9496749716,Debit,ATM,22,Unknown,Yangon
1457,1879649.4669565219,1384442.3527158264,Debit,Branch,12,Unknown,Yangon
1458,2542931.187307692,1508759.4601190106,Credit,ATM,6,Unknown,Yangon
1460,2200620.729375,1381415.4204400051,Debit,Online,6,Unknown,Yangon
1461,2366206.249,1623614.0182910291,Debit,Online,17,Unknown,Naypyidaw
1462,1646894.538125,1310471.4255572364,Debit,ATM,4,Unknown,Yangon
1463,2474384.8941666665,1436412.7825385556,Debit,Branch,20,Unknown,Yangon
1465,3052055.7836842104,1699470.8583602388,Credit,ATM,9,Unknown,Bago
1467,2398366.439310345,1519096.7182755056,Debit,ATM,4,Unknown,Yangon
1468,2449721.4858333333,1423105.1625964348,Debit,Branch,8,Unknown,Yangon
1469,2923460.6872222223,1613360.6920739762,Debit,Branch,19,Unknown,Yangon
1470,2405914.123181818,1447066.2782763457,Debit,ATM,1,Unknown,Yangon
1471,2222138.6938095237,1230042.6509435081,Credit,ATM,0,Unknown,Monywa
1472,2688568.6509999996,1476897.572187945,Debit,Online,21,Unknown,Yangon
1473,2435688.9078947366,1540234.2874281462,Debit,Branch,16,Unknown,Sittwe
1475,1922586.105652174,1611083.4031888826,Credit,Online,10,Unknown,Yangon
1476,2876057.6389473686,1310501.5722749042,Debit,Online,10,Unknown,Yangon
1477,2420788.0829629633,1378687.4793702285,Debit,POS,6,Unknown,Bago
1478,2231078.5604000003,1338265.1733080065,Debit,ATM,16,Unknown,Yangon
1479,2475199.4987096773,1522390.8116031408,Debit,Branch,17,Unknown,Yangon
1480,2106890.86,1667568.7659032214,Debit,Branch,14,Unknown,Taunggyi
1481,2417804.632,1122970.4444171428,Credit,POS,1,Unknown,Yangon
1482,2077827.0075,1518116.780463412,Debit,ATM,5,Unknown,Yangon
1483,2841711.322352941,1434578.654501269,Debit,ATM,2,Unknown,Yangon
1485,2645828.715714286,1900337.8604298995,Debit,Online,2,Unknown,Pathein
1486,2543249.193103448,1568609.568788709,Debit,POS,18,Unknown,Yangon
1487,1987384.6905555555,1282566.11690293,Credit,Branch,5,Unknown,Yangon
1489,2519947.4040909093,1465258.5788354655,Debit,ATM,7,Myanmar Plaza,Yangon
1490,2819880.515,1407257.119216067,Debit,Online,6,Unknown,Bago
1491,1958043.086666667,1238367.5405230455,Debit,Branch,0,Unknown,Yangon
1492,2125376.6862068963,1559992.593084532,Credit,ATM,4,Unknown,Yangon
1493,2832067.8546153847,1568796.129893475,Debit,Branch,11,Mytel Payment,Yangon
1494,2414233.4769565216,1331733.7329031688,Credit,ATM,2,Unknown,Yangon
1496,2490100.3786363634,1410518.9899828823,Debit,ATM,14,Unknown,Yangon
1498,2283547.2738461536,1188823.0751678937,Credit,Branch,4,Unknown,Yangon
1499,2684279.5455,1333498.782304678,Credit,ATM,5,Unknown,Monywa
1500,2406660.7394444444,1401240.1451949321,Credit,Branch,5,Unknown,Myitkyina
1501,2485307.0488,1561404.775518626,Debit,ATM,13,Unknown,Yangon
1502,1827912.9013333332,911578.9548877322,Debit,ATM,7,Unknown,Yangon
1503,2572777.7275,1391672.3554706164,Debit,POS,15,Unknown,Yangon
1504,2751714.91,1328376.7287194715,Credit,POS,12,Unknown,Yangon
1505,2242611.1112,1293985.6028021076,Debit,POS,1,Unknown,Yangon
1506,2657262.9245454543,1423120.0916771372,Debit,POS,8,Unknown,Taunggyi
1508,2786833.8483333336,1810994.295538844,Debit,ATM,17,Unknown,Yangon
1509,3031041.322608696,1610954.3540816952,Debit,Online,1,Unknown,Yangon
1510,2513904.723157895,1076622.5635043397,Debit,ATM,5,Unknown,Yangon
1511,2709937.989090909,1524020.1104562127,Debit,ATM,5,Unknown,Yangon
1512,2319553.5570588233,1318297.780785494,Debit,ATM,4,Unknown,Yangon
1513,2306397.7993103447,1595364.024067827,Debit,Online,4,Unknown,Yangon
1514,2586170.8054166664,1410807.341471764,Debit,POS,0,Unknown,Yangon
1515,2192277.137142857,1383499.0931568283,Debit,Branch,19,Unknown,Yangon
1516,2405386.3855555556,1514621.1451523558,Debit,Online,9,Unknown,Yangon
